"crash_unit_id","crash_record_id","crash_date","unit_no","unit_type","num_passengers","vehicle_id","cmrc_veh_i","make","model","lic_plate_state","vehicle_year","vehicle_defect","vehicle_type","vehicle_use","travel_direction","maneuver","towed_i","fire_i","occupant_cnt","exceed_speed_limit_i","towed_by","towed_to","area_00_i","area_01_i","area_02_i","area_03_i","area_04_i","area_05_i","area_06_i","area_07_i","area_08_i","area_09_i","area_10_i","area_11_i","area_12_i","area_99_i","first_contact_point","cmv_id","usdot_no","ccmc_no","ilcc_no","commercial_src","gvwr","carrier_name","carrier_state","carrier_city","hazmat_placards_i","hazmat_name","un_no","hazmat_present_i","hazmat_report_i","hazmat_report_no","mcs_report_i","mcs_report_no","hazmat_vio_cause_crash_i","mcs_vio_cause_crash_i","idot_permit_no","wide_load_i","trailer1_width","trailer2_width","trailer1_length","trailer2_length","total_vehicle_length","axle_cnt","vehicle_config","cargo_body_type","load_type","hazmat_out_of_service_i","mcs_out_of_service_i","hazmat_class"
"2066441","9cc49afa0d73f68401f6e4bf89e60c85c689a48fa7bd90a7bea936f8a98801b186c449203c222f9ba44a9b4e811a331417ac39c492dcad2c3f3f47ae0ce069a5","2025-05-19T17:07:00.000","2","DRIVER",,"1969850",,"JEEP","CHEROKEE","IL","2016","NONE","PASSENGER","PERSONAL","S","SLOW/STOP IN TRAFFIC",,,"1",,,,,,,,,,"Y",,,,,,,,"REAR",,,,,,,,,,,,,,,,,,,,,,,,,,,,,,,,,
"2066512","00c92f4d80c1246bbe3f5e4a62323b8accdeba868833f2a02fe5f8bcdb6d5f4f50cfc1c0e68553b09475dd61d248e5ac1e71d1997ea12d6679efe9f2d24b9aa1","2025-05-19T17:00:00.000","1","DRIVER",,"1969912",,"HYUNDAI","ELANTRA","IL","2012","NONE","PASSENGER","PERSONAL","E","STRAIGHT AHEAD",,,"1",,,,,,,,,,,,,,,,,"Y","FRONT",,,,,,,,,,,,,,,,,,,,,,,,,,,,,,,,,
"2066513","00c92f4d80c1246bbe3f5e4a62323b8accdeba868833f2a02fe5f8bcdb6d5f4f50cfc1c0e68553b09475dd61d248e5ac1e71d1997ea12d6679efe9f2d24b9aa1","2025-05-19T17:00:00.000","2","DRIVER",,"1969923",,"HONDA","CIVIC","IL","2025","NONE","OTHER","PERSONAL","E","STRAIGHT AHEAD",,,"1",,,,,,,,,,"Y",,,,,,,,"REAR",,,,,,,,,,,,,,,,,,,,,,,,,,,,,,,,,
"2066419","6c5bb1239a53b82762111880ae5ca6ebb554c9648f0116a43b4d7682d2273e4969dc2d7495590da36a2c015529c14562d330d563a6f193d37e05b01f671abd82","2025-05-19T17:00:00.000","1","DRIVER",,"1969822",,"NISSAN","ALTIMA",,,"UNKNOWN","PASSENGER","PERSONAL","W","STRAIGHT AHEAD",,,"1",,,,,,,,,,,,,,,,,,"SIDE-RIGHT",,,,,,,,,,,,,,,,,,,,,,,,,,,,,,,,,
"2066420","6c5bb1239a53b82762111880ae5ca6ebb554c9648f0116a43b4d7682d2273e4969dc2d7495590da36a2c015529c14562d330d563a6f193d37e05b01f671abd82","2025-05-19T17:00:00.000","2","DRIVER",,"1969826",,"(HOMEMADE TRAILER)","(HOMEMADE TRAILER)",,,"UNKNOWN","OTHER","OTHER","W","STRAIGHT AHEAD",,,"1",,,,,,,,,,,,,,,,,,"REAR",,,,,,,,,,,,,,,,,,,,,,,,,,,,,,,,,
"2066452","af2163ef3c3fe239516fb715bb139c0651272a83c65a5e11df6537cc60ecd2cbaad8264c4decaa41e8e11ab9442a6dba7370e0cea1811a13d5029c5e7850daae","2025-05-19T17:00:00.000","1","DRIVER",,"1969865",,"NISSAN","ALTIMA","IL","2021","UNKNOWN","PASSENGER","PERSONAL","S","STRAIGHT AHEAD",,,"1",,,,,"Y","Y",,,,,,,,,,,,"FRONT-RIGHT-CORNER",,,,,,,,,,,,,,,,,,,,,,,,,,,,,,,,,
"2066453","af2163ef3c3fe239516fb715bb139c0651272a83c65a5e11df6537cc60ecd2cbaad8264c4decaa41e8e11ab9442a6dba7370e0cea1811a13d5029c5e7850daae","2025-05-19T17:00:00.000","2","DRIVER",,"1969884",,"AUDI","A6","IN","2013","UNKNOWN","PASSENGER","PERSONAL","S","STRAIGHT AHEAD",,,"1",,,,,,,,,,,"Y","Y",,,,,,"REAR-LEFT-CORNER",,,,,,,,,,,,,,,,,,,,,,,,,,,,,,,,,
"2066496","d383f1346ba911186f0bf0ec0bdf0f5a3278251fab43229c4fd2952026189f1268dd8fcec26167b4aa1b29aac6c04e8cb8d1d530137a19a45e9bde1c7d18f367","2025-05-19T17:00:00.000","1","DRIVER",,"1969904",,"MAZDA","CX-5","IL","2021","UNKNOWN","PASSENGER","PERSONAL","N","STRAIGHT AHEAD",,,"1",,,,,"Y","Y",,,,,,,,,,,,"FRONT-RIGHT-CORNER",,,,,,,,,,,,,,,,,,,,,,,,,,,,,,,,,
"2066497","d383f1346ba911186f0bf0ec0bdf0f5a3278251fab43229c4fd2952026189f1268dd8fcec26167b4aa1b29aac6c04e8cb8d1d530137a19a45e9bde1c7d18f367","2025-05-19T17:00:00.000","2","DRIVER",,"1969916",,"HYUNDAI","ELANTRA","IL","2017","NONE","PASSENGER","PERSONAL","N","SLOW/STOP IN TRAFFIC",,,"1",,,,,,,,,,,"Y","Y",,,,,,"REAR-LEFT-CORNER",,,,,,,,,,,,,,,,,,,,,,,,,,,,,,,,,
"2066442","b1ef8c11e9e13f20179d90e2712ba876cc622087426f46ae70ff99a65dca1890474fbb74edbc8be8526925385030c4fb1c44227f3b8d38ee0ea652ea60a38de2","2025-05-19T16:45:00.000","1","DRIVER","1","1969857",,"LINCOLN","MKX","IL",,"UNKNOWN","SPORT UTILITY VEHICLE (SUV)","UNKNOWN/NA","N","STRAIGHT AHEAD","Y",,"2",,"PRIVATE TOW",,,,,,,,,,,,,,,,"FRONT",,,,,,,,,,,,,,,,,,,,,,,,,,,,,,,,,
"2066443","b1ef8c11e9e13f20179d90e2712ba876cc622087426f46ae70ff99a65dca1890474fbb74edbc8be8526925385030c4fb1c44227f3b8d38ee0ea652ea60a38de2","2025-05-19T16:45:00.000","2","DRIVER",,"1969854",,"LEXUS","ES","MN","2022","UNKNOWN","PASSENGER","UNKNOWN/NA","N","STRAIGHT AHEAD",,,"1",,,,,,,,,,,,,,,,,,"REAR",,,,,,,,,,,,,,,,,,,,,,,,,,,,,,,,,
"2066429","036ad309e2f0084a5e24dc7e73440a2ae59ccd680a399c5b0a955f657063133cfbee1ee31ca056661230eaa0243ca0da437165eba8ba838b0d1694939a920cdb","2025-05-19T16:35:00.000","1","DRIVER",,"1969839",,"ALFA ROMEO","STELVIO","IL","2020","NONE","PASSENGER","UNKNOWN/NA","E","STRAIGHT AHEAD",,,"1",,,,,,,,,,,,,,,,,"Y","UNKNOWN",,,,,,,,,,,,,,,,,,,,,,,,,,,,,,,,,
"2066430","036ad309e2f0084a5e24dc7e73440a2ae59ccd680a399c5b0a955f657063133cfbee1ee31ca056661230eaa0243ca0da437165eba8ba838b0d1694939a920cdb","2025-05-19T16:35:00.000","2","DRIVER",,"1969843",,"TOYOTA","PRIUS","IL","2016","NONE","PASSENGER","PERSONAL","E","STRAIGHT AHEAD",,,"1",,,,,,,,,,,"Y",,,,,,,"REAR-LEFT-CORNER",,,,,,,,,,,,,,,,,,,,,,,,,,,,,,,,,
"2066411","2c57d6163e9ddce1f15e82ffd0c1de7c192b9b6b2be7de619ca2a4482c4ac463a1841ef7de82a02e473266069d0c23a45cde5cbcfa633898e0a41f01ad462c33","2025-05-19T16:29:00.000","1","DRIVER",,"1969823",,"TOYOTA","SIENNA","IL","2006","UNKNOWN","VAN/MINI-VAN","UNKNOWN/NA","S","STARTING IN TRAFFIC",,,"1",,,,,,,,,,,,,,,,"Y",,"FRONT-LEFT-CORNER",,,,,,,,,,,,,,,,,,,,,,,,,,,,,,,,,
"2066412","2c57d6163e9ddce1f15e82ffd0c1de7c192b9b6b2be7de619ca2a4482c4ac463a1841ef7de82a02e473266069d0c23a45cde5cbcfa633898e0a41f01ad462c33","2025-05-19T16:29:00.000","2","DRIVER",,"1969837",,"VOLKSWAGEN","TIGUAN","IL","2017","UNKNOWN","PASSENGER","PERSONAL","S","STRAIGHT AHEAD",,,"1",,,,,,,,,"Y","Y",,,,,,,,"REAR-RIGHT-CORNER",,,,,,,,,,,,,,,,,,,,,,,,,,,,,,,,,
"2066413","c5afecc2268aeedf48ccfcd33abe9bc7b8dcb8d3485872fd1004de4a2520237b4345509927ef21be42b3b6fbea07c4a36ed6bebf66459b820616f0487f929d58","2025-05-19T16:20:00.000","1","DRIVER",,"1969821",,"SATURN","LS SERIES (LS / LS1 / LS2)","IL","2000","UNKNOWN","UNKNOWN/NA","UNKNOWN/NA","SW","TURNING LEFT",,,"1",,,,"N",,,,,,,,,,,,,"Y","FRONT-RIGHT-CORNER",,,,,,,,,,,,,,,,,,,,,,,,,,,,,,,,,
"2066414","c5afecc2268aeedf48ccfcd33abe9bc7b8dcb8d3485872fd1004de4a2520237b4345509927ef21be42b3b6fbea07c4a36ed6bebf66459b820616f0487f929d58","2025-05-19T16:20:00.000","2","DRIVER",,"1969827",,"KIA","SOUL","IL","2015","NONE","PASSENGER","PERSONAL","N","SLOW/STOP IN TRAFFIC",,,"1",,,,"Y",,,,,,,,,,,,,,"REAR-LEFT-CORNER",,,,,,,,,,,,,,,,,,,,,,,,,,,,,,,,,
"2066450","e4ff29e5341d9091b42519aa97e2ec1e271212cf7070fa86d35ed2fd26999b6559ce1805700c9417f00102a943c7663dc6932951ac9000f25430d1fb81e339db","2025-05-19T16:20:00.000","1","DRIVER",,"1969861",,"HONDA","PILOT","IL","2016","NONE","PASSENGER","PERSONAL","W","BACKING",,,"1",,,,,,,,,,,,,,,,,,"REAR",,,,,,,,,,,,,,,,,,,,,,,,,,,,,,,,,
"2066451","e4ff29e5341d9091b42519aa97e2ec1e271212cf7070fa86d35ed2fd26999b6559ce1805700c9417f00102a943c7663dc6932951ac9000f25430d1fb81e339db","2025-05-19T16:20:00.000","2","PARKED",,"1969867",,"TOYOTA","PRIUS","IL","2007","NONE","PASSENGER","PERSONAL","W","PARKED",,,"0",,,,,,,,,,,,,,,,,,"FRONT",,,,,,,,,,,,,,,,,,,,,,,,,,,,,,,,,
"2066374","306317c6432e615bebab9b182cee025feac305d7ca78b543c705bb14400cd350dee4f49e92804592acb8da93b4816e5589a0988b4e1dea0734641d7e4e957c19","2025-05-19T16:17:00.000","1","DRIVER","1","1969794",,"NISSAN","SENTRA","IL","2017","NONE","PASSENGER","PERSONAL","W","CHANGING LANES",,,"2",,,,,"Y","Y","Y","Y",,,,,,,,,,"FRONT-RIGHT-CORNER",,,,,,,,,,,,,,,,,,,,,,,,,,,,,,,,,
"2066375","306317c6432e615bebab9b182cee025feac305d7ca78b543c705bb14400cd350dee4f49e92804592acb8da93b4816e5589a0988b4e1dea0734641d7e4e957c19","2025-05-19T16:17:00.000","2","DRIVER",,"1969804",,"CHEVROLET","EQUINOX","IL","2020","NONE","SPORT UTILITY VEHICLE (SUV)","PERSONAL","W","TURNING RIGHT",,,"1",,,,,,,,,,,,,,"Y","Y",,,"FRONT-LEFT-CORNER",,,,,,,,,,,,,,,,,,,,,,,,,,,,,,,,,
"2066607","051820805c9f59f3a8166084008f6d52192bb56e67e382ef222d74c18c93723b68a039beaf653a9cb3590c4175960a2085d518b03eab44c1952bc17360115d30","2025-05-19T16:15:00.000","1","DRIVER",,"1970013",,"UNKNOWN","OTHER (EXPLAIN IN NARRATIVE)","IL",,"UNKNOWN","UNKNOWN/NA","UNKNOWN/NA","UNKNOWN","UNKNOWN/NA",,,"1",,,,,,,,,,,,,,,,,,"UNKNOWN",,,,,,,,,,,,,,,,,,,,,,,,,,,,,,,,,
"2066608","051820805c9f59f3a8166084008f6d52192bb56e67e382ef222d74c18c93723b68a039beaf653a9cb3590c4175960a2085d518b03eab44c1952bc17360115d30","2025-05-19T16:15:00.000","2","DRIVER",,"1970016",,"FORD","FOCUS","IL","2012","UNKNOWN","PASSENGER","PERSONAL","UNKNOWN","UNKNOWN/NA","Y",,"1",,"PRIVATE TOW","UNKNOWN",,"Y","Y","Y",,,,,,,,"Y","Y",,"UNKNOWN",,,,,,,,,,,,,,,,,,,,,,,,,,,,,,,,,
"2066444","d4137cd95e92a07b4688b79655d148efe79de2ea7706e138fc9cbae45ecce3b336eb6e7022b30074543479956872962202621686d09091438580df758e5a10ed","2025-05-19T16:15:00.000","1","DRIVER",,"1969869",,"TOYOTA","RAV4","IL","2022","NONE","PASSENGER","PERSONAL","N","TURNING LEFT",,,"1",,,,,"Y","Y",,,,,,,,,,,,"FRONT-RIGHT-CORNER",,,,,,,,,,,,,,,,,,,,,,,,,,,,,,,,,
"2066445","d4137cd95e92a07b4688b79655d148efe79de2ea7706e138fc9cbae45ecce3b336eb6e7022b30074543479956872962202621686d09091438580df758e5a10ed","2025-05-19T16:15:00.000","2","DRIVER","1","1969875",,"HONDA","ACCORD","IL","2021","NONE","PASSENGER","PERSONAL","N","TURNING LEFT",,,"2",,,,,,,,,,,,,,"Y","Y",,,"FRONT-LEFT-CORNER",,,,,,,,,,,,,,,,,,,,,,,,,,,,,,,,,
"2066508","15435964ed75bf5b96dd60e7894f65d64f58794194beba593a4da9afbb63d0d377f6b06a17b1124923d791a75f8757d3190bd95bff236d4e04d7161b49cfa466","2025-05-19T16:10:00.000","1","DRIVER","4","1969917",,"CHEVROLET","TRAVERSE","IL","2014","UNKNOWN","PASSENGER","PERSONAL","S","TURNING LEFT","Y",,"5",,,,,"N",,,,,,,,,"Y","Y","Y",,"SIDE-LEFT-FRONT",,,,,,,,,,,,,,,,,,,,,,,,,,,,,,,,,
"2066509","15435964ed75bf5b96dd60e7894f65d64f58794194beba593a4da9afbb63d0d377f6b06a17b1124923d791a75f8757d3190bd95bff236d4e04d7161b49cfa466","2025-05-19T16:10:00.000","2","DRIVER","1","1969938",,"TESLA","MODEL 3","IL","2024","UNKNOWN","PASSENGER","PERSONAL","N","STRAIGHT AHEAD","Y",,"2",,,"POUND #2",,"Y",,,,,,,,,,"N","Y",,"FRONT-RIGHT-CORNER",,,,,,,,,,,,,,,,,,,,,,,,,,,,,,,,,
"2066378","c9b5ca2578857ba0e8850adb5804cbd0e484ad62a514154caf2f5fd7c37547c2500c3f183228990603332f48f5421b52efcb48631e19bac0eb46b0e8ad4326ce","2025-05-19T16:05:00.000","1","DRIVER",,"1969791",,"HYUNDAI","SANTA FE","IL","2012","UNKNOWN","PASSENGER","UNKNOWN/NA","S","TURNING LEFT",,,"1",,,,,"Y",,,,,,,,,,,,,"FRONT-RIGHT-CORNER",,,,,,,,,,,,,,,,,,,,,,,,,,,,,,,,,
"2066379","c9b5ca2578857ba0e8850adb5804cbd0e484ad62a514154caf2f5fd7c37547c2500c3f183228990603332f48f5421b52efcb48631e19bac0eb46b0e8ad4326ce","2025-05-19T16:05:00.000","2","DRIVER",,"1969802",,"MERCEDES-BENZ","OTHER (EXPLAIN IN NARRATIVE)","IL","2020","UNKNOWN","PASSENGER","UNKNOWN/NA","E","STRAIGHT AHEAD",,,"1",,,,,,,,,,,,,,"Y","Y",,,"FRONT-LEFT-CORNER",,,,,,,,,,,,,,,,,,,,,,,,,,,,,,,,,
"2066391","a389363bb9e8a15e66ac7290ac40033e1f65dacf0bc2e4836ddb8102468bbe9f4f4fb9c0898788902cd7b466e90f60758d336e068074ca432cc351b0ed2e9102","2025-05-19T16:00:00.000","1","DRIVER",,"1969801",,"KIA","STINGER",,,"UNKNOWN","PASSENGER","UNKNOWN/NA","S","MERGING",,,"1",,,,,,,,,,,,,,,,,"Y","SIDE-RIGHT-FRONT",,,,,,,,,,,,,,,,,,,,,,,,,,,,,,,,,
"2066392","a389363bb9e8a15e66ac7290ac40033e1f65dacf0bc2e4836ddb8102468bbe9f4f4fb9c0898788902cd7b466e90f60758d336e068074ca432cc351b0ed2e9102","2025-05-19T16:00:00.000","2","DRIVER","1","1969818",,"TOYOTA","CAMRY","IL","2017","NONE","PASSENGER","PERSONAL","S","STRAIGHT AHEAD",,,"2",,,,,,,,,,,"Y",,,,,,,"SIDE-LEFT-REAR",,,,,,,,,,,,,,,,,,,,,,,,,,,,,,,,,
"2066464","b0df674ac4554864568a4e128cbf7100cc26b65d8d6bb761c2a3a0172dd2ff2001d2a6dc5b55a031f75791018848531d8f1444ca8e27067b8acb59a4e5f49509","2025-05-19T16:00:00.000","1","DRIVER",,"1969877",,"UNKNOWN","OTHER (EXPLAIN IN NARRATIVE)",,,"OTHER","SPORT UTILITY VEHICLE (SUV)","UNKNOWN/NA","S","STRAIGHT AHEAD",,,"1",,,,,,,,,,,,,,,,,"Y","SIDE-LEFT",,,,,,,,,,,,,,,,,,,,,,,,,,,,,,,,,
"2066465","b0df674ac4554864568a4e128cbf7100cc26b65d8d6bb761c2a3a0172dd2ff2001d2a6dc5b55a031f75791018848531d8f1444ca8e27067b8acb59a4e5f49509","2025-05-19T16:00:00.000","2","DRIVER",,"1969887",,"FORD","ESCAPE","IL","2017","UNKNOWN","SPORT UTILITY VEHICLE (SUV)","PERSONAL","S","STRAIGHT AHEAD",,,"1",,,,,,"Y","Y","Y","Y",,,,,,,,,"SIDE-RIGHT",,,,,,,,,,,,,,,,,,,,,,,,,,,,,,,,,
"2066579","d1e033b6d77ce652cfc8077b795c86e617a57c2b2f81c521ab4416924656a1ef2c468abbb00165b615cb1723772b48fdc1874562ed1e07fea56e472a655dc7c8","2025-05-19T16:00:00.000","1","DRIVER",,"1969987",,"BMW","530I","IL","2024","NONE","PASSENGER","PERSONAL","N","STRAIGHT AHEAD",,,"1",,,,,"Y",,,,,,,,,"Y","Y","Y",,"FRONT",,,,,,,,,,,,,,,,,,,,,,,,,,,,,,,,,
"2066580","d1e033b6d77ce652cfc8077b795c86e617a57c2b2f81c521ab4416924656a1ef2c468abbb00165b615cb1723772b48fdc1874562ed1e07fea56e472a655dc7c8","2025-05-19T16:00:00.000","2","DRIVER",,"1969991",,"JEEP","COMPASS","IL","2015","NONE","SPORT UTILITY VEHICLE (SUV)","PERSONAL","W","STRAIGHT AHEAD","Y",,"1",,"private co","private company",,,,,,,,,"Y","Y","Y","Y","Y",,"FRONT-LEFT-CORNER",,,,,,,,,,,,,,,,,,,,,,,,,,,,,,,,,
"2066322","d96aaccffbb57bb051cd22b6e4139d09bdcd541dda8f12228dd4d6a409024e47548ff3e56b724163a710dd81e618a84ac6e6f1bdc3165a011680dca19036a3a4","2025-05-19T16:00:00.000","1","DRIVER",,"1969741",,"LEXUS","RX330","IL","2004","NONE","PASSENGER","PERSONAL","N","STRAIGHT AHEAD",,,"1",,,,,,,,,,,,,,,,"Y",,"FRONT",,,,,,,,,,,,,,,,,,,,,,,,,,,,,,,,,
"2066323","d96aaccffbb57bb051cd22b6e4139d09bdcd541dda8f12228dd4d6a409024e47548ff3e56b724163a710dd81e618a84ac6e6f1bdc3165a011680dca19036a3a4","2025-05-19T16:00:00.000","2","DRIVER",,"1969746",,"GENERAL MOTORS CORPORATION (GMC)","SIERRA","IL","2014","NONE","PASSENGER","PERSONAL","N","SLOW/STOP IN TRAFFIC",,,"1",,,,,,,,,,"Y",,,,,,,,"REAR",,,,,,,,,,,,,,,,,,,,,,,,,,,,,,,,,
"2066394","2f47efe7f7eb4e7e03e05434ec81d23a5fbb76b2e927d14388334abb9d0b8825c1b52bdb069cc7b4c459198e28f2f1901c5e22a5a45b5612e9495ccd4abe02ad","2025-05-19T15:55:00.000","1","DRIVER",,"1969800",,"CHEVROLET","BLAZER","IL","2021","NONE","PASSENGER","PERSONAL","S","STRAIGHT AHEAD",,,"1",,,,,"Y","Y","Y","Y","Y",,,,,,,,,"SIDE-RIGHT",,,,,,,,,,,,,,,,,,,,,,,,,,,,,,,,,
"2066395","2f47efe7f7eb4e7e03e05434ec81d23a5fbb76b2e927d14388334abb9d0b8825c1b52bdb069cc7b4c459198e28f2f1901c5e22a5a45b5612e9495ccd4abe02ad","2025-05-19T15:55:00.000","2","DRIVER",,"1969810",,"FORD","EXPLORER",,"2011","NONE","PASSENGER","PERSONAL","S","STRAIGHT AHEAD",,,"1",,,,,,,,,,,"Y","Y","Y","Y","Y",,,"SIDE-LEFT",,,,,,,,,,,,,,,,,,,,,,,,,,,,,,,,,
"2066365","8c937f9ae23e1c4d51fbb382dd59dbc09b0629a32e69c5f764bfbb0f07cd277b208df794da2f6bd92e881e40ad24b5067ece52f7071b158256365162c903b066","2025-05-19T15:53:00.000","1","DRIVER","1","1969781",,"TOYOTA","CAMRY","IL","2013","NONE","PASSENGER","PERSONAL","N","STRAIGHT AHEAD",,,"2",,,,,,,,"Y","Y",,,,,,,,,"SIDE-RIGHT-REAR",,,,,,,,,,,,,,,,,,,,,,,,,,,,,,,,,
"2066366","8c937f9ae23e1c4d51fbb382dd59dbc09b0629a32e69c5f764bfbb0f07cd277b208df794da2f6bd92e881e40ad24b5067ece52f7071b158256365162c903b066","2025-05-19T15:53:00.000","2","DRIVER",,"1969803","Y","PETERBILT MOTORS COMPANY (DIVISION OF PACCAR, INC.)","PETERBILT MOTORS CO., DIVISION PACCAR, INC.","TN","2025","NONE","TRACTOR W/ SEMI-TRAILER","OTHER","E","OTHER",,,"1",,,,"Y",,,,,,,,,,,,,,"NONE","21460",,,,"DRIVER","3","DREAMLINER TRANSPORTATION SERVICES","TN","WHITE CREEK",,,,"N","N",,"U",,"N","N",,,,,,,,,,,,"N","N",
"2066367","2ad5fcf794b0a85f44cd8c400ef42773804258bb1dd3a3ae587ad4e8f90386e5560a2bfb993837877d7c17ea757cdb7cfc234dda190a55551aa8f9658404205a","2025-05-19T15:50:00.000","1","DRIVER",,"1969776",,"SATURN","OUTLOOK","IL","2008","UNKNOWN","PASSENGER","UNKNOWN/NA","E","BACKING",,,"1",,,,,,,,,,,"Y",,,,,,,"REAR-LEFT-CORNER",,,,,,,,,,,,,,,,,,,,,,,,,,,,,,,,,
"2066368","2ad5fcf794b0a85f44cd8c400ef42773804258bb1dd3a3ae587ad4e8f90386e5560a2bfb993837877d7c17ea757cdb7cfc234dda190a55551aa8f9658404205a","2025-05-19T15:50:00.000","2","DRIVER",,"1969785",,"MAZDA","MAZDA6","IL","2014","UNKNOWN","PASSENGER","PERSONAL","W","STRAIGHT AHEAD",,,"1",,,,,,,,,"Y",,,,,,,,,"REAR-RIGHT-CORNER",,,,,,,,,,,,,,,,,,,,,,,,,,,,,,,,,
"2066320","b6e7df350f8fd354f8643727651c9133ba776bf80f7c9a6138f74b2e5ae7af1579bbcc6187d5eedd2ae79bf76f016818f42e62f9cf042022f2a636812c09eb79","2025-05-19T15:50:00.000","1","DRIVER",,"1969759",,"FORD","F150","IL","2018","UNKNOWN","PICKUP","PERSONAL","N","STRAIGHT AHEAD",,,"1",,,,,,,,,,,,,,,,"Y",,"FRONT",,,,,,,,,,,,,,,,,,,,,,,,,,,,,,,,,
"2066321","b6e7df350f8fd354f8643727651c9133ba776bf80f7c9a6138f74b2e5ae7af1579bbcc6187d5eedd2ae79bf76f016818f42e62f9cf042022f2a636812c09eb79","2025-05-19T15:50:00.000","2","DRIVER","1","1969750",,"ACURA","RLX","IL","2024","UNKNOWN","SPORT UTILITY VEHICLE (SUV)","PERSONAL","N","SLOW/STOP IN TRAFFIC",,,"2",,,,,,,,,"Y","Y","Y",,,,,,,"REAR",,,,,,,,,,,,,,,,,,,,,,,,,,,,,,,,,
"2066343","dad50b0c3e103fe75a8d07ccc93a1852f8309b1ebdc242aa5c9e5f77e7c0ee081e2f94a92f593e5eeb036966c1f24f1a5f77222bb7ed6072228a51987604b8e2","2025-05-19T15:45:00.000","1","DRIVER",,"1969766",,"LEXUS","HS250H","IL","2010","NONE","PASSENGER","PERSONAL","E","STRAIGHT AHEAD",,,"1",,,,,,,,,,,,,,,,"Y",,"FRONT",,,,,,,,,,,,,,,,,,,,,,,,,,,,,,,,,
"2066344","dad50b0c3e103fe75a8d07ccc93a1852f8309b1ebdc242aa5c9e5f77e7c0ee081e2f94a92f593e5eeb036966c1f24f1a5f77222bb7ed6072228a51987604b8e2","2025-05-19T15:45:00.000","2","DRIVER","1","1969755",,"NISSAN","OTHER (EXPLAIN IN NARRATIVE)","IL","2010","NONE","PASSENGER","PERSONAL","E","SLOW/STOP IN TRAFFIC",,,"2",,,,,,,,,,,,,,,,"Y",,"FRONT",,,,,,,,,,,,,,,,,,,,,,,,,,,,,,,,,
"2066345","dad50b0c3e103fe75a8d07ccc93a1852f8309b1ebdc242aa5c9e5f77e7c0ee081e2f94a92f593e5eeb036966c1f24f1a5f77222bb7ed6072228a51987604b8e2","2025-05-19T15:45:00.000","3","DRIVER",,"1969748",,"NISSAN","CUBE","IL","2013","NONE","OTHER","PERSONAL","E","SLOW/STOP IN TRAFFIC",,,"1",,,,,,,,,,"Y",,,,,,,,"REAR",,,,,,,,,,,,,,,,,,,,,,,,,,,,,,,,,
"2066625","93c92bc475f9e3b373eb2992ca412be77e7087d05e7a0bcb222a8427654fcf21eda020e45c88461dda490e9dd064fdeb9771b74acf11a7051901b3b812b2745e","2025-05-19T15:42:00.000","1","DRIVER","1","1970031",,"JEEP","COMPASS","FL","2024","UNKNOWN","PASSENGER","UNKNOWN/NA","W","TURNING LEFT",,,"2",,,,,"Y","Y",,,,,,,,,,"Y",,"FRONT-RIGHT-CORNER",,,,,,,,,,,,,,,,,,,,,,,,,,,,,,,,,
"2066626","93c92bc475f9e3b373eb2992ca412be77e7087d05e7a0bcb222a8427654fcf21eda020e45c88461dda490e9dd064fdeb9771b74acf11a7051901b3b812b2745e","2025-05-19T15:42:00.000","2","BICYCLE",,,,,,,,,,,,,,,,,,,,,,,,,,,,,,,,,,,,,,,,,,,,,,,,,,,,,,,,,,,,,,,,,,
"2066329","26578ed82656ef84bfcc5dc0708251d88b0b70ae394703719f1f6b7e13dd68ed1e3d69e7086a4cd892cbcf08e80476f4bf88b8c5a614d0d0d5ab6afa7c1eb042","2025-05-19T15:40:00.000","1","DRIVER",,"1969783",,"CHEVROLET","CRUZE","IL","2012","UNKNOWN","PASSENGER","UNKNOWN/NA","N","SLOW/STOP IN TRAFFIC",,,"1",,,,,"Y",,,,,,,,,,,,,"FRONT-RIGHT-CORNER",,,,,,,,,,,,,,,,,,,,,,,,,,,,,,,,,
"2066330","26578ed82656ef84bfcc5dc0708251d88b0b70ae394703719f1f6b7e13dd68ed1e3d69e7086a4cd892cbcf08e80476f4bf88b8c5a614d0d0d5ab6afa7c1eb042","2025-05-19T15:40:00.000","2","DRIVER","1","1969811",,"NISSAN","ALTIMA","IL","2020","NONE","PASSENGER","PERSONAL","W","TURNING RIGHT",,,"2",,,,,,,,,,,,,,,"Y",,,"FRONT-LEFT-CORNER",,,,,,,,,,,,,,,,,,,,,,,,,,,,,,,,,
"2066363","88bd7b60f9e4ad9cb6c6588df6e9ebf22b78d5959f5bd2888cdea6ad72ecc433e26ccf7003ef93876a2fd1d6e1a503daec2fc4a9a036ee376ee32a365ea39b17","2025-05-19T15:35:00.000","1","DRIVER",,"1969773",,"CHEVROLET","MALIBU","IL","2016","NONE","PASSENGER","PERSONAL","S","PASSING/OVERTAKING",,,"1",,,,,,,"Y","Y","Y",,,,,,,,,"SIDE-RIGHT-REAR",,,,,,,,,,,,,,,,,,,,,,,,,,,,,,,,,