"crash_unit_id","crash_record_id","crash_date","unit_no","unit_type","num_passengers","vehicle_id","cmrc_veh_i","make","model","lic_plate_state","vehicle_year","vehicle_defect","vehicle_type","vehicle_use","travel_direction","maneuver","towed_i","fire_i","occupant_cnt","exceed_speed_limit_i","towed_by","towed_to","area_00_i","area_01_i","area_02_i","area_03_i","area_04_i","area_05_i","area_06_i","area_07_i","area_08_i","area_09_i","area_10_i","area_11_i","area_12_i","area_99_i","first_contact_point","cmv_id","usdot_no","ccmc_no","ilcc_no","commercial_src","gvwr","carrier_name","carrier_state","carrier_city","hazmat_placards_i","hazmat_name","un_no","hazmat_present_i","hazmat_report_i","hazmat_report_no","mcs_report_i","mcs_report_no","hazmat_vio_cause_crash_i","mcs_vio_cause_crash_i","idot_permit_no","wide_load_i","trailer1_width","trailer2_width","trailer1_length","trailer2_length","total_vehicle_length","axle_cnt","vehicle_config","cargo_body_type","load_type","hazmat_out_of_service_i","mcs_out_of_service_i","hazmat_class"
"2066154","d4fe8186768e5e68e7f4a212400c0e9a5d5143c35056e9fd284175b046953230b3ccdb97af34dd0dcc84f116dcb50a97298b51cd248df042724c29409d65b246","2025-05-19T11:00:00.000","1","DRIVER",,"1969573","N","WRIGHT INDUSTRIES, INC. - HUNTER'S DREAM","HUNTER'S DREAM (MFD. BY WRIGHT INDUSTRIES, INC.)","IL","2021","NONE","OTHER","PERSONAL","S","OTHER",,,"1",,,,,,,,,"Y",,,,,,,,,"SIDE-RIGHT-REAR",,,,,,,,,,,,,,,,,,,,,,,,,,,,,,,,,
"2066155","d4fe8186768e5e68e7f4a212400c0e9a5d5143c35056e9fd284175b046953230b3ccdb97af34dd0dcc84f116dcb50a97298b51cd248df042724c29409d65b246","2025-05-19T11:00:00.000","2","DRIVER",,"1969581",,"HONDA","ACCORD","IL","2018","NONE","PASSENGER","PERSONAL","E","STRAIGHT AHEAD",,,"1",,,,,,,,,,,,,,,"Y",,,"FRONT-LEFT-CORNER",,,,,,,,,,,,,,,,,,,,,,,,,,,,,,,,,
"2066166","2d86bf3aa1512e20152d5e4d95b918440cfa17f74912ca37431801dd7251c7f47f1a8b6c1e6a7d0d68f42632c8d0b7d990f01340615afb008555035ae039a0c8","2025-05-19T10:56:00.000","1","DRIVER",,"1969589","N","FREIGHTLINER CORPORATION","OTHER (EXPLAIN IN NARRATIVE)","IL","2018","UNKNOWN","TRACTOR W/ SEMI-TRAILER","UNKNOWN/NA","W","STRAIGHT AHEAD",,,"1",,,,,"Y",,,,,,,,,,"Y","Y",,"FRONT",,,,,,,,,,,,,,,,,,,,,,,,,,,,,,,,,
"2066167","2d86bf3aa1512e20152d5e4d95b918440cfa17f74912ca37431801dd7251c7f47f1a8b6c1e6a7d0d68f42632c8d0b7d990f01340615afb008555035ae039a0c8","2025-05-19T10:56:00.000","2","DRIVER",,"1969594",,"CHEVROLET","MALIBU","IL","2014","UNKNOWN","PASSENGER","PERSONAL","W","STRAIGHT AHEAD",,,"1",,,,,,,,,"Y","Y","Y",,,,,,,"REAR",,,,,,,,,,,,,,,,,,,,,,,,,,,,,,,,,
"2066145","9b129bca8ed8c469dc476779d55a200e6c1f8319629e12f1993b96745ff550f1124e35812f9082c7e3e0f2051828bc8287a79441d90ad1a63389753d58b7b963","2025-05-19T10:47:00.000","1","DRIVER",,"1969557",,"UNKNOWN","OTHER (EXPLAIN IN NARRATIVE)",,,"UNKNOWN","UNKNOWN/NA","UNKNOWN/NA","E","STRAIGHT AHEAD",,,"1",,,,,,,,,,,,,,,,,,"FRONT",,,,,,,,,,,,,,,,,,,,,,,,,,,,,,,,,
"2066146","9b129bca8ed8c469dc476779d55a200e6c1f8319629e12f1993b96745ff550f1124e35812f9082c7e3e0f2051828bc8287a79441d90ad1a63389753d58b7b963","2025-05-19T10:47:00.000","2","DRIVER",,"1969564",,"ACURA","RL","IL","2024","NONE","SPORT UTILITY VEHICLE (SUV)","PERSONAL","E","SLOW/STOP IN TRAFFIC",,,"1",,,,,,,,,,,,,,,,,,"REAR",,,,,,,,,,,,,,,,,,,,,,,,,,,,,,,,,
"2066186","040a927e0a9dc0258f799d1e85d7e2d9c6faade86a1d429f6c1795dabfcff5032c1647a7ed231179c139b2bce68858432c7c9033ec9fec6b3f3341b609a953c5","2025-05-19T10:45:00.000","1","DRIVER",,"1969608",,"HONDA","CR-V","IL","2009","UNKNOWN","SPORT UTILITY VEHICLE (SUV)","PERSONAL","E","OTHER","Y",,"1",,,,,"Y",,,"Y",,,,,,,"Y","Y",,"FRONT",,,,,,,,,,,,,,,,,,,,,,,,,,,,,,,,,
"2066195","484d89c3d51c98dcf3417a6052e9e381398dca5c9fc0b7583e7e268b8844331408e6248ba5957b773932ee22d75f3d363e1868da0787fc84caf95a032171d45f","2025-05-19T10:32:00.000","1","DRIVER","3","1969609",,"CHEVROLET","CRUZE","IL","2014","NONE","PASSENGER","PERSONAL","NE","TURNING LEFT",,,"4",,,,,,,,,,,,,,"Y","Y","Y",,"FRONT-LEFT-CORNER",,,,,,,,,,,,,,,,,,,,,,,,,,,,,,,,,
"2066196","484d89c3d51c98dcf3417a6052e9e381398dca5c9fc0b7583e7e268b8844331408e6248ba5957b773932ee22d75f3d363e1868da0787fc84caf95a032171d45f","2025-05-19T10:32:00.000","2","DRIVER",,"1969615",,"HYUNDAI","SANTA FE","IL","2010","NONE","SPORT UTILITY VEHICLE (SUV)","PERSONAL","S","STRAIGHT AHEAD","Y",,"1",,"OWNER","UNK",,"Y","Y",,,,,,,,,,"Y",,"FRONT-RIGHT-CORNER",,,,,,,,,,,,,,,,,,,,,,,,,,,,,,,,,
"2066209","11ab7123de1be4cf27200be5c96d31bf64622d11be9b7b2f3f5b4fdf0e71458f736b3e5efd99a5006e387a78adb56cc400302b8eaa37809407323b92f6de956a","2025-05-19T10:30:00.000","1","DRIVER",,"1969632",,"NISSAN","ALTIMA","IL",,"NONE","PASSENGER","UNKNOWN/NA","E","CHANGING LANES",,,"1",,,,,,,,,,,,,,,,,"Y","FRONT-LEFT-CORNER",,,,,,,,,,,,,,,,,,,,,,,,,,,,,,,,,
"2066210","11ab7123de1be4cf27200be5c96d31bf64622d11be9b7b2f3f5b4fdf0e71458f736b3e5efd99a5006e387a78adb56cc400302b8eaa37809407323b92f6de956a","2025-05-19T10:30:00.000","2","DRIVER",,"1969628",,"CHEVROLET","TRAX","IL","2025","NONE","SPORT UTILITY VEHICLE (SUV)","PERSONAL","E","STRAIGHT AHEAD",,,"1",,,,,"Y","Y","Y",,,,,,,,,,,"SIDE-RIGHT",,,,,,,,,,,,,,,,,,,,,,,,,,,,,,,,,
"2066134","36ad9e8d91e40020b7a98e7aefe73b924b29ff190030d56ed20a35ef90feb44762d91568dcc7ab946769cc3b8170ca5ca61d34a2cbcf7be37f612f48c546f21d","2025-05-19T10:22:00.000","1","DRIVER","1","1969556",,"SUBARU","ASCENT","IL","2020","UNKNOWN","SPORT UTILITY VEHICLE (SUV)","RIDESHARE SERVICE","S","STRAIGHT AHEAD",,,"2",,,,,"Y",,,,,,,,,,,,,"FRONT-RIGHT-CORNER",,,,,,,,,,,,,,,,,,,,,,,,,,,,,,,,,
"2066135","36ad9e8d91e40020b7a98e7aefe73b924b29ff190030d56ed20a35ef90feb44762d91568dcc7ab946769cc3b8170ca5ca61d34a2cbcf7be37f612f48c546f21d","2025-05-19T10:22:00.000","2","DRIVER","1","1969559",,"SUBARU","LEGACY","IL","2022","UNKNOWN","PASSENGER","RIDESHARE SERVICE","S","STRAIGHT AHEAD",,,"2",,,,,,,,,,,"Y",,,,,,,"REAR-LEFT-CORNER",,,,,,,,,,,,,,,,,,,,,,,,,,,,,,,,,
"2066156","083e01cea778a71c44bac20eba3530f2cd9c4815b30d237d9a1365dce08b689f27345eb85a41de44d5a6f73e1607c0d056cf1e3bf47c11e466635263ee803fa5","2025-05-19T10:15:00.000","1","DRIVER",,"1969571",,"FORD","ECONOLINE E450","AZ","2025","NONE","TRUCK - SINGLE UNIT","OTHER","UNKNOWN","PASSING/OVERTAKING",,,"1",,,,,,,,,,,,,"Y",,,,,"SIDE-LEFT",,,,,,,,,,,,,,,,,,,,,,,,,,,,,,,,,
"2066157","083e01cea778a71c44bac20eba3530f2cd9c4815b30d237d9a1365dce08b689f27345eb85a41de44d5a6f73e1607c0d056cf1e3bf47c11e466635263ee803fa5","2025-05-19T10:15:00.000","2","PARKED","1","1969575",,"FORD","EDGE","IL","2010","NONE","PASSENGER","PERSONAL","UNKNOWN","PARKED",,,"1",,,,,"Y",,,,,,,,,,,,,"FRONT-RIGHT-CORNER",,,,,,,,,,,,,,,,,,,,,,,,,,,,,,,,,
"2066143","b6067f0406d209ca1e47ba28e2b9cedec1fbfa19a9ba6a0741687f51f06a748a4f295646b9c639d85fafd0326151796fe2bcdc36001cede1c9cacc2924f94880","2025-05-19T10:07:00.000","1","DRIVER",,"1969560",,"TOYOTA","SIENNA","IL","2008","NONE","VAN/MINI-VAN","PERSONAL","E","TURNING LEFT",,,"1",,,,,"Y",,,,,,,,,,,,,"FRONT-RIGHT-CORNER",,,,,,,,,,,,,,,,,,,,,,,,,,,,,,,,,
"2066144","b6067f0406d209ca1e47ba28e2b9cedec1fbfa19a9ba6a0741687f51f06a748a4f295646b9c639d85fafd0326151796fe2bcdc36001cede1c9cacc2924f94880","2025-05-19T10:07:00.000","2","DRIVER",,"1969569",,"INFINITI","G25",,"2011","NONE","PASSENGER","PERSONAL","W","TURNING RIGHT",,,"1",,,,,,,,,,,,,,,"Y",,,"FRONT-LEFT-CORNER",,,,,,,,,,,,,,,,,,,,,,,,,,,,,,,,,
"2066260","19ec45fc28abafe143169d1410c495f754d069d09759afc3494d3a2b74496610756ff2a75a8022d3cdd6abc957f0d43959a9150deedcbab468ae82c9e02baf18","2025-05-19T10:03:00.000","1","DRIVER",,"1969677",,"FORD","TRANSIT","IL","2020","NONE","PASSENGER","PERSONAL","W","SLOW/STOP IN TRAFFIC",,,"1",,,,"Y",,,,,,,,,,,,,,"FRONT",,,,,,,,,,,,,,,,,,,,,,,,,,,,,,,,,
"2066261","19ec45fc28abafe143169d1410c495f754d069d09759afc3494d3a2b74496610756ff2a75a8022d3cdd6abc957f0d43959a9150deedcbab468ae82c9e02baf18","2025-05-19T10:03:00.000","2","DRIVER",,"1969675",,"UNKNOWN","OTHER (EXPLAIN IN NARRATIVE)",,,"NONE","UNKNOWN/NA","UNKNOWN/NA","W","SLOW/STOP IN TRAFFIC",,,"1",,,,"Y",,,,,,,,,,,,,,"NONE",,,,,,,,,,,,,,,,,,,,,,,,,,,,,,,,,
"2066121","414cb52de8281ea1cf644cd3397aa892d562f23e77cad9b2229b31f7c041867a5d57f918b594016589122c22c5dde96f182860a8234fa5f62ddc108a15494d75","2025-05-19T10:00:00.000","1","DRIVER",,"1969542",,"HYUNDAI","SANTA FE","IL","2017","UNKNOWN","SPORT UTILITY VEHICLE (SUV)","PERSONAL","UNKNOWN","BACKING",,,"1",,,,"Y",,,,,,,,,,,,,,"REAR",,,,,,,,,,,,,,,,,,,,,,,,,,,,,,,,,
"2066122","414cb52de8281ea1cf644cd3397aa892d562f23e77cad9b2229b31f7c041867a5d57f918b594016589122c22c5dde96f182860a8234fa5f62ddc108a15494d75","2025-05-19T10:00:00.000","2","DRIVER",,"1969543",,"INFINITI","M37","IL","2011","UNKNOWN","PASSENGER","PERSONAL","UNKNOWN","STRAIGHT AHEAD",,,"1",,,,,"Y",,,,,,,,,,,,,"FRONT-RIGHT-CORNER",,,,,,,,,,,,,,,,,,,,,,,,,,,,,,,,,
"2066139","1554a13d8f51a560d071e70c3fdbed8aa39cfd409f1209025d37ec5b0a82c5b21aa7938ce1c465533803cbf177c61b6e740ad216d8d24ff9bb097a646ba5dc21","2025-05-19T09:57:00.000","1","DRIVER",,"1969558",,"TOYOTA","TACOMA","IL","1999","UNKNOWN","PICKUP","PERSONAL","E","STRAIGHT AHEAD","Y",,"1",,"RAPID RESPONSE TOW COMPANY","4239 N MOODY",,"N",,,,,,,,,,"N","Y",,"FRONT",,,,,,,,,,,,,,,,,,,,,,,,,,,,,,,,,
"2066140","1554a13d8f51a560d071e70c3fdbed8aa39cfd409f1209025d37ec5b0a82c5b21aa7938ce1c465533803cbf177c61b6e740ad216d8d24ff9bb097a646ba5dc21","2025-05-19T09:57:00.000","2","DRIVER","1","1969563",,"TOYOTA","TACOMA","IL","2017","UNKNOWN","PICKUP","PERSONAL","E","SLOW/STOP IN TRAFFIC",,,"2",,,,,,,,,,"Y",,,,,,,,"REAR",,,,,,,,,,,,,,,,,,,,,,,,,,,,,,,,,
"2066158","3505be8b381f6ce60dacc45c2376afd50f6f3430432a38e5c27f3df314169ecf493f27826005f594c1bf39b465a149638b5e7dc871a6d506de407c975a3578a0","2025-05-19T09:55:00.000","1","DRIVER",,"1969577",,"ISUZU","TRUCK","IL","2019","NONE","TRUCK - SINGLE UNIT","OTHER","NW","TURNING LEFT",,,"1",,,,,,,,,,,,,,,,,"Y","SIDE-LEFT-REAR",,,,,,,,,,,,,,,,,,,,,,,,,,,,,,,,,
"2066159","3505be8b381f6ce60dacc45c2376afd50f6f3430432a38e5c27f3df314169ecf493f27826005f594c1bf39b465a149638b5e7dc871a6d506de407c975a3578a0","2025-05-19T09:55:00.000","2","PARKED",,"1969580",,"MAZDA","CX-3","IL","2016","NONE","PASSENGER","NOT IN USE","W","PARKED",,,"0",,,,,,,,"Y","Y","Y","Y",,,,,,,"REAR",,,,,,,,,,,,,,,,,,,,,,,,,,,,,,,,,
"2066313","f5473672b13d00813170d77e7c13d9b8056dac442314fcab5b6aa9ed0c6641eebefce133b8e644b0c654d34afa2c146febdb402485d8f385118f614e12ac6b29","2025-05-19T09:55:00.000","1","DRIVER","2","1969730","Y","INTERNATIONAL TRAILER CORPORATION","OTHER (EXPLAIN IN NARRATIVE)","IL","2006","NONE","TRUCK - SINGLE UNIT","COMMERCIAL - SINGLE UNIT","W","STRAIGHT AHEAD",,,"3",,,,,,,,,,"Y",,,,,,"Y","Y","TOTAL (ALL AREAS)",,,,,,,,,,,,,,,,,,,,,,,,,,,,,,,,,
"2066123","767ef896a35b08b387e2725726dc53534a1f12d5a37ee8d1435243b5010c4b1411d02c9443dc2bdd7ace274a21af6e47705762c5ec50c680d08515f2e313016a","2025-05-19T09:46:00.000","1","DRIVER",,"1969546","Y","AEROCAR","AEROCAR (VMA WAS AERO)","TX","2005","NONE","TRACTOR W/ SEMI-TRAILER","PERSONAL","NW","TURNING RIGHT",,,"1",,,,,,,,"Y","Y",,,,,,,,,"REAR-RIGHT-CORNER","21455","3478247",,,,,"TGR LLC","TX","LAREDO",,,,,,,,,,,,,,,,,,,"TRACTOR/SEMI-TRAILER","VAN/ENCLOSED BOX","OTHER",,,
"2066124","767ef896a35b08b387e2725726dc53534a1f12d5a37ee8d1435243b5010c4b1411d02c9443dc2bdd7ace274a21af6e47705762c5ec50c680d08515f2e313016a","2025-05-19T09:46:00.000","2","DRIVER",,"1969553",,"TOYOTA","TACOMA","IL","2014","NONE","PICKUP","PERSONAL","NW","TURNING RIGHT","Y",,"1",,"private","private",,"Y","Y",,,,,"Y","Y","Y","Y","Y","Y",,"OTHER",,,,,,,,,,,,,,,,,,,,,,,,,,,,,,,,,
"2066116","5ebb3592989fa6f7ff530d9a119a4a971c788dc868db339fa5fdc5487839fc19795e8ae42ddac73429dd38fb51046a73ac00cf64c645fa44250babc62d3187ff","2025-05-19T09:31:00.000","1","DRIVER",,"1969536",,"JEEP","CHEROKEE","IL","2017","UNKNOWN","UNKNOWN/NA","UNKNOWN/NA","S","STRAIGHT AHEAD",,,"1",,,,,"Y",,,,,,,,,,"Y","Y",,"FRONT",,,,,,,,,,,,,,,,,,,,,,,,,,,,,,,,,
"2066117","5ebb3592989fa6f7ff530d9a119a4a971c788dc868db339fa5fdc5487839fc19795e8ae42ddac73429dd38fb51046a73ac00cf64c645fa44250babc62d3187ff","2025-05-19T09:31:00.000","2","DRIVER",,"1969540",,"MITSUBISHI","MIRAGE","IL","2021","UNKNOWN","UNKNOWN/NA","UNKNOWN/NA","S","SLOW/STOP IN TRAFFIC",,,"1",,,,,,,,,"Y","Y","Y",,,,,,,"REAR",,,,,,,,,,,,,,,,,,,,,,,,,,,,,,,,,
"2066125","0dd44ca557f1770e01f3281b624f2466eac9a362018b57d5d5d7a86b4884eb36741219a332af13c07392c3ebbcb2f4c11b5d28771dc5060d7bb2ad3812cfefc1","2025-05-19T09:30:00.000","1","DRIVER",,"1969545",,"INTERNATIONAL TRAILER CORPORATION","INTERNATIONAL TRAILER CORP.","NC","2019","UNKNOWN","TRUCK - SINGLE UNIT","UNKNOWN/NA","S","STRAIGHT AHEAD",,,"1",,,,,,,,,,,,,,,,,,"TOP",,,,,,,,,,,,,,,,,,,,,,,,,,,,,,,,,
"2066092","9279ad8e269350aaeda6c24a105a61b632c4a91123a93cd3d25e3632f5ffaeb26470164c21bb0d0a80bcf9538355c2df9490c2d8d5e7be1d2661f166acc24fcd","2025-05-19T09:15:00.000","1","DRIVER",,"1969526",,"HONDA","CIVIC","IL","2022","NONE","PASSENGER","PERSONAL","N","CHANGING LANES",,,"1",,,,,,,,,,,,,,,"Y","N",,"FRONT-LEFT-CORNER",,,,,,,,,,,,,,,,,,,,,,,,,,,,,,,,,
"2066093","9279ad8e269350aaeda6c24a105a61b632c4a91123a93cd3d25e3632f5ffaeb26470164c21bb0d0a80bcf9538355c2df9490c2d8d5e7be1d2661f166acc24fcd","2025-05-19T09:15:00.000","2","DRIVER",,"1969532",,"CHEVROLET","C/K 1500","IL","2015","NONE","PICKUP","PERSONAL","N","STRAIGHT AHEAD",,,"1",,,,,,,,,"Y","Y",,,,,,,,"REAR-RIGHT-CORNER",,,,,,,,,,,,,,,,,,,,,,,,,,,,,,,,,
"2066258","0efc3092f70fb0f80a28dd6f1868d957183ae402f2ed4c6ef3d25fba352877efc9a9587e7219205c92d9c780aa3abd5f6a4d6aedd933f37026cd3894a3deda9b","2025-05-19T09:00:00.000","1","DRIVER",,"1969672",,"UNKNOWN","OTHER (EXPLAIN IN NARRATIVE)",,,"UNKNOWN","UNKNOWN/NA","UNKNOWN/NA","UNKNOWN","UNKNOWN/NA",,,"1",,,,,,,,,,,,,,,,,"Y","UNKNOWN",,,,,,,,,,,,,,,,,,,,,,,,,,,,,,,,,
"2066259","0efc3092f70fb0f80a28dd6f1868d957183ae402f2ed4c6ef3d25fba352877efc9a9587e7219205c92d9c780aa3abd5f6a4d6aedd933f37026cd3894a3deda9b","2025-05-19T09:00:00.000","2","PARKED",,"1969674",,"VOLKSWAGEN","OTHER (EXPLAIN IN NARRATIVE)","IL","2020","NONE","PASSENGER","PERSONAL","E","PARKED","Y",,"0",,"RELLO","4700 W WASHINGTON",,,,,"N","Y","Y","Y",,,,,,,"REAR",,,,,,,,,,,,,,,,,,,,,,,,,,,,,,,,,
"2066105","7bbd8a83a75460e8642a278e5d942e7c68cb4b6283ab4813f409f5ec0ed63377294446f758b6ca414dc510316b57e12704e0fbc25b52d5ebd80ebaab5e3d2c7e","2025-05-19T08:50:00.000","1","DRIVER",,"1969524",,"DODGE","RAM 2500 VAN","IL",,"UNKNOWN","VAN/MINI-VAN","UNKNOWN/NA","N","UNKNOWN/NA",,,"1",,,,,,,,,,,,,,,,,"Y","FRONT",,,,,,,,,,,,,,,,,,,,,,,,,,,,,,,,,
"2066106","7bbd8a83a75460e8642a278e5d942e7c68cb4b6283ab4813f409f5ec0ed63377294446f758b6ca414dc510316b57e12704e0fbc25b52d5ebd80ebaab5e3d2c7e","2025-05-19T08:50:00.000","2","DRIVER",,"1969530",,"HONDA","ACCORD","IL","2017","UNKNOWN","PASSENGER","PERSONAL","N","SLOW/STOP IN TRAFFIC",,,"1",,,,,,,,,,"Y","Y",,,,,,,"REAR",,,,,,,,,,,,,,,,,,,,,,,,,,,,,,,,,
"2066474","4a6ab8142369946440d9c9014f84acd3aff5af39438d9db23a4e3104ec6fe1de7c2338e445ffd64b35ac298e4315b50c34f16e63ce5d4d8c53f267e717ecd91a","2025-05-19T08:45:00.000","1","DRIVER",,"1969895",,"HONDA","CIVIC","IL","2019","UNKNOWN","PASSENGER","PERSONAL","E","STRAIGHT AHEAD",,,"1",,,,,"Y",,,,,,,,,,,,,"FRONT-RIGHT-CORNER",,,,,,,,,,,,,,,,,,,,,,,,,,,,,,,,,
"2066475","4a6ab8142369946440d9c9014f84acd3aff5af39438d9db23a4e3104ec6fe1de7c2338e445ffd64b35ac298e4315b50c34f16e63ce5d4d8c53f267e717ecd91a","2025-05-19T08:45:00.000","2","BICYCLE",,,,,,,,,,,,,,,,,,,,,,,,,,,,,,,,,,,,,,,,,,,,,,,,,,,,,,,,,,,,,,,,,,
"2066203","b9522f2bb9710c2b4bb1a6c8e87c164b8a30849d681275b44481235a2e5e9b379a403ddaa9e60edab60bd78a723ac670834f4f9045df48aa4f159ca7dac222ac","2025-05-19T08:45:00.000","1","DRIVER",,"1969621",,"TOYOTA","PRIUS","IL","2014","NONE","PASSENGER","UNKNOWN/NA","S","STRAIGHT AHEAD",,,"1",,,,,,,,,,,,,,,,,,"SIDE-LEFT",,,,,,,,,,,,,,,,,,,,,,,,,,,,,,,,,
"2066204","b9522f2bb9710c2b4bb1a6c8e87c164b8a30849d681275b44481235a2e5e9b379a403ddaa9e60edab60bd78a723ac670834f4f9045df48aa4f159ca7dac222ac","2025-05-19T08:45:00.000","2","PARKED",,"1969625",,"TOYOTA","HIGHLANDER","IL","2022","NONE","PASSENGER","PERSONAL","S","PARKED",,,"0",,,,,,,,,,,,,,"Y","Y",,,"FRONT-LEFT-CORNER",,,,,,,,,,,,,,,,,,,,,,,,,,,,,,,,,
"2066389","f6352b766edc0f54bdfb4a3cb81b3ccf63d60d083f50f37651bcdcc26cc635f580dc0c8998269b6925d9ce5fe474f88005e33611e989f1dcfe2b8eeff517ce17","2025-05-19T08:45:00.000","1","DRIVER",,"1969788",,"HONDA","ACCORD","IL","2012","UNKNOWN","PASSENGER","UNKNOWN/NA","E","STRAIGHT AHEAD",,,"1",,,,,,,,,,,,,,,"Y",,,"FRONT",,,,,,,,,,,,,,,,,,,,,,,,,,,,,,,,,
"2066390","f6352b766edc0f54bdfb4a3cb81b3ccf63d60d083f50f37651bcdcc26cc635f580dc0c8998269b6925d9ce5fe474f88005e33611e989f1dcfe2b8eeff517ce17","2025-05-19T08:45:00.000","2","DRIVER",,"1969789",,"TOYOTA","RAV4","IL","2016","UNKNOWN","SPORT UTILITY VEHICLE (SUV)","UNKNOWN/NA","E","SLOW/STOP IN TRAFFIC",,,"1",,,,,,,,,,"Y",,,,,,,,"REAR",,,,,,,,,,,,,,,,,,,,,,,,,,,,,,,,,
"2066128","c0c29f68918e8ccfae892723d8087df70626bd98a544b607c4bf9b0ff074751b9b2365db11214b5e9a3e7c7d6300b2e8ced81e310bc7cb1ae121ec66ebc53fcb","2025-05-19T08:34:00.000","1","DRIVER",,"1969562",,"HONDA","CIVIC","IL","2006","NONE","PASSENGER","PERSONAL","S","STRAIGHT AHEAD","Y",,"1",,"CPD CITY OF CHIC #032313","POUND 6",,"Y",,,,,,,,,,,,,"FRONT-RIGHT-CORNER",,,,,,,,,,,,,,,,,,,,,,,,,,,,,,,,,
"2066129","c0c29f68918e8ccfae892723d8087df70626bd98a544b607c4bf9b0ff074751b9b2365db11214b5e9a3e7c7d6300b2e8ced81e310bc7cb1ae121ec66ebc53fcb","2025-05-19T08:34:00.000","2","PARKED",,"1969567",,"GENERAL MOTORS CORPORATION (GMC)","SAVANNAH","IL","2013","NONE","PICKUP","NOT IN USE","S","PARKED",,,"0",,,,,,,,,,,"Y",,,,,,,"REAR-LEFT-CORNER",,,,,,,,,,,,,,,,,,,,,,,,,,,,,,,,,
"2066119","1e1b7c446618ad57adc8e00dd17e7ccfcb9be3b97cf413b94e409631e72f699eee731ff04af15b2d50b39a037a20ce1d02d1073bcb9b9480f6b932c1fd95c678","2025-05-19T08:30:00.000","1","DRIVER",,"1969539",,"CHEVROLET","IMPALA","IL","2000","UNKNOWN","PASSENGER","PERSONAL","E","UNKNOWN/NA",,,"1",,,,,"Y",,,,,,,,,,"Y","Y",,"FRONT",,,,,,,,,,,,,,,,,,,,,,,,,,,,,,,,,
"2066120","1e1b7c446618ad57adc8e00dd17e7ccfcb9be3b97cf413b94e409631e72f699eee731ff04af15b2d50b39a037a20ce1d02d1073bcb9b9480f6b932c1fd95c678","2025-05-19T08:30:00.000","2","PARKED",,"1969541",,"AUDI","Q5","IL","2020","UNKNOWN","SPORT UTILITY VEHICLE (SUV)","PERSONAL","E","PARKED",,,"0",,,,,,,,,"Y","Y","Y",,,,,,,"REAR",,,,,,,,,,,,,,,,,,,,,,,,,,,,,,,,,
"2066086","d69ca0f2e08e050050568d7c9dff48369c5ece45c2ded61d19434ca53a841a8c99686f62c339efc2dde017c3328e59a8da7af19a52e80184fb0d80f542e3e9da","2025-05-19T08:30:00.000","1","DRIVER",,"1969505",,"JEEP","GRAND CHEROKEE","IL","2016","NONE","SPORT UTILITY VEHICLE (SUV)","PERSONAL","S","TURNING LEFT",,,"1",,,,"Y",,,,,,,,,,,"N",,,"FRONT-LEFT-CORNER",,,,,,,,,,,,,,,,,,,,,,,,,,,,,,,,,
"2066087","d69ca0f2e08e050050568d7c9dff48369c5ece45c2ded61d19434ca53a841a8c99686f62c339efc2dde017c3328e59a8da7af19a52e80184fb0d80f542e3e9da","2025-05-19T08:30:00.000","2","DRIVER",,"1969514",,"UNKNOWN","MOTORIZED","IL",,"NONE","OTHER","PERSONAL","N","STRAIGHT AHEAD",,,"1",,,,"Y",,,,,,,,,,,,,,"SIDE-RIGHT",,,,,,,,,,,,,,,,,,,,,,,,,,,,,,,,,
"2066077","bc5a44ec9a0f45e2c1e9555a90889e6f33d9999d81f31851b48b0a2e435b7c955b9e6a9ae14a533252ab8511601528ec247fe52cee410db9b72a2d915d7f968a","2025-05-19T08:20:00.000","1","DRIVER",,"1969544",,"FORD","TAURUS","IL","2018","UNKNOWN","PASSENGER","PERSONAL","N","STRAIGHT AHEAD","Y",,"1",,"CITY OF CHICAGO","AUTO POUND 2 103/DOTY",,,,,,,,,,"Y","Y","Y","Y",,"FRONT-LEFT-CORNER",,,,,,,,,,,,,,,,,,,,,,,,,,,,,,,,,
"2066078","bc5a44ec9a0f45e2c1e9555a90889e6f33d9999d81f31851b48b0a2e435b7c955b9e6a9ae14a533252ab8511601528ec247fe52cee410db9b72a2d915d7f968a","2025-05-19T08:20:00.000","2","PARKED",,"1969548",,"FORD","EXPEDITION","IL","2004","NONE","PASSENGER","PERSONAL","N","PARKED",,,"0",,,,,"Y","Y","Y","Y","Y",,,,,,,,,"SIDE-RIGHT",,,,,,,,,,,,,,,,,,,,,,,,,,,,,,,,,
"2066079","bc5a44ec9a0f45e2c1e9555a90889e6f33d9999d81f31851b48b0a2e435b7c955b9e6a9ae14a533252ab8511601528ec247fe52cee410db9b72a2d915d7f968a","2025-05-19T08:20:00.000","3","PARKED",,"1969552",,"TESLA","OTHER (EXPLAIN IN NARRATIVE)","IL","2026","NONE","SPORT UTILITY VEHICLE (SUV)","PERSONAL","N","PARKED",,,"0",,,,,,,,,"Y","Y","Y",,,,,,,"REAR",,,,,,,,,,,,,,,,,,,,,,,,,,,,,,,,,