"crash_unit_id","crash_record_id","crash_date","unit_no","unit_type","num_passengers","vehicle_id","cmrc_veh_i","make","model","lic_plate_state","vehicle_year","vehicle_defect","vehicle_type","vehicle_use","travel_direction","maneuver","towed_i","fire_i","occupant_cnt","exceed_speed_limit_i","towed_by","towed_to","area_00_i","area_01_i","area_02_i","area_03_i","area_04_i","area_05_i","area_06_i","area_07_i","area_08_i","area_09_i","area_10_i","area_11_i","area_12_i","area_99_i","first_contact_point","cmv_id","usdot_no","ccmc_no","ilcc_no","commercial_src","gvwr","carrier_name","carrier_state","carrier_city","hazmat_placards_i","hazmat_name","un_no","hazmat_present_i","hazmat_report_i","hazmat_report_no","mcs_report_i","mcs_report_no","hazmat_vio_cause_crash_i","mcs_vio_cause_crash_i","idot_permit_no","wide_load_i","trailer1_width","trailer2_width","trailer1_length","trailer2_length","total_vehicle_length","axle_cnt","vehicle_config","cargo_body_type","load_type","hazmat_out_of_service_i","mcs_out_of_service_i","hazmat_class"
"2066130","e6627352447556e37ee3953664518c98fd27adf18a2f3cedbbfeec52b5c3b0df6705d2361cedc6f29b38e6b4218cacf8e165a79bf2b2692b87ac88c28131b489","2025-05-19T08:20:00.000","1","DRIVER",,"1969549",,"HONDA","CR-V","IL","2024","NONE","SPORT UTILITY VEHICLE (SUV)","PERSONAL","UNKNOWN","STRAIGHT AHEAD",,,"1",,,,,"Y","Y",,,,,,,,,,,,"SIDE-RIGHT-FRONT",,,,,,,,,,,,,,,,,,,,,,,,,,,,,,,,,
"2066136","e6627352447556e37ee3953664518c98fd27adf18a2f3cedbbfeec52b5c3b0df6705d2361cedc6f29b38e6b4218cacf8e165a79bf2b2692b87ac88c28131b489","2025-05-19T08:20:00.000","2","PEDESTRIAN",,,,,,,,,,,,,,,,,,,,,,,,,,,,,,,,,,,,,,,,,,,,,,,,,,,,,,,,,,,,,,,,,,
"2066045","e9b37fb2716bb8c8510267d05342ba63df37e291bb95425ad69fcfbf119e70f24c0767f7c255859348f41d3fbc089b391e37cef842c7ca5fc9ff9daee53f4077","2025-05-19T08:20:00.000","1","DRIVER",,"1969471",,"FIAT","OTHER (EXPLAIN IN NARRATIVE)","IL","2016","UNKNOWN","PASSENGER","PERSONAL","N","TURNING RIGHT","Y",,"1",,"PRIVATE INSURANCE TOW",,,"N","N",,,,,,,,"Y","Y","Y",,"FRONT-LEFT-CORNER",,,,,,,,,,,,,,,,,,,,,,,,,,,,,,,,,
"2066046","e9b37fb2716bb8c8510267d05342ba63df37e291bb95425ad69fcfbf119e70f24c0767f7c255859348f41d3fbc089b391e37cef842c7ca5fc9ff9daee53f4077","2025-05-19T08:20:00.000","2","DRIVER",,"1969483",,"KIA","SPORTAGE","IL","2017","UNKNOWN","UNKNOWN/NA","PERSONAL","E","STRAIGHT AHEAD",,,"1",,,,,"Y",,,,,,,,,,,"Y",,"FRONT-RIGHT-CORNER",,,,,,,,,,,,,,,,,,,,,,,,,,,,,,,,,
"2066132","cb3213bcd6c1841ccce768553e01fed1deee9c1c3d2f7c27df2591091bcf0064c87349e5ad811c67c637a31a6744f61aa2c42789e32bf646174b9818f5a117c1","2025-05-19T08:18:00.000","1","DRIVER",,"1969554",,"FORD","ESCAPE","IL","2017","UNKNOWN","SPORT UTILITY VEHICLE (SUV)","PERSONAL","W","STRAIGHT AHEAD",,,"1",,,,,,,,,,,,,,,,"Y",,"FRONT",,,,,,,,,,,,,,,,,,,,,,,,,,,,,,,,,
"2066133","cb3213bcd6c1841ccce768553e01fed1deee9c1c3d2f7c27df2591091bcf0064c87349e5ad811c67c637a31a6744f61aa2c42789e32bf646174b9818f5a117c1","2025-05-19T08:18:00.000","2","DRIVER",,"1969561",,"HYUNDAI","TUCSON","IL","2022","NONE","SPORT UTILITY VEHICLE (SUV)","PERSONAL","SW","SLOW/STOP IN TRAFFIC",,,"1",,,,,,,,,,"Y","Y",,,,,,,"REAR-LEFT-CORNER",,,,,,,,,,,,,,,,,,,,,,,,,,,,,,,,,
"2066112","553cb2a24fdf3544bfd57680b177375c8ed0cf5b6dca0232db3ed6e7b11fbe0cdc73a34ece609bdbe7474fffd99ac6d36a17f425a5a13d558fe6c617aa021b35","2025-05-19T08:15:00.000","1","DRIVER",,"1969531",,"UNKNOWN","OTHER (EXPLAIN IN NARRATIVE)","IL",,"UNKNOWN","UNKNOWN/NA","UNKNOWN/NA","UNKNOWN","UNKNOWN/NA",,,"1",,,,,,,,,,,,,,,,,,"UNKNOWN",,,,,,,,,,,,,,,,,,,,,,,,,,,,,,,,,
"2066113","553cb2a24fdf3544bfd57680b177375c8ed0cf5b6dca0232db3ed6e7b11fbe0cdc73a34ece609bdbe7474fffd99ac6d36a17f425a5a13d558fe6c617aa021b35","2025-05-19T08:15:00.000","2","DRIVERLESS",,"1969534",,"TOYOTA","TACOMA","IL","2011","UNKNOWN","OTHER","UNKNOWN/NA","W","PARKED",,,"0",,,,,,,,,"Y","Y","Y","Y","Y","N","N",,,"UNKNOWN",,,,,,,,,,,,,,,,,,,,,,,,,,,,,,,,,
"2066056","c13d5e17e2aa75063faac233d8e543e9d47ccd88a34ed64723f6587285b5133d11756b877ed2ed5844d0870a3cb41e300abe23ea87bff62a99339431b9e6853c","2025-05-19T08:14:00.000","1","DRIVER",,"1969474",,"FORD","ESCAPE",,"2024","UNKNOWN","SPORT UTILITY VEHICLE (SUV)","UNKNOWN/NA","NE","TURNING LEFT",,,"1",,,,,,,,,,,,,,,,,"Y","FRONT",,,,,,,,,,,,,,,,,,,,,,,,,,,,,,,,,
"2066057","c13d5e17e2aa75063faac233d8e543e9d47ccd88a34ed64723f6587285b5133d11756b877ed2ed5844d0870a3cb41e300abe23ea87bff62a99339431b9e6853c","2025-05-19T08:14:00.000","2","PEDESTRIAN",,,,,,,,,,,,,,,,,,,,,,,,,,,,,,,,,,,,,,,,,,,,,,,,,,,,,,,,,,,,,,,,,,
"2066069","fe13f70264e33ea6431f9a8395c70c19b99f4f21f2f743f75c4b17a22f503e31dc291b8628b36c4957c601ec48717f333a2094304b68099b276cdec18f439c5b","2025-05-19T08:13:00.000","1","DRIVER",,"1969488",,"ACURA","TLX","IL","2015","NONE","PASSENGER","PERSONAL","W","STRAIGHT AHEAD",,,"1",,,,"Y",,"N",,,,,,,,,,,,"SIDE-RIGHT",,,,,,,,,,,,,,,,,,,,,,,,,,,,,,,,,
"2066070","fe13f70264e33ea6431f9a8395c70c19b99f4f21f2f743f75c4b17a22f503e31dc291b8628b36c4957c601ec48717f333a2094304b68099b276cdec18f439c5b","2025-05-19T08:13:00.000","2","PARKED",,"1969499",,"CHEVROLET","SILVERADO","OH","2019","NONE","PICKUP","CONSTRUCTION/MAINTENANCE","W","PARKED",,,"0",,,,"Y",,,,,,,,,,"N",,,,"SIDE-LEFT",,,,,,,,,,,,,,,,,,,,,,,,,,,,,,,,,
"2066101","1cea562838faa78bad94329c76fdd9cf1ce03738cad4b058cc842c3f1567acd42886e91fbc8671f2e0e5cee499d966ddf745ae196df7c2d8cf9f5e24a0cef93a","2025-05-19T08:10:00.000","1","DRIVER",,"1969519",,"FORD","F250","IL","2008","NONE","PICKUP","LAWN CARE/LANDSCAPING","E","STRAIGHT AHEAD",,,"1",,,,"Y",,,,,,,,,,,,,,"FRONT",,,,,,,,,,,,,,,,,,,,,,,,,,,,,,,,,
"2066102","1cea562838faa78bad94329c76fdd9cf1ce03738cad4b058cc842c3f1567acd42886e91fbc8671f2e0e5cee499d966ddf745ae196df7c2d8cf9f5e24a0cef93a","2025-05-19T08:10:00.000","2","DRIVER",,"1969525",,"MERCEDES-BENZ","C300","IL","2020","NONE","PASSENGER","PERSONAL","E","STRAIGHT AHEAD",,,"1",,,,,,,,,,"Y",,,,,,,,"REAR",,,,,,,,,,,,,,,,,,,,,,,,,,,,,,,,,
"2066211","c49b498cd6afc7502f69ef7bb21187312a99eafd8d2e24bc5a336120113ed35bdc3579fa035575f40299b56a4ba0f6aabff187aa2d9b21bbf2c7fdebee40becf","2025-05-19T08:10:00.000","1","DRIVER",,"1969634",,"VOLKSWAGEN","JETTA","IL","2010","UNKNOWN","UNKNOWN/NA","UNKNOWN/NA","N","BACKING",,,"1",,,,,,,,,,,,,,,,,"Y","REAR",,,,,,,,,,,,,,,,,,,,,,,,,,,,,,,,,
"2066212","c49b498cd6afc7502f69ef7bb21187312a99eafd8d2e24bc5a336120113ed35bdc3579fa035575f40299b56a4ba0f6aabff187aa2d9b21bbf2c7fdebee40becf","2025-05-19T08:10:00.000","2","DRIVER","4","1969629",,"NISSAN","SENTRA","IL","2022","NONE","PASSENGER","PERSONAL","S","SLOW/STOP IN TRAFFIC",,,"5",,,,,,,,,,,,,,,,"Y",,"FRONT",,,,,,,,,,,,,,,,,,,,,,,,,,,,,,,,,
"2066189","d665060c127b110031764e6f4fa5230f8cfb839c27b609ac539fca4ae8b69d7bc1dff4cfcf7d30a3c1aad15f2575654e736cca7e4f54ba0b6f8b2b7ab151d35c","2025-05-19T08:10:00.000","1","DRIVER",,"1969601",,"HONDA","PILOT","IL","2017","UNKNOWN","SPORT UTILITY VEHICLE (SUV)","UNKNOWN/NA","E","SLOW/STOP IN TRAFFIC",,,"1",,,,,"Y",,,,,,,,,,"Y","Y",,"FRONT",,,,,,,,,,,,,,,,,,,,,,,,,,,,,,,,,
"2066190","d665060c127b110031764e6f4fa5230f8cfb839c27b609ac539fca4ae8b69d7bc1dff4cfcf7d30a3c1aad15f2575654e736cca7e4f54ba0b6f8b2b7ab151d35c","2025-05-19T08:10:00.000","2","DRIVER","2","1969604",,"LEXUS","GX470","IL","2004","UNKNOWN","OTHER VEHICLE WITH TRAILER","PERSONAL","E","STRAIGHT AHEAD",,,"3",,,,,,,,,"Y","Y","Y",,,,,,,"REAR",,,,,,,,,,,,,,,,,,,,,,,,,,,,,,,,,
"2066090","1cbcddb3baa3f5f80eb6b05ea03b970464b8e987ec841a2b44616604cf3867006d1ecb06f3b9c6f379b189c84b6d6238a1cb7efd029c3277b3e38a2562f0fd2a","2025-05-19T08:00:00.000","1","DRIVER",,"1969508",,"JEEP","CHEROKEE","IL","2021","NONE","PASSENGER","PERSONAL","S","STRAIGHT AHEAD",,,"1",,,,,,,,,,,,,,"Y","Y",,,"FRONT-LEFT-CORNER",,,,,,,,,,,,,,,,,,,,,,,,,,,,,,,,,
"2066091","1cbcddb3baa3f5f80eb6b05ea03b970464b8e987ec841a2b44616604cf3867006d1ecb06f3b9c6f379b189c84b6d6238a1cb7efd029c3277b3e38a2562f0fd2a","2025-05-19T08:00:00.000","2","DRIVER","1","1969511",,"SUBARU","FORESTER","IL","2016","NONE","PASSENGER","PERSONAL","W","STRAIGHT AHEAD",,,"2",,,,,"Y","Y",,,,,,,,,,,,"FRONT-RIGHT-CORNER",,,,,,,,,,,,,,,,,,,,,,,,,,,,,,,,,
"2066109","520b561b1e43f69d02b84006da0324eb5438ca238b6822257dbad730a06f2755768f5dd476e41dad2093679d8882a9ddf2dda35a2e2783635cdb3bc1e3254651","2025-05-19T08:00:00.000","1","DRIVER",,"1969528",,"UNKNOWN","OTHER (EXPLAIN IN NARRATIVE)",,,"UNKNOWN","UNKNOWN/NA","UNKNOWN/NA","S","TURNING RIGHT",,,"1",,,,,,,,,,,,,,,,,"Y","UNKNOWN",,,,,,,,,,,,,,,,,,,,,,,,,,,,,,,,,
"2066110","520b561b1e43f69d02b84006da0324eb5438ca238b6822257dbad730a06f2755768f5dd476e41dad2093679d8882a9ddf2dda35a2e2783635cdb3bc1e3254651","2025-05-19T08:00:00.000","2","DRIVER",,"1969533",,"NOVA BUS","OTHER (EXPLAIN IN NARRATIVE)","IL","2016","NONE","BUS OVER 15 PASS.","CTA","S","STRAIGHT AHEAD",,,"1",,,,,,,,,,,,,,,"Y","Y",,"FRONT-LEFT-CORNER",,,,,,,,,,,,,,,,,,,,,,,,,,,,,,,,,
"2066082","5fe30b95f12e5bc08529f339e00e77438ac62abb74369848e6e853d7ed975994f38ce5f61cc591fd926d31c362d85276fa2c1bf9a0582010ecbc42bcd37010b7","2025-05-19T08:00:00.000","1","DRIVER",,"1969501",,"FORD","OTHER (EXPLAIN IN NARRATIVE)","IL","2012","UNKNOWN","UNKNOWN/NA","UNKNOWN/NA","E","STRAIGHT AHEAD",,,"1",,,,,,,,,,,,,,,,,"Y","UNKNOWN",,,,,,,,,,,,,,,,,,,,,,,,,,,,,,,,,
"2066083","5fe30b95f12e5bc08529f339e00e77438ac62abb74369848e6e853d7ed975994f38ce5f61cc591fd926d31c362d85276fa2c1bf9a0582010ecbc42bcd37010b7","2025-05-19T08:00:00.000","2","DRIVER",,"1969507",,"NISSAN","FRONTIER","TX","2015","NONE","PASSENGER","PERSONAL","E","SLOW/STOP IN TRAFFIC",,,"1",,,,,,,,,,"Y",,,,,,"Y",,"FRONT",,,,,,,,,,,,,,,,,,,,,,,,,,,,,,,,,
"2066094","5fe30b95f12e5bc08529f339e00e77438ac62abb74369848e6e853d7ed975994f38ce5f61cc591fd926d31c362d85276fa2c1bf9a0582010ecbc42bcd37010b7","2025-05-19T08:00:00.000","3","DRIVER",,"1969509",,"UNKNOWN","OTHER (EXPLAIN IN NARRATIVE)",,,"UNKNOWN","UNKNOWN/NA","UNKNOWN/NA","E","SLOW/STOP IN TRAFFIC",,,"1",,,,,,,,,,,,,,,,,"Y","UNKNOWN",,,,,,,,,,,,,,,,,,,,,,,,,,,,,,,,,
"2066065","e4ad7ed4aabd7d38192b1f31c8a1f39a2249ed90a12175d7ffd49f714ce0970a2cf1b7f7dce2430729c5700c6cc13c9d195b608b12035f99476b99745f35b047","2025-05-19T08:00:00.000","1","DRIVER",,"1969484",,"UNKNOWN","OTHER (EXPLAIN IN NARRATIVE)","XX",,"UNKNOWN","UNKNOWN/NA","UNKNOWN/NA","UNKNOWN","UNKNOWN/NA",,,"1",,,,,,,,,,,,,,,,,,"UNKNOWN",,,,,,,,,,,,,,,,,,,,,,,,,,,,,,,,,
"2066066","e4ad7ed4aabd7d38192b1f31c8a1f39a2249ed90a12175d7ffd49f714ce0970a2cf1b7f7dce2430729c5700c6cc13c9d195b608b12035f99476b99745f35b047","2025-05-19T08:00:00.000","2","PARKED",,"1969485",,"CHEVROLET","VOLT","IL","2021","NONE","PASSENGER","NOT IN USE","N","PARKED",,,"0",,,,,,,,,,,,"Y","Y","Y",,,,"SIDE-LEFT",,,,,,,,,,,,,,,,,,,,,,,,,,,,,,,,,
"2066295","fa3510b16c03f1dde619f5ca0474673052638545edf6c3dfe339c89a7132c15c8112e3c1ed3317cb427098f2f9ee734264e0b94f535d4ff8ebfe68ed570cc683","2025-05-19T07:55:00.000","1","DRIVER",,"1969713",,"TOYOTA","RAV4","IL","2018","NONE","PASSENGER","PERSONAL","E","PASSING/OVERTAKING",,,"1",,,,,,,,,,,,,,,,,,"SIDE-RIGHT-FRONT",,,,,,,,,,,,,,,,,,,,,,,,,,,,,,,,,
"2066296","fa3510b16c03f1dde619f5ca0474673052638545edf6c3dfe339c89a7132c15c8112e3c1ed3317cb427098f2f9ee734264e0b94f535d4ff8ebfe68ed570cc683","2025-05-19T07:55:00.000","2","DRIVER","1","1969718",,"CHEVROLET","TRAX","IL","2019","NONE","PASSENGER","PERSONAL","E","STRAIGHT AHEAD",,,"2",,,,,,,,,,,"Y","Y","Y","Y",,,,"SIDE-LEFT",,,,,,,,,,,,,,,,,,,,,,,,,,,,,,,,,
"2066150","630bb8253e66db7e426f6fb1339e6b7ce97fbaf4dff8410094aa47f1042861c9b12e022945df7dedc264a07affa73e5b0d5289137d4a12899f64468ca677e6e9","2025-05-19T07:53:00.000","1","DRIVER","3","1969565",,"TOYOTA","RAV4","IL","2008","UNKNOWN","PASSENGER","UNKNOWN/NA","W","STRAIGHT AHEAD",,,"4",,,,,,,,,,"Y",,,,,,,,"REAR",,,,,,,,,,,,,,,,,,,,,,,,,,,,,,,,,
"2066151","630bb8253e66db7e426f6fb1339e6b7ce97fbaf4dff8410094aa47f1042861c9b12e022945df7dedc264a07affa73e5b0d5289137d4a12899f64468ca677e6e9","2025-05-19T07:53:00.000","2","DRIVER","3","1969566",,"FORD","ESCAPE","IL","2014","UNKNOWN","SPORT UTILITY VEHICLE (SUV)","UNKNOWN/NA","E","STRAIGHT AHEAD",,,"4",,,,,,,,,,,,,,,,"Y",,"FRONT-LEFT-CORNER",,,,,,,,,,,,,,,,,,,,,,,,,,,,,,,,,
"2066088","17a01f1e39770bc9c91b8616490a521827412a907834c2f750f36f01e4faf9ed93c30fa33bcd286eb355361ff28fa3df1bf36b119b8b284c344a6de916d90ff1","2025-05-19T07:52:00.000","1","DRIVER",,"1969504",,"DODGE","JOURNEY","IL","2014","UNKNOWN","SPORT UTILITY VEHICLE (SUV)","UNKNOWN/NA","E","STRAIGHT AHEAD",,,"1",,,,"Y",,,,,,,,,,,,,"N","FRONT",,,,,,,,,,,,,,,,,,,,,,,,,,,,,,,,,
"2066089","17a01f1e39770bc9c91b8616490a521827412a907834c2f750f36f01e4faf9ed93c30fa33bcd286eb355361ff28fa3df1bf36b119b8b284c344a6de916d90ff1","2025-05-19T07:52:00.000","2","PEDESTRIAN",,,,,,,,,,,,,,,,,,,,,,,,,,,,,,,,,,,,,,,,,,,,,,,,,,,,,,,,,,,,,,,,,,
"2066052","cdefc223494af51e2b1f950915f67d8add6d76276b379992eccaccceeb88856fc560df5852f0a75a58ae5e67eecf48e1887d9ede32d7454f7d6580efa52fbc96","2025-05-19T07:50:00.000","1","DRIVER",,"1969492",,"HONDA","ACCORD","IL","2019","NONE","PASSENGER","PERSONAL","N","TURNING LEFT",,,"1",,,,,,,,,,,"Y",,,,,,,"REAR-LEFT-CORNER",,,,,,,,,,,,,,,,,,,,,,,,,,,,,,,,,
"2066053","cdefc223494af51e2b1f950915f67d8add6d76276b379992eccaccceeb88856fc560df5852f0a75a58ae5e67eecf48e1887d9ede32d7454f7d6580efa52fbc96","2025-05-19T07:50:00.000","2","DRIVER","1","1969500",,"ACURA","ADX","IL","2018","NONE","PASSENGER","PERSONAL","S","SLOW/STOP IN TRAFFIC",,,"2",,,,,,,,,,,"Y","Y",,,,,,"REAR-LEFT-CORNER",,,,,,,,,,,,,,,,,,,,,,,,,,,,,,,,,
"2066054","a5bec876e531455b56b25cfb6cd4185079c5c75129580122e3459cb8c8e4c570deb45c4a54ce9e00037c64270f3bd0110e90d8a5c7834a5d5f1e21fdfbfbbc3d","2025-05-19T07:47:00.000","1","DRIVER","1","1969475",,"TOYOTA","PRIUS","IL","2015","UNKNOWN","PASSENGER","RIDESHARE SERVICE","S","STRAIGHT AHEAD",,,"2",,,,,"Y","Y",,,,,,,,,,,,"FRONT-RIGHT-CORNER",,,,,,,,,,,,,,,,,,,,,,,,,,,,,,,,,
"2066055","a5bec876e531455b56b25cfb6cd4185079c5c75129580122e3459cb8c8e4c570deb45c4a54ce9e00037c64270f3bd0110e90d8a5c7834a5d5f1e21fdfbfbbc3d","2025-05-19T07:47:00.000","2","BICYCLE",,,,,,,,,,,,,,,,,,,,,,,,,,,,,,,,,,,,,,,,,,,,,,,,,,,,,,,,,,,,,,,,,,
"2066207","00687f8e8c790aaae756c08586e7bc0251c4a9962a6f829c486215ee832cac717906c1c7f634d4a70a89aef5bbe9832be5c90f6150c19f0922bb6917757c8cf8","2025-05-19T07:40:00.000","1","DRIVER",,"1969623",,"CHEVROLET","SUBURBAN","IL","2016","UNKNOWN","SPORT UTILITY VEHICLE (SUV)","PERSONAL","E","PASSING/OVERTAKING",,,"1",,,,,,,,,,,,,,,"Y",,,"FRONT-LEFT-CORNER",,,,,,,,,,,,,,,,,,,,,,,,,,,,,,,,,
"2066208","00687f8e8c790aaae756c08586e7bc0251c4a9962a6f829c486215ee832cac717906c1c7f634d4a70a89aef5bbe9832be5c90f6150c19f0922bb6917757c8cf8","2025-05-19T07:40:00.000","2","DRIVER",,"1969627",,"TOYOTA","RAV4","IL","2018","UNKNOWN","SPORT UTILITY VEHICLE (SUV)","PERSONAL","E","STRAIGHT AHEAD",,,"1",,,,,,"Y","Y","Y",,,,,,,,,,"SIDE-RIGHT",,,,,,,,,,,,,,,,,,,,,,,,,,,,,,,,,
"2066108","54338b049cf3c0aa7bc185c72b26866281f03aa1367fab199fefcc4f4ace038a16bd9955b48eafc8704de6c82a7e8cafba29a58a97118c468de47f1f8c77c328","2025-05-19T07:40:00.000","1","DRIVER",,"1969523",,"FORD","F150","IL","2003","NONE","PASSENGER","PERSONAL","S","TURNING LEFT",,,"1",,,,,"Y","Y",,,,,,,,,,,,"SIDE-RIGHT",,,,,,,,,,,,,,,,,,,,,,,,,,,,,,,,,
"2066111","54338b049cf3c0aa7bc185c72b26866281f03aa1367fab199fefcc4f4ace038a16bd9955b48eafc8704de6c82a7e8cafba29a58a97118c468de47f1f8c77c328","2025-05-19T07:40:00.000","2","DRIVER",,"1969529",,"HYUNDAI","ACCENT","IL","2019","NONE","PASSENGER","PERSONAL","W","TURNING RIGHT",,,"1",,,,,,,"Y","Y",,,,,,,,,,"SIDE-RIGHT",,,,,,,,,,,,,,,,,,,,,,,,,,,,,,,,,
"2066067","13c50d4c3fe35a683db4ff548933f0f766f7873c1f7fdbbdf7430633a3513f33567866d3a347039d6e11927c056feb533b1036a0581aa8cee0a0d9f3b6bbc73b","2025-05-19T07:35:00.000","1","DRIVER",,"1969487",,"NISSAN","ARMADA","IL","2011","NONE","SPORT UTILITY VEHICLE (SUV)","PERSONAL","E","TURNING LEFT","Y",,"1",,"unk","unk",,"Y","Y","Y","Y",,,,,,,,,,"SIDE-RIGHT-FRONT",,,,,,,,,,,,,,,,,,,,,,,,,,,,,,,,,
"2066068","13c50d4c3fe35a683db4ff548933f0f766f7873c1f7fdbbdf7430633a3513f33567866d3a347039d6e11927c056feb533b1036a0581aa8cee0a0d9f3b6bbc73b","2025-05-19T07:35:00.000","2","DRIVER","3","1969489",,"CHEVROLET","TRAVERSE","IL","2020","NONE","SPORT UTILITY VEHICLE (SUV)","PERSONAL","W","STRAIGHT AHEAD",,,"4",,,,,,,,,,,,,,,,"Y",,"FRONT",,,,,,,,,,,,,,,,,,,,,,,,,,,,,,,,,
"2066034","69bd21e1b6d600562c37fb2d5d8a06046056a75a849559b234396f1d5009636e12037c274ca9cd2db8b874541461f3523e849fb3128682180d5fb37a14daa33c","2025-05-19T07:35:00.000","1","DRIVER",,"1969462",,"FORD","TRANSIT","IL","2017","UNKNOWN","VAN/MINI-VAN","OTHER","N","STRAIGHT AHEAD",,,"1",,,,,,,,,,,,,,,,,"Y","FRONT-RIGHT-CORNER",,,,,,,,,,,,,,,,,,,,,,,,,,,,,,,,,
"2066035","69bd21e1b6d600562c37fb2d5d8a06046056a75a849559b234396f1d5009636e12037c274ca9cd2db8b874541461f3523e849fb3128682180d5fb37a14daa33c","2025-05-19T07:35:00.000","2","PARKED",,"1969486",,"FORD","TRANSIT","IL","2020","UNKNOWN","TRUCK - SINGLE UNIT","OTHER","N","PARKED",,,"0",,,,,,,,,,,,,,,"Y",,,"FRONT-LEFT-CORNER",,,,,,,,,,,,,,,,,,,,,,,,,,,,,,,,,
"2066032","e6c74913b337564d78e3e22dede6164d82903d364add754dd2fedc4433045bc338e9676b83fdd2b21552883ecee811ac2ca09e0236023fe6a46aee301bd6e206","2025-05-19T07:34:00.000","1","DRIVER",,"1969466",,"CADILLAC","SRX","IL","2012","NONE","PASSENGER","PERSONAL","N","CHANGING LANES",,,"1",,,,,,,,,,,,,,,,,"Y","SIDE-RIGHT",,,,,,,,,,,,,,,,,,,,,,,,,,,,,,,,,
"2066033","e6c74913b337564d78e3e22dede6164d82903d364add754dd2fedc4433045bc338e9676b83fdd2b21552883ecee811ac2ca09e0236023fe6a46aee301bd6e206","2025-05-19T07:34:00.000","2","DRIVER","2","1969479",,"VOLVO","XC90","IL","2024","NONE","PASSENGER","PERSONAL","N","STRAIGHT AHEAD",,,"3",,,,,,,,,,,"Y","Y","Y","Y","Y",,,"SIDE-LEFT",,,,,,,,,,,,,,,,,,,,,,,,,,,,,,,,,
"2066335","ede96e03a0708a4e87eae2c28d9454849b180d271a0ea0def50b7646fb1ca5ee919e3efc05c3d7814c4ed08f8a823a2792efdc95a9d4513adef79f8a95df1e23","2025-05-19T07:30:00.000","1","DRIVER",,"1969744",,"UNKNOWN","OTHER (EXPLAIN IN NARRATIVE)",,,"UNKNOWN","UNKNOWN/NA","UNKNOWN/NA","N","UNKNOWN/NA",,,"1",,,,,,,,,,,,,,,,,"Y","UNKNOWN",,,,,,,,,,,,,,,,,,,,,,,,,,,,,,,,,
"2066336","ede96e03a0708a4e87eae2c28d9454849b180d271a0ea0def50b7646fb1ca5ee919e3efc05c3d7814c4ed08f8a823a2792efdc95a9d4513adef79f8a95df1e23","2025-05-19T07:30:00.000","2","PARKED",,"1969739",,"NISSAN","ALTIMA","IL","2015","NONE","PASSENGER","PERSONAL","N","PARKED",,,"0",,,,,,,,,,,"Y","Y","Y","Y","Y",,,"SIDE-LEFT",,,,,,,,,,,,,,,,,,,,,,,,,,,,,,,,,
"2066080","fdf3afd451ff6396dec295f891080f2885190f63b1d3181b9f5acc64f47f377530d46ff470e1e219b98bc4c93c2d9d04cfe8d3ffa1b76b8e61666fb8a8fbcc71","2025-05-19T07:30:00.000","1","DRIVER",,"1969491",,"UNKNOWN","OTHER (EXPLAIN IN NARRATIVE)","XX",,"UNKNOWN","UNKNOWN/NA","UNKNOWN/NA","UNKNOWN","UNKNOWN/NA",,,"1",,,,,"Y",,,,,,,,,,"Y","Y",,"FRONT",,,,,,,,,,,,,,,,,,,,,,,,,,,,,,,,,
"2066081","fdf3afd451ff6396dec295f891080f2885190f63b1d3181b9f5acc64f47f377530d46ff470e1e219b98bc4c93c2d9d04cfe8d3ffa1b76b8e61666fb8a8fbcc71","2025-05-19T07:30:00.000","2","PARKED",,"1969495",,"KIA","OPTIMA / K5","IL","2020","NONE","PASSENGER","PERSONAL","S","PARKED","Y",,"0",,,,,"Y",,,,,,,,,"Y","Y","Y",,"FRONT",,,,,,,,,,,,,,,,,,,,,,,,,,,,,,,,,
"2066061","6bec703d96e45646f70046cda8e51a1010c1833e574b9ecd4a347b8676805f101be65e4cfcf112ce90c590bcdd5f636f26f44d88f963d04db936a5fc921aae03","2025-05-19T07:29:00.000","1","DRIVER",,"1969476",,"FORD","FUSION","IL","2010","NONE","PASSENGER","TAXI/FOR HIRE","E","AVOIDING VEHICLES/OBJECTS","Y",,"1",,"private",,,"Y",,,,,,,,,,,"Y",,"FRONT-RIGHT-CORNER",,,,,,,,,,,,,,,,,,,,,,,,,,,,,,,,,
"2066030","b5ea0a0da206488e80945d7579822b6df54660492cac98569384d6e56ee6674b3512e81ae79ad5c75260de6276a9515c05fe019f13e45c436ccb4ac03534bf9b","2025-05-19T07:14:00.000","1","DRIVER",,"1969463",,"FORD","ESCORT","IL","2020","NONE","PASSENGER","OTHER","N","UNKNOWN/NA",,,"1",,,,,"Y",,,,,,,,,,"Y","Y",,"FRONT-RIGHT-CORNER",,,,,,,,,,,,,,,,,,,,,,,,,,,,,,,,,
"2066031","b5ea0a0da206488e80945d7579822b6df54660492cac98569384d6e56ee6674b3512e81ae79ad5c75260de6276a9515c05fe019f13e45c436ccb4ac03534bf9b","2025-05-19T07:14:00.000","2","DRIVER",,"1969478","Y","MACK TRUCKS, INC.","MACK TRUCKS, INC.","IL","2016","NONE","TRACTOR W/O SEMI-TRAILER","COMMERCIAL - SINGLE UNIT","N","STRAIGHT AHEAD",,,"1",,,,"Y",,,,,,,,,,,,,,"REAR-LEFT-CORNER","21454",,,,"DRIVER","2","NORTHERN MATERIALS INC","IL","MOKENA",,,,"N","N",,"N",,"N","N",,,,,,,,,"TRUCK/TRAILER","OTHER","UNKNOWN","N","N","MISCELLANEOUS"