"crash_unit_id","crash_record_id","crash_date","unit_no","unit_type","num_passengers","vehicle_id","cmrc_veh_i","make","model","lic_plate_state","vehicle_year","vehicle_defect","vehicle_type","vehicle_use","travel_direction","maneuver","towed_i","fire_i","occupant_cnt","exceed_speed_limit_i","towed_by","towed_to","area_00_i","area_01_i","area_02_i","area_03_i","area_04_i","area_05_i","area_06_i","area_07_i","area_08_i","area_09_i","area_10_i","area_11_i","area_12_i","area_99_i","first_contact_point","cmv_id","usdot_no","ccmc_no","ilcc_no","commercial_src","gvwr","carrier_name","carrier_state","carrier_city","hazmat_placards_i","hazmat_name","un_no","hazmat_present_i","hazmat_report_i","hazmat_report_no","mcs_report_i","mcs_report_no","hazmat_vio_cause_crash_i","mcs_vio_cause_crash_i","idot_permit_no","wide_load_i","trailer1_width","trailer2_width","trailer1_length","trailer2_length","total_vehicle_length","axle_cnt","vehicle_config","cargo_body_type","load_type","hazmat_out_of_service_i","mcs_out_of_service_i","hazmat_class"
"2066009","b4d2acb155901b60c51d1696ddfffcb5079632045932333f66d3c540e05c71edaefcadba86829b30416474906c85cfcf50c431bb0f44b0de67e82de58b1d20c0","2025-05-19T07:07:00.000","2","DRIVER",,"1969433",,"DODGE","CHARGER","IL","2020","NONE","PASSENGER","PERSONAL","N","TURNING LEFT",,,"1",,,,,,,,"Y","Y",,,,,,,,,"OTHER",,,,,,,,,,,,,,,,,,,,,,,,,,,,,,,,,
"2066010","b4d2acb155901b60c51d1696ddfffcb5079632045932333f66d3c540e05c71edaefcadba86829b30416474906c85cfcf50c431bb0f44b0de67e82de58b1d20c0","2025-05-19T07:07:00.000","1","DRIVER",,"1969429",,"TOYOTA","COROLLA","IL","2010","NONE","PASSENGER","PERSONAL","S","TURNING LEFT",,,"1",,,,,,,,,,,,,,,,"Y",,"FRONT",,,,,,,,,,,,,,,,,,,,,,,,,,,,,,,,,
"2066431","9510f7f2f29006fb2047b76fb907e4d7a0377874b6da199e16b21cb606911b356a1500b7ab0228f85d8b5f3ddef33f518aa2040e9f3dfcca6cb2a35d2e3d6939","2025-05-19T07:05:00.000","1","DRIVER",,"1969852",,"TOYOTA","CAMRY","IL","2018","UNKNOWN","SPORT UTILITY VEHICLE (SUV)","UNKNOWN/NA","N","STRAIGHT AHEAD",,,"1",,,,,"Y",,,,,,,,,,,,,"SIDE-RIGHT-FRONT",,,,,,,,,,,,,,,,,,,,,,,,,,,,,,,,,
"2066432","9510f7f2f29006fb2047b76fb907e4d7a0377874b6da199e16b21cb606911b356a1500b7ab0228f85d8b5f3ddef33f518aa2040e9f3dfcca6cb2a35d2e3d6939","2025-05-19T07:05:00.000","2","DRIVER","1","1969858",,"NISSAN","MURANO","IL","2014","NONE","SPORT UTILITY VEHICLE (SUV)","PERSONAL","W","STRAIGHT AHEAD",,,"2",,,,,,,,,,,,"Y",,,,,,"SIDE-LEFT-REAR",,,,,,,,,,,,,,,,,,,,,,,,,,,,,,,,,
"2066011","f0940802000cd862aee81af785f513534c466806c58e2625d24c05f94533927cf0aadf9a1fb5c368b1ae6532f9b1714992fe7700dbe86b31afae9affb31f5a17","2025-05-19T06:55:00.000","1","DRIVER",,"1969432",,"BMW","OTHER (EXPLAIN IN NARRATIVE)","IL",,"UNKNOWN","UNKNOWN/NA","UNKNOWN/NA","N","STRAIGHT AHEAD",,,"1",,,,,,,,,,,,,,,,"Y",,"FRONT",,,,,,,,,,,,,,,,,,,,,,,,,,,,,,,,,
"2066012","f0940802000cd862aee81af785f513534c466806c58e2625d24c05f94533927cf0aadf9a1fb5c368b1ae6532f9b1714992fe7700dbe86b31afae9affb31f5a17","2025-05-19T06:55:00.000","2","DRIVER",,"1969442",,"VOLKSWAGEN","ATLAS","IL","2022","NONE","SPORT UTILITY VEHICLE (SUV)","PERSONAL","N","STRAIGHT AHEAD",,,"1",,,,,,,,,,"Y",,,,,,,,"REAR",,,,,,,,,,,,,,,,,,,,,,,,,,,,,,,,,
"2066095","7422e5625cbd0a359b4992be8e1c5bfb42eb66cc1f5e79bd3bff2d73e3235812b13ca752cdee451bd62fbf198245b97ed652c6564cb3cbaa3b1a077ec0816d37","2025-05-19T06:40:00.000","1","DRIVER",,"1969517",,"SUBARU","OUTBACK","IL","2018","NONE","SPORT UTILITY VEHICLE (SUV)","PERSONAL","E","TURNING LEFT","Y",,"1",,"private",,,,,,,,,,,,"Y","Y",,,"FRONT-LEFT-CORNER",,,,,,,,,,,,,,,,,,,,,,,,,,,,,,,,,
"2066096","7422e5625cbd0a359b4992be8e1c5bfb42eb66cc1f5e79bd3bff2d73e3235812b13ca752cdee451bd62fbf198245b97ed652c6564cb3cbaa3b1a077ec0816d37","2025-05-19T06:40:00.000","2","DRIVER",,"1969522",,"BMW","328I","IL","2013","NONE","PASSENGER","PERSONAL","SE","STRAIGHT AHEAD","Y",,"1",,"private",,,"Y","Y",,,,,,,,,,"Y",,"FRONT-RIGHT-CORNER",,,,,,,,,,,,,,,,,,,,,,,,,,,,,,,,,
"2065995","efc302a7a8b16bac957b0e18c2cbc425e8f51df280face25e3b3a2ea15cee08a1fa02ef375e196fdf35b192124da049e62d1a2ac54987d5892c1dc5377839af2","2025-05-19T06:39:00.000","1","DRIVER",,"1969417",,"VOLKSWAGEN","OTHER (EXPLAIN IN NARRATIVE)","IL","2019","NONE","PASSENGER","PERSONAL","W","STRAIGHT AHEAD",,,"1",,,,,,,,,,,,,,,,"Y",,"FRONT",,,,,,,,,,,,,,,,,,,,,,,,,,,,,,,,,
"2065996","efc302a7a8b16bac957b0e18c2cbc425e8f51df280face25e3b3a2ea15cee08a1fa02ef375e196fdf35b192124da049e62d1a2ac54987d5892c1dc5377839af2","2025-05-19T06:39:00.000","2","DRIVER",,"1969421",,"MERCEDES-BENZ","S-CLASS","IL","1997","NONE","PASSENGER","PERSONAL","W","STRAIGHT AHEAD",,,"1",,,,,,,,,,"Y",,,,,,,,"REAR",,,,,,,,,,,,,,,,,,,,,,,,,,,,,,,,,
"2066355","26fef426b6c71d5606ada08304dc8f6d7f151c048f3f806ffbbd2744ff61cdba7714affd7b451b821b44b74a292b4c3d5659c074aece8d2b18b64ceed41cfd22","2025-05-19T06:30:00.000","1","DRIVER",,"1969772",,"KIA","SORENTO","IL","2021","UNKNOWN","SPORT UTILITY VEHICLE (SUV)","UNKNOWN/NA","N","STRAIGHT AHEAD",,,"1",,,,,,,,,,,,,,,,,"Y","FRONT",,,,,,,,,,,,,,,,,,,,,,,,,,,,,,,,,
"2066356","26fef426b6c71d5606ada08304dc8f6d7f151c048f3f806ffbbd2744ff61cdba7714affd7b451b821b44b74a292b4c3d5659c074aece8d2b18b64ceed41cfd22","2025-05-19T06:30:00.000","2","DRIVER",,"1969784",,"BMW","3 SERIES","IL","2013","NONE","SPORT UTILITY VEHICLE (SUV)","PERSONAL","N","SLOW/STOP IN TRAFFIC",,,"1",,,,,,,,,,"Y",,,,,,,,"REAR",,,,,,,,,,,,,,,,,,,,,,,,,,,,,,,,,
"2066170","d46bf0aa7dea60a2c0b3a0fc9754537d4f2923592e24c66a2a759ffc0f07f189ce87b14155932b6bfd616bfd4bc6fdddb148a738a20750b029a845d784c2f4ce","2025-05-19T06:30:00.000","1","DRIVER",,"1969584",,"UNKNOWN","OTHER (EXPLAIN IN NARRATIVE)",,,"UNKNOWN","UNKNOWN/NA","UNKNOWN/NA","UNKNOWN","UNKNOWN/NA",,,"1",,,,,,,,,,,,,,,,,"Y","UNKNOWN",,,,,,,,,,,,,,,,,,,,,,,,,,,,,,,,,
"2066171","d46bf0aa7dea60a2c0b3a0fc9754537d4f2923592e24c66a2a759ffc0f07f189ce87b14155932b6bfd616bfd4bc6fdddb148a738a20750b029a845d784c2f4ce","2025-05-19T06:30:00.000","2","PARKED",,"1969588",,"FORD","F150","IL","2015","NONE","PICKUP","PERSONAL","S","PARKED",,,"0",,,,,,,,,,,,"Y","Y","Y",,,,"SIDE-LEFT",,,,,,,,,,,,,,,,,,,,,,,,,,,,,,,,,
"2066001","67da4e9ba2e0cad7c27c8def6c073ac510e3c8cf7b09f198f7570a1ff132f148d6b61f5d1ac8f487ff1ec0d6139a4d8b72b71f802c6b3fb6afe9924a25f5676f","2025-05-19T06:29:00.000","1","DRIVER",,"1969428",,"FORD","EXPLORER","IL","2017","NONE","PASSENGER","POLICE","S","STRAIGHT AHEAD",,,"1",,,,,,,,,,,,,"Y","Y","Y",,,"FRONT",,,,,,,,,,,,,,,,,,,,,,,,,,,,,,,,,
"2066002","67da4e9ba2e0cad7c27c8def6c073ac510e3c8cf7b09f198f7570a1ff132f148d6b61f5d1ac8f487ff1ec0d6139a4d8b72b71f802c6b3fb6afe9924a25f5676f","2025-05-19T06:29:00.000","2","DRIVER",,"1969434",,"CHEVROLET","SUBURBAN","IL","2005","UNKNOWN","SPORT UTILITY VEHICLE (SUV)","PERSONAL","W","STRAIGHT AHEAD",,,"1",,,,,"Y",,,,,,"Y","Y",,,,,,"SIDE-LEFT-REAR",,,,,,,,,,,,,,,,,,,,,,,,,,,,,,,,,
"2066017","307c3bf3378fd08f67e16a936d3799328e326684f49ce6ac96e6cc683fbe46007d85f0c17c63999a5bde373d2172949f6ba5117c48c6871673b425b240e5453c","2025-05-19T06:23:00.000","1","DRIVER",,"1969451",,"NISSAN","MURANO","IL","2014","UNKNOWN","SPORT UTILITY VEHICLE (SUV)","PERSONAL","E","STARTING IN TRAFFIC",,,"1",,,,,,,,,,,,,,,,"Y",,"FRONT",,,,,,,,,,,,,,,,,,,,,,,,,,,,,,,,,
"2066018","307c3bf3378fd08f67e16a936d3799328e326684f49ce6ac96e6cc683fbe46007d85f0c17c63999a5bde373d2172949f6ba5117c48c6871673b425b240e5453c","2025-05-19T06:23:00.000","2","DRIVER",,"1969455",,"TOYOTA","CAMRY","IL","2018","NONE","PASSENGER","PERSONAL","N","STARTING IN TRAFFIC",,,"1",,,,,"Y","Y","Y",,,,,,,,,,,"SIDE-RIGHT",,,,,,,,,,,,,,,,,,,,,,,,,,,,,,,,,
"2066019","834b34ca7a87bb250516a6516dd5c8e956a8517ffb0175d5f4380cc9637eddb96b3f5131357845c45a2fa49c94c5beb8bdce53c68ce15b815cf48c46c6c78bb6","2025-05-19T06:15:00.000","1","DRIVER",,"1969443",,"FORD","FUSION","IL","2014","UNKNOWN","PASSENGER","PERSONAL","W","OTHER","Y",,"1",,"PRIVATE TOW",,,"Y","Y","Y",,,,,,,,,"Y",,"FRONT-RIGHT-CORNER",,,,,,,,,,,,,,,,,,,,,,,,,,,,,,,,,
"2066020","834b34ca7a87bb250516a6516dd5c8e956a8517ffb0175d5f4380cc9637eddb96b3f5131357845c45a2fa49c94c5beb8bdce53c68ce15b815cf48c46c6c78bb6","2025-05-19T06:15:00.000","2","PARKED",,"1969444",,"HONDA","CIVIC","IL","2008","UNKNOWN","PASSENGER","NOT IN USE","W","PARKED",,,"0",,,,,,,,,,"Y","Y","Y","Y",,,"Y",,"REAR-LEFT-CORNER",,,,,,,,,,,,,,,,,,,,,,,,,,,,,,,,,
"2066021","834b34ca7a87bb250516a6516dd5c8e956a8517ffb0175d5f4380cc9637eddb96b3f5131357845c45a2fa49c94c5beb8bdce53c68ce15b815cf48c46c6c78bb6","2025-05-19T06:15:00.000","3","PARKED",,"1969446",,"MERCEDES-BENZ","SPRINTER","IL","2023","UNKNOWN","VAN/MINI-VAN","NOT IN USE","W","PARKED",,,"0",,,,,,,,,,"Y",,,,,,,,"REAR",,,,,,,,,,,,,,,,,,,,,,,,,,,,,,,,,
"2066005","be3370d59855c1bd7c53d73c4a8eafd30ab8e75f025ca399054b918e41bb0de274db1f0047ef634f64818746d22b34a53f7bb235b23c9b9a5fe2db2a2074d23c","2025-05-19T06:15:00.000","1","DRIVER",,"1969424",,"FORD","FIESTA","IL","2015","UNKNOWN","PASSENGER","UNKNOWN/NA","N","STRAIGHT AHEAD",,,"1",,,,,"Y",,,,,,,,,,"Y","Y",,"FRONT",,,,,,,,,,,,,,,,,,,,,,,,,,,,,,,,,
"2066006","be3370d59855c1bd7c53d73c4a8eafd30ab8e75f025ca399054b918e41bb0de274db1f0047ef634f64818746d22b34a53f7bb235b23c9b9a5fe2db2a2074d23c","2025-05-19T06:15:00.000","2","DRIVER",,"1969427",,"NISSAN","QUEST","IL","2014","NONE","VAN/MINI-VAN","PERSONAL","N","STRAIGHT AHEAD",,,"1",,,,,,,,,"Y","Y","Y",,,,,,,"REAR",,,,,,,,,,,,,,,,,,,,,,,,,,,,,,,,,
"2066062","e02eba15c7ec352a59ed581e3c26bf1b947800f9b58d2c07bc48d2c57fb69160e18c0568b451326e1e1d2f99efa0b43df11fa453f84ccb077b19699525f592bd","2025-05-19T06:04:00.000","1","DRIVER","1","1969494",,"NISSAN","VERSA","IL","2024","UNKNOWN","PASSENGER","PERSONAL","N","STRAIGHT AHEAD",,,"2",,,,,"Y","Y",,,,,,,,"Y","Y","Y",,"FRONT",,,,,,,,,,,,,,,,,,,,,,,,,,,,,,,,,
"2066063","e02eba15c7ec352a59ed581e3c26bf1b947800f9b58d2c07bc48d2c57fb69160e18c0568b451326e1e1d2f99efa0b43df11fa453f84ccb077b19699525f592bd","2025-05-19T06:04:00.000","2","DRIVER",,"1969516",,"HONDA","HR-V","IL","2024","UNKNOWN","PASSENGER","PERSONAL","N","STRAIGHT AHEAD","Y",,"1",,"PRIVATE TOW",,,"Y","Y",,,"Y","Y","Y",,,"Y","Y","Y",,"FRONT",,,,,,,,,,,,,,,,,,,,,,,,,,,,,,,,,
"2066064","e02eba15c7ec352a59ed581e3c26bf1b947800f9b58d2c07bc48d2c57fb69160e18c0568b451326e1e1d2f99efa0b43df11fa453f84ccb077b19699525f592bd","2025-05-19T06:04:00.000","3","DRIVER",,"1969527",,"CHEVROLET","TAHOE","IL","2019","NONE","PASSENGER","PERSONAL","N","STRAIGHT AHEAD","Y",,"1",,"PRIVATE TOW",,,,,,,"Y","Y","Y",,,,,,,"REAR",,,,,,,,,,,,,,,,,,,,,,,,,,,,,,,,,
"2066007","f4f85c2131e8e12e05f64dfba61027bbb28d54862f36672721b3ecb0bb9f60a9258c58eac70aa3b2770cd5ccc63d4ea6e826fc913e3c8650966d926124b75fb9","2025-05-19T05:51:00.000","1","DRIVER","1","1969440",,"CHEVROLET","IMPALA","IL","2017","UNKNOWN","PASSENGER","RIDESHARE SERVICE","N","TURNING LEFT","Y",,"2",,"STREETS AND SANITATION","500 E LOWER WACKER DRIVE",,"Y","Y","Y","Y","Y","Y",,,,"Y","Y","Y",,"FRONT",,,,,,,,,,,,,,,,,,,,,,,,,,,,,,,,,
"2066008","f4f85c2131e8e12e05f64dfba61027bbb28d54862f36672721b3ecb0bb9f60a9258c58eac70aa3b2770cd5ccc63d4ea6e826fc913e3c8650966d926124b75fb9","2025-05-19T05:51:00.000","2","DRIVER",,"1969448",,"TOYOTA","RAV4","IL","2011","UNKNOWN","PASSENGER","UNKNOWN/NA","S","STRAIGHT AHEAD","Y",,"1",,"STREETS AND SANITATION","500 E LOWER WACKER DRIVE",,"Y",,,,,,,,,"N","Y","Y",,"FRONT",,,,,,,,,,,,,,,,,,,,,,,,,,,,,,,,,
"2066297","3e5e671a5efeb534c0b234035a777f35e69d2091ccab9d43f9a36c543f5f92151d82b5c4ef1cf24487a732702526a5bf39536bdfd1e10fb13ec82e9f1a6c8150","2025-05-19T05:00:00.000","1","DRIVER",,"1969716",,"SCION","TC","IL","2005","NONE","PASSENGER","PERSONAL","E","STRAIGHT AHEAD",,,"1",,,,,"Y",,,,,,,,,,"N","Y",,"FRONT-RIGHT-CORNER",,,,,,,,,,,,,,,,,,,,,,,,,,,,,,,,,
"2066298","3e5e671a5efeb534c0b234035a777f35e69d2091ccab9d43f9a36c543f5f92151d82b5c4ef1cf24487a732702526a5bf39536bdfd1e10fb13ec82e9f1a6c8150","2025-05-19T05:00:00.000","2","DRIVER",,"1969734",,"TOYOTA","4RUNNER","IL","2009","NONE","PASSENGER","PERSONAL","S","STRAIGHT AHEAD",,,"1",,,,,,,,,"Y",,"N",,,,,,,"REAR-RIGHT-CORNER",,,,,,,,,,,,,,,,,,,,,,,,,,,,,,,,,
"2066024","bbf6b7fcc3aadb80225eec616e1ea1dcd08d7f42dafa3991af21c79b195cc6a7e4f14b15c42944588321149db477b651a5fc8e858f05ae032bc9ec294cd7a53d","2025-05-19T05:00:00.000","1","DRIVER",,"1969447",,"UNKNOWN","OTHER (EXPLAIN IN NARRATIVE)",,,"UNKNOWN","UNKNOWN/NA","UNKNOWN/NA","UNKNOWN","UNKNOWN/NA",,,"1",,,,,"N",,,,,,,,,,,"N",,"UNKNOWN",,,,,,,,,,,,,,,,,,,,,,,,,,,,,,,,,
"2066025","bbf6b7fcc3aadb80225eec616e1ea1dcd08d7f42dafa3991af21c79b195cc6a7e4f14b15c42944588321149db477b651a5fc8e858f05ae032bc9ec294cd7a53d","2025-05-19T05:00:00.000","2","PARKED",,"1969450","N","FORD","EXPLORER","IL","2020","UNKNOWN","SPORT UTILITY VEHICLE (SUV)","POLICE","N","PARKED",,,"0",,,,,,,,,,,,,"Y","Y","Y",,,"SIDE-LEFT",,,,,,,,,,,,,,,,,,,,,,,,,,,,,,,,,
"2065986","464c594addbac5d4469e287dd602b0fd16508f9d77ec13296aa34b8b5e3ec0b113f86d5d186db13fd5d06a822a9ab4338921b1db9a91c98a9ef4eba9f9044e66","2025-05-19T04:08:00.000","1","DRIVER",,"1969415",,"FORD","EDGE","IL","2018","UNKNOWN","PASSENGER","PERSONAL","N","PASSING/OVERTAKING","Y",,"1",,"CITY OF CHICAGO","701 N SACRAMENTO AVE",,"Y",,,,,,,,,,"Y","Y",,"FRONT",,,,,,,,,,,,,,,,,,,,,,,,,,,,,,,,,
"2065987","464c594addbac5d4469e287dd602b0fd16508f9d77ec13296aa34b8b5e3ec0b113f86d5d186db13fd5d06a822a9ab4338921b1db9a91c98a9ef4eba9f9044e66","2025-05-19T04:08:00.000","2","DRIVER","4","1969445",,"KIA","SEDONA","IL","2012","NONE","PASSENGER","PERSONAL","N","OTHER",,,"5",,,,,,,,,,,"Y","Y","Y",,,,,"REAR-LEFT-CORNER",,,,,,,,,,,,,,,,,,,,,,,,,,,,,,,,,
"2065988","464c594addbac5d4469e287dd602b0fd16508f9d77ec13296aa34b8b5e3ec0b113f86d5d186db13fd5d06a822a9ab4338921b1db9a91c98a9ef4eba9f9044e66","2025-05-19T04:08:00.000","3","PARKED",,"1969419",,"CHEVROLET","SILVERADO","IL","2012","NONE","PASSENGER","PERSONAL","N","PARKED",,,"0",,,,,,,,,"Y","Y","Y",,,,,"Y",,"REAR",,,,,,,,,,,,,,,,,,,,,,,,,,,,,,,,,
"2065989","464c594addbac5d4469e287dd602b0fd16508f9d77ec13296aa34b8b5e3ec0b113f86d5d186db13fd5d06a822a9ab4338921b1db9a91c98a9ef4eba9f9044e66","2025-05-19T04:08:00.000","4","PARKED",,"1969423",,"ACURA","TLX","IL","2008","UNKNOWN","PASSENGER","PERSONAL","N","PARKED",,,"0",,,,,"Y",,,,"Y","Y","Y",,,,"Y","Y",,"REAR",,,,,,,,,,,,,,,,,,,,,,,,,,,,,,,,,
"2065990","464c594addbac5d4469e287dd602b0fd16508f9d77ec13296aa34b8b5e3ec0b113f86d5d186db13fd5d06a822a9ab4338921b1db9a91c98a9ef4eba9f9044e66","2025-05-19T04:08:00.000","5","PARKED",,"1969431",,"DODGE","DURANGO","IL","2017","NONE","PASSENGER","PERSONAL","N","PARKED",,,"0",,,,,,,,,,"Y",,,,,,,,"REAR",,,,,,,,,,,,,,,,,,,,,,,,,,,,,,,,,
"2066520","9f3ea67e0b8800172016e0ef6528bb5810f4f62255f44adcd77c35483266a88e6909fd65ca867c26c1f52707ccccbd75e27ad6429e65c25f7fd96a23852908f3","2025-05-19T02:55:00.000","1","DRIVER",,"1969918",,"HONDA","HR-V","IL","2016","UNKNOWN","SPORT UTILITY VEHICLE (SUV)","UNKNOWN/NA","N","LEAVING TRAFFIC LANE TO PARK",,,"1",,,,,,,,,,,,,,,,,"Y","FRONT",,,,,,,,,,,,,,,,,,,,,,,,,,,,,,,,,
"2066521","9f3ea67e0b8800172016e0ef6528bb5810f4f62255f44adcd77c35483266a88e6909fd65ca867c26c1f52707ccccbd75e27ad6429e65c25f7fd96a23852908f3","2025-05-19T02:55:00.000","2","PARKED",,"1969927",,"LINCOLN","TOWNCAR","IL","2006","NONE","PASSENGER","UNKNOWN/NA","N","PARKED",,,"0",,,,,,,,,,"Y",,,,,,,,"REAR",,,,,,,,,,,,,,,,,,,,,,,,,,,,,,,,,
"2066380","5a7ed1c8cb67b41fee004fa50470220e5ddea35b7547de347e804a103b7374da7aa0f26c88b9681c7a913212c18c14ec45096a895e71a6949e09c4b517fa927d","2025-05-19T02:30:00.000","1","DRIVER",,"1969787",,"JEEP","CHEROKEE","IL","2014","UNKNOWN","SPORT UTILITY VEHICLE (SUV)","UNKNOWN/NA","N","STRAIGHT AHEAD",,,"1",,,,,"Y",,,,,,,,,,,,,"FRONT-RIGHT-CORNER",,,,,,,,,,,,,,,,,,,,,,,,,,,,,,,,,
"2066381","5a7ed1c8cb67b41fee004fa50470220e5ddea35b7547de347e804a103b7374da7aa0f26c88b9681c7a913212c18c14ec45096a895e71a6949e09c4b517fa927d","2025-05-19T02:30:00.000","2","PARKED",,"1969798",,"AUDI","Q7","IL","2017","UNKNOWN","SPORT UTILITY VEHICLE (SUV)","UNKNOWN/NA","N","PARKED",,,"0",,,,,,,,,,,,,"Y","Y","Y",,,"SIDE-LEFT",,,,,,,,,,,,,,,,,,,,,,,,,,,,,,,,,
"2066382","5a7ed1c8cb67b41fee004fa50470220e5ddea35b7547de347e804a103b7374da7aa0f26c88b9681c7a913212c18c14ec45096a895e71a6949e09c4b517fa927d","2025-05-19T02:30:00.000","3","PARKED",,"1969806",,"HONDA","ODYSSEY","IL","2011","NONE","SPORT UTILITY VEHICLE (SUV)","UNKNOWN/NA","N","PARKED",,,"0",,,,,,,,,,,"Y","Y","Y",,,,,"SIDE-LEFT-REAR",,,,,,,,,,,,,,,,,,,,,,,,,,,,,,,,,
"2065974","e5cba59fa75f999526326d389a451d822a71a4ddb71b0260eef4de89ea014775e4b90377e1cf87552994c629293e0994704ed83e2c50f519913f38aebfbdf2e0","2025-05-19T02:15:00.000","1","DRIVER",,"1969398",,"UNKNOWN","OTHER (EXPLAIN IN NARRATIVE)",,,"NONE","PICKUP","PERSONAL","N","STRAIGHT AHEAD",,,"1",,,,,,,,,,,,,,,"Y","Y",,"FRONT",,,,,,,,,,,,,,,,,,,,,,,,,,,,,,,,,
"2065975","e5cba59fa75f999526326d389a451d822a71a4ddb71b0260eef4de89ea014775e4b90377e1cf87552994c629293e0994704ed83e2c50f519913f38aebfbdf2e0","2025-05-19T02:15:00.000","2","DRIVER",,"1969399",,"NISSAN","SENTRA","IL","2019","NONE","PASSENGER","PERSONAL","N","STRAIGHT AHEAD",,,"1",,,,,,,,,"Y","Y","Y",,,,,,,"REAR",,,,,,,,,,,,,,,,,,,,,,,,,,,,,,,,,
"2065976","2d141751a6383b7b3bda4d190d34a0ce3a1a8a455451132258be8946921b642fd88c3a9fe8ac6ec2282dc791c5ce6ee2cd0092212631c944c8727aee0ae47aef","2025-05-19T02:13:00.000","1","DRIVER",,"1969403",,"FORD","FUSION","IL","2010","UNKNOWN","UNKNOWN/NA","UNKNOWN/NA","UNKNOWN","STRAIGHT AHEAD","Y",,"1",,"CPD","DOTY ROAD POUND 2",,"Y",,,,,,,,,,"Y","Y","Y","FRONT-LEFT-CORNER",,,,,,,,,,,,,,,,,,,,,,,,,,,,,,,,,
"2065977","2d141751a6383b7b3bda4d190d34a0ce3a1a8a455451132258be8946921b642fd88c3a9fe8ac6ec2282dc791c5ce6ee2cd0092212631c944c8727aee0ae47aef","2025-05-19T02:13:00.000","2","PARKED",,"1969404",,"FORD","ESCAPE","IL","2021","UNKNOWN","UNKNOWN/NA","UNKNOWN/NA","UNKNOWN","PARKED",,,"0",,,,,,,,,"Y","Y","Y",,,,,,"Y","UNKNOWN",,,,,,,,,,,,,,,,,,,,,,,,,,,,,,,,,
"2065978","2d141751a6383b7b3bda4d190d34a0ce3a1a8a455451132258be8946921b642fd88c3a9fe8ac6ec2282dc791c5ce6ee2cd0092212631c944c8727aee0ae47aef","2025-05-19T02:13:00.000","3","PARKED",,"1969405",,"HONDA","PILOT","IL","2022","UNKNOWN","UNKNOWN/NA","UNKNOWN/NA","UNKNOWN","PARKED",,,"0",,,,,"Y","Y","Y","Y","Y",,,,,,,,"Y","SIDE-RIGHT-FRONT",,,,,,,,,,,,,,,,,,,,,,,,,,,,,,,,,
"2066372","639d681510f3d0ebbd6f05ac5dc76ae9abbc110f58001d4a1afdd289d276130d206666552856e54505095dc4aa3e4a5915e1bcabeeeba70dcad32f95a9d31ace","2025-05-19T02:00:00.000","1","DRIVER",,"1969775",,"UNKNOWN","MOTORIZED",,,"UNKNOWN","UNKNOWN/NA","UNKNOWN/NA","UNKNOWN","STRAIGHT AHEAD",,,"1",,,,,,,,,,,,,,,,,"Y","UNKNOWN",,,,,,,,,,,,,,,,,,,,,,,,,,,,,,,,,
"2066373","639d681510f3d0ebbd6f05ac5dc76ae9abbc110f58001d4a1afdd289d276130d206666552856e54505095dc4aa3e4a5915e1bcabeeeba70dcad32f95a9d31ace","2025-05-19T02:00:00.000","2","PARKED",,"1969778",,"CHEVROLET","EQUINOX","IL","2023","UNKNOWN","SPORT UTILITY VEHICLE (SUV)","NOT IN USE","S","PARKED",,,"0",,,,,,,,,,"Y",,,,,,,,"REAR",,,,,,,,,,,,,,,,,,,,,,,,,,,,,,,,,
"2065980","667c9e3463ecfe76396d19f0eab179650236cd89266ce4681a3fe5afa61f259a5349302863107231f80f3a6685f92cc337c7b2fd5da8bd002c230733f29577bc","2025-05-19T02:00:00.000","1","DRIVER","1","1969407",,"GENERAL MOTORS CORPORATION (GMC)","ACADIA","IL","2016","UNKNOWN","PASSENGER","PERSONAL","S","STRAIGHT AHEAD","Y",,"2",,"CITY OF CHICAGO","103 DOTY ROAD",,"Y",,,,,,,,,,,,,"FRONT-RIGHT-CORNER",,,,,,,,,,,,,,,,,,,,,,,,,,,,,,,,,
"2065961","85e47fb10858aa2bcd93c158a9beebdcb7d4600b78148c45bd6ed7d3b9334c27e5fb6f02a1f3a2a32ded2b39c7b5d1d2a4f5a124164415080e2b5a9998a231b5","2025-05-19T01:50:00.000","1","DRIVER",,"1969388",,"LEXUS","OTHER (EXPLAIN IN NARRATIVE)","XX",,"UNKNOWN","PASSENGER","PERSONAL","W","STRAIGHT AHEAD",,,"1",,,,,"Y","Y",,,,,,,,,,"Y",,"FRONT-RIGHT-CORNER",,,,,,,,,,,,,,,,,,,,,,,,,,,,,,,,,