"crash_unit_id","crash_record_id","crash_date","unit_no","unit_type","num_passengers","vehicle_id","cmrc_veh_i","make","model","lic_plate_state","vehicle_year","vehicle_defect","vehicle_type","vehicle_use","travel_direction","maneuver","towed_i","fire_i","occupant_cnt","exceed_speed_limit_i","towed_by","towed_to","area_00_i","area_01_i","area_02_i","area_03_i","area_04_i","area_05_i","area_06_i","area_07_i","area_08_i","area_09_i","area_10_i","area_11_i","area_12_i","area_99_i","first_contact_point","cmv_id","usdot_no","ccmc_no","ilcc_no","commercial_src","gvwr","carrier_name","carrier_state","carrier_city","hazmat_placards_i","hazmat_name","un_no","hazmat_present_i","hazmat_report_i","hazmat_report_no","mcs_report_i","mcs_report_no","hazmat_vio_cause_crash_i","mcs_vio_cause_crash_i","idot_permit_no","wide_load_i","trailer1_width","trailer2_width","trailer1_length","trailer2_length","total_vehicle_length","axle_cnt","vehicle_config","cargo_body_type","load_type","hazmat_out_of_service_i","mcs_out_of_service_i","hazmat_class"
"2065844","bb03b73ea4aa6ffa044efebc16ef45664dac325c439ec84b53d6cc19e550c88e3e357d40755751e61a681bddbd06b5bd395213e6a1960ae144fc6cad6996b3a5","2025-05-18T20:20:00.000","2","PARKED",,"1969281",,"VOLVO","XC90","WI","2016","UNKNOWN","PASSENGER","PERSONAL","W","PARKED",,,"0",,,,,,,,,,,"Y","Y","Y","Y","Y",,,"REAR-LEFT-CORNER",,,,,,,,,,,,,,,,,,,,,,,,,,,,,,,,,
"2065861","31f9a7d87f2d1290aafc01a82e6670ec00f1d1c4d26052a08c4fba6a7949d73806178ed6490d6c074cdc26612c6df81ee9e6c93791676ad2e647c7f57760a895","2025-05-18T20:00:00.000","1","DRIVER",,"1969284",,"UNKNOWN","OPEN BODY",,,"UNKNOWN","PASSENGER","PERSONAL","W","CHANGING LANES",,,"1",,,,,"Y","Y","Y",,,,,,,,,,,"FRONT-LEFT-CORNER",,,,,,,,,,,,,,,,,,,,,,,,,,,,,,,,,
"2065862","31f9a7d87f2d1290aafc01a82e6670ec00f1d1c4d26052a08c4fba6a7949d73806178ed6490d6c074cdc26612c6df81ee9e6c93791676ad2e647c7f57760a895","2025-05-18T20:00:00.000","2","DRIVER",,"1969290",,"NOVA BUS","OTHER (EXPLAIN IN NARRATIVE)","IL","2016","NONE","BUS OVER 15 PASS.","OTHER","W","STRAIGHT AHEAD",,,"1",,,,,,,,,,,,,"Y","Y","Y",,,"FRONT-LEFT-CORNER",,,,,,,,,,,,,,,,,,,,,,,,,,,,,,,,,
"2066040","d9aa640fba2662f7fc5a8d2defc0b128a2c8863a3336f007a8a9d3a182b7d7091da100010337292810d193aee59bbe1380ce9264a51e6cb39b8c9c586398dc4f","2025-05-18T20:00:00.000","1","DRIVER",,"1969460",,"UNKNOWN","ENCLOSED BODY",,,"UNKNOWN","UNKNOWN/NA","UNKNOWN/NA","UNKNOWN","UNKNOWN/NA",,,"1",,,,,,,,,,,,,,,,,"Y","UNKNOWN",,,,,,,,,,,,,,,,,,,,,,,,,,,,,,,,,
"2066041","d9aa640fba2662f7fc5a8d2defc0b128a2c8863a3336f007a8a9d3a182b7d7091da100010337292810d193aee59bbe1380ce9264a51e6cb39b8c9c586398dc4f","2025-05-18T20:00:00.000","2","PARKED",,"1969465",,"GENERAL MOTORS CORPORATION (GMC)","YUKON","IN","2017","NONE","PASSENGER","NOT IN USE","S","PARKED",,,"0",,,,,,,,,,,,,,"Y","Y",,,"FRONT-LEFT-CORNER",,,,,,,,,,,,,,,,,,,,,,,,,,,,,,,,,
"2065884","df86685beb68925d97577a241021b50eed7c115ab77d11163ffb88c8736481cad7a2db2eab6b1c72d073ea0bf08f2d002c9e027bb3ee67799dd2fdf5a330c434","2025-05-18T20:00:00.000","1","DRIVER",,"1969305",,"BMW","X5",,,"UNKNOWN","PASSENGER","PERSONAL","S","STRAIGHT AHEAD",,,"1",,,,,,,,,,,,,,,,"Y",,"FRONT",,,,,,,,,,,,,,,,,,,,,,,,,,,,,,,,,
"2065885","df86685beb68925d97577a241021b50eed7c115ab77d11163ffb88c8736481cad7a2db2eab6b1c72d073ea0bf08f2d002c9e027bb3ee67799dd2fdf5a330c434","2025-05-18T20:00:00.000","2","DRIVER",,"1969309",,"INFINITI","G37",,,"UNKNOWN","PASSENGER","PERSONAL","S","STRAIGHT AHEAD",,,"1",,,,,,,,,,"Y",,,,,,,,"REAR",,,,,,,,,,,,,,,,,,,,,,,,,,,,,,,,,
"2065851","070f7ba88faa78021da3cf3c1cb69cf87de8383895ad330cbe65789c42c0a4e04702364de48255f929bd14eebcd30428317e19fd71f7314b20b9ed2c680d170a","2025-05-18T19:48:00.000","1","DRIVER","1","1969282",,"CHEVROLET","MALIBU","IL","2015","UNKNOWN","PASSENGER","PERSONAL","W","STRAIGHT AHEAD","Y",,"2",,"STREETS AND SANITATION",,,"Y",,,,,,,,,,"Y","Y",,"FRONT",,,,,,,,,,,,,,,,,,,,,,,,,,,,,,,,,
"2065852","070f7ba88faa78021da3cf3c1cb69cf87de8383895ad330cbe65789c42c0a4e04702364de48255f929bd14eebcd30428317e19fd71f7314b20b9ed2c680d170a","2025-05-18T19:48:00.000","2","DRIVER",,"1969288",,"NISSAN","SENTRA","IL","2021","UNKNOWN","PASSENGER","PERSONAL","E","STRAIGHT AHEAD","Y",,"1",,"PRIVATE TOW",,,,,,,,,,,,,"Y","Y",,"FRONT-LEFT-CORNER",,,,,,,,,,,,,,,,,,,,,,,,,,,,,,,,,
"2065855","bf34ad30b4ec25c144155eb2e0e61b96f4da8cb3347a089a51a6ee1a5859d2250d77924253cbea095cf201c834ed90ac8002d69cb9a1237d4563bc9915ca8ff9","2025-05-18T19:48:00.000","1","DRIVER",,"1969299",,"HONDA","ACCORD","IL","2013","NONE","PASSENGER","PERSONAL","S","BACKING",,,"1",,,,,,,,,,,,,,,,,"Y","REAR",,,,,,,,,,,,,,,,,,,,,,,,,,,,,,,,,
"2065856","bf34ad30b4ec25c144155eb2e0e61b96f4da8cb3347a089a51a6ee1a5859d2250d77924253cbea095cf201c834ed90ac8002d69cb9a1237d4563bc9915ca8ff9","2025-05-18T19:48:00.000","2","PARKED",,"1969294",,"JEEP","WRANGLER","IL","2021","NONE","SPORT UTILITY VEHICLE (SUV)","PERSONAL","E","PARKED",,,"0",,,,,,,,,,,,,"Y",,,,,"SIDE-LEFT",,,,,,,,,,,,,,,,,,,,,,,,,,,,,,,,,
"2065849","76e583d43409c57a9e51bd2c198f1ed58f14b463d27f017d138c50328b7a8ee8d19aadd34b2fca8c6edab8adf49a9b72fb4ad1931b6d0fd6d0808d99285cea7c","2025-05-18T19:40:00.000","1","DRIVER",,"1969280",,"GENERAL MOTORS CORPORATION (GMC)","SIERRA","IL","2021","UNKNOWN","PICKUP","UNKNOWN/NA","E","UNKNOWN/NA",,,"1",,,,,"Y","Y","Y",,,,,,,,,,,"UNKNOWN",,,,,,,,,,,,,,,,,,,,,,,,,,,,,,,,,
"2065850","76e583d43409c57a9e51bd2c198f1ed58f14b463d27f017d138c50328b7a8ee8d19aadd34b2fca8c6edab8adf49a9b72fb4ad1931b6d0fd6d0808d99285cea7c","2025-05-18T19:40:00.000","2","PARKED",,"1969283",,"FORD","TRANSIT CONNECT","IL","2016","UNKNOWN","VAN/MINI-VAN","UNKNOWN/NA","E","PARKED",,,"0",,,,,,,,,,,,,,"Y","Y",,,"FRONT-LEFT-CORNER",,,,,,,,,,,,,,,,,,,,,,,,,,,,,,,,,
"2066637","533b948c15b861c11453a68f4fcc0d43aa34fdf0777dd3962026250d8e53dfffda2a8e6ca74001a951595f0e794de42c0325b11d8591dd90e74929899e9ffa6b","2025-05-18T19:32:00.000","1","DRIVER",,"1970049",,"TOYOTA","COROLLA","IL","2012","UNKNOWN","PASSENGER","PERSONAL","N","TURNING LEFT",,,"1",,,,,,,,,,,"Y","Y",,,,,,"REAR-LEFT-CORNER",,,,,,,,,,,,,,,,,,,,,,,,,,,,,,,,,
"2066638","533b948c15b861c11453a68f4fcc0d43aa34fdf0777dd3962026250d8e53dfffda2a8e6ca74001a951595f0e794de42c0325b11d8591dd90e74929899e9ffa6b","2025-05-18T19:32:00.000","2","DRIVER",,"1970053",,"CHEVROLET","SUBURBAN","IL","2019","NONE","SPORT UTILITY VEHICLE (SUV)","TAXI/FOR HIRE","E","STRAIGHT AHEAD",,,"1",,,,,"Y","Y",,,,,,,,,,"Y",,"REAR-RIGHT-CORNER",,,,,,,,,,,,,,,,,,,,,,,,,,,,,,,,,
"2065838","f165b9caf6ce9bd2bb45e6c470db548ecdf0c2a70976cdfc7ae77260df706f8e3a9e50bc08f0ce58ffafa918a7740b6efaa79784dd8781add20ba048429f2030","2025-05-18T19:31:00.000","1","DRIVER",,"1969271",,"CHEVROLET","MALIBU","WI","2020","NONE","PASSENGER","PERSONAL","S","PASSING/OVERTAKING",,,"1",,,,,,,,"Y","Y",,,,,,,,,"SIDE-RIGHT",,,,,,,,,,,,,,,,,,,,,,,,,,,,,,,,,
"2065839","f165b9caf6ce9bd2bb45e6c470db548ecdf0c2a70976cdfc7ae77260df706f8e3a9e50bc08f0ce58ffafa918a7740b6efaa79784dd8781add20ba048429f2030","2025-05-18T19:31:00.000","2","DRIVER","2","1969275",,"JEEP","RENEGADE","IL","2016","NONE","SPORT UTILITY VEHICLE (SUV)","PERSONAL","S","TURNING LEFT",,,"3",,,,,,,,,,,,,,,"Y",,,"FRONT-LEFT-CORNER",,,,,,,,,,,,,,,,,,,,,,,,,,,,,,,,,
"2065834","b227daad53b648a5a48c56c765c2ad953c9ae866235d9dc09328aa5235e905a72b2fc6e922872bbac6bf1b1ec9e470856b14db172ce73f1fcd613fbc28525d57","2025-05-18T19:30:00.000","1","DRIVER",,"1969267",,"CHEVROLET","MALIBU","IL","2006","NONE","PASSENGER","PERSONAL","E","STRAIGHT AHEAD",,,"1",,,,,,,,,,"Y",,,,,,,,"REAR",,,,,,,,,,,,,,,,,,,,,,,,,,,,,,,,,
"2065835","b227daad53b648a5a48c56c765c2ad953c9ae866235d9dc09328aa5235e905a72b2fc6e922872bbac6bf1b1ec9e470856b14db172ce73f1fcd613fbc28525d57","2025-05-18T19:30:00.000","2","DRIVER",,"1969268",,"NISSAN","ROGUE","IL","2023","NONE","PASSENGER","PERSONAL","E","STRAIGHT AHEAD",,,"1",,,,,,,,,,,,,,,,"Y",,"FRONT",,,,,,,,,,,,,,,,,,,,,,,,,,,,,,,,,
"2066566","3d9352d64ac27d2b6ea895b74f329928fb326489be740ea112666bcab2431bdb5eded3944ad1982af8643aa1bdcc647bb9b38f6840fff2972509a375f74d6d9b","2025-05-18T19:15:00.000","1","DRIVER",,"1969975",,"CHEVROLET","TAHOE","IL","2007","UNKNOWN","PASSENGER","UNKNOWN/NA","E","STRAIGHT AHEAD",,,"1",,,,,"N",,,,,,,,,,"N","N","Y","FRONT",,,,,,,,,,,,,,,,,,,,,,,,,,,,,,,,,
"2066567","3d9352d64ac27d2b6ea895b74f329928fb326489be740ea112666bcab2431bdb5eded3944ad1982af8643aa1bdcc647bb9b38f6840fff2972509a375f74d6d9b","2025-05-18T19:15:00.000","2","DRIVER","1","1969980",,"HYUNDAI","SONATA","IL","2015","NONE","PASSENGER","PERSONAL","E","STRAIGHT AHEAD",,,"2",,,,,,,,,"Y","Y","Y",,,,,,,"REAR",,,,,,,,,,,,,,,,,,,,,,,,,,,,,,,,,
"2065847","52fc0aede53471a634ae68eb64961170deb859d17bdac454554b2f60acc3784f47eb293f9d215977a6111d06ff6927476c31210d642b30bf3d9a536acb3ffa1e","2025-05-18T19:15:00.000","1","DRIVER",,"1969278",,"CHEVROLET","IMPALA","OH","2022","UNKNOWN","PASSENGER","UNKNOWN/NA","S","UNKNOWN/NA",,,"1",,,,,,,,,,,,,,,,,"Y","UNKNOWN",,,,,,,,,,,,,,,,,,,,,,,,,,,,,,,,,
"2065848","52fc0aede53471a634ae68eb64961170deb859d17bdac454554b2f60acc3784f47eb293f9d215977a6111d06ff6927476c31210d642b30bf3d9a536acb3ffa1e","2025-05-18T19:15:00.000","2","DRIVER",,"1969279",,"NISSAN","ALTIMA","IL","2023","UNKNOWN","PASSENGER","UNKNOWN/NA","S","MERGING",,,"1",,,,,"Y",,,,,,,,,,,,,"FRONT-RIGHT-CORNER",,,,,,,,,,,,,,,,,,,,,,,,,,,,,,,,,
"2065833","5df7b06cf674162952f890076ef7361865025252daa937c0978200b40c8928cb96000ef5ca007409db524f2ac44e06186c92a9ebdf6e956d7d807d8fa0c26178","2025-05-18T18:57:00.000","2","DRIVER",,"1969273",,"NISSAN","ROGUE","IL","2023","NONE","SPORT UTILITY VEHICLE (SUV)","PERSONAL","E","STRAIGHT AHEAD",,,"1",,,,,,"Y","Y","Y","Y",,,,,,,,,"SIDE-RIGHT",,,,,,,,,,,,,,,,,,,,,,,,,,,,,,,,,
"2065840","5df7b06cf674162952f890076ef7361865025252daa937c0978200b40c8928cb96000ef5ca007409db524f2ac44e06186c92a9ebdf6e956d7d807d8fa0c26178","2025-05-18T18:57:00.000","1","DRIVER",,"1969270",,"NISSAN","ALTIMA","IL","2020","NONE","PASSENGER","PERSONAL","E","ENTERING TRAFFIC LANE FROM PARKING","Y",,"1",,"PRIVATE TOW",,,,,,,,,,,,"Y","Y","Y",,"FRONT-LEFT-CORNER",,,,,,,,,,,,,,,,,,,,,,,,,,,,,,,,,
"2065797","9c6cbb3fdcbb35af458d96c92630e0e839babf1464c5960d8fcd3bc337c2755d91c195aa2e651a75fc0b22d9dc60c5538a236b5b3fa818aed1baddfce4a76ce2","2025-05-18T18:49:00.000","1","DRIVER",,"1969230",,"UNKNOWN","OTHER (EXPLAIN IN NARRATIVE)","XX",,"UNKNOWN","UNKNOWN/NA","UNKNOWN/NA","UNKNOWN","UNKNOWN/NA",,,"1",,,,,"Y","Y",,,,,,,,,,"Y",,"FRONT-RIGHT-CORNER",,,,,,,,,,,,,,,,,,,,,,,,,,,,,,,,,
"2065798","9c6cbb3fdcbb35af458d96c92630e0e839babf1464c5960d8fcd3bc337c2755d91c195aa2e651a75fc0b22d9dc60c5538a236b5b3fa818aed1baddfce4a76ce2","2025-05-18T18:49:00.000","2","DRIVER",,"1969238","N","NEW FLYER","OTHER (EXPLAIN IN NARRATIVE)","IL","2006","NONE","BUS UP TO 15 PASS.","CTA","E","STRAIGHT AHEAD",,,"1",,,,,,,,,,,"Y","Y",,,"N",,,"SIDE-LEFT-REAR",,,,,,,,,,,,,,,,,,,,,,,,,,,,,,,,,
"2066036","a6114a1fcd9ad4b6ca435b630b07b0fe995b0093d631bf88e45cba47ecb87505ecae07429e8d07efe4ee837a5e9e5c4c5d5591ca10168cb5395f6888b3b8f6dd","2025-05-18T18:45:00.000","1","DRIVER",,"1969461",,"AUDI","A6","IN","1999","UNKNOWN","UNKNOWN/NA","UNKNOWN/NA","W","TURNING LEFT",,,"1",,,,,"Y","Y","Y",,,,,,,,,,,"SIDE-RIGHT",,,,,,,,,,,,,,,,,,,,,,,,,,,,,,,,,
"2066037","a6114a1fcd9ad4b6ca435b630b07b0fe995b0093d631bf88e45cba47ecb87505ecae07429e8d07efe4ee837a5e9e5c4c5d5591ca10168cb5395f6888b3b8f6dd","2025-05-18T18:45:00.000","2","DRIVER",,"1969482",,"CHEVROLET","TAHOE","IL","2016","NONE","PASSENGER","PERSONAL","W","TURNING RIGHT",,,"1",,,,,,,,,,,,,"Y","Y","Y",,,"FRONT-LEFT-CORNER",,,,,,,,,,,,,,,,,,,,,,,,,,,,,,,,,
"2065822","b446a20f4f4ca7fc885a7c6e6604d0589ad0bb6be1d2f8926bc4a061266618dcec4a1fb1d8d8d7402d324ab3df00acdbedfe3f03816d7eae97a5af3dfb5fc944","2025-05-18T18:45:00.000","1","DRIVER",,"1969256",,"FORD","MAVERICK TRUCK","IL","2024","UNKNOWN","PASSENGER","PERSONAL","S","SKIDDING/CONTROL LOSS","Y",,"1",,"PRIVATE",,,,,,,,,,,"Y","Y","Y","Y",,"FRONT-LEFT-CORNER",,,,,,,,,,,,,,,,,,,,,,,,,,,,,,,,,
"2065823","b446a20f4f4ca7fc885a7c6e6604d0589ad0bb6be1d2f8926bc4a061266618dcec4a1fb1d8d8d7402d324ab3df00acdbedfe3f03816d7eae97a5af3dfb5fc944","2025-05-18T18:45:00.000","2","DRIVER",,"1969263",,"HONDA","CIVIC","IL","2001","UNKNOWN","PASSENGER","PERSONAL","N","STRAIGHT AHEAD","Y",,"1",,"RELENTLESS TOWING","13400 S. TORRENCE AVE",,,,,,,,,,,,,,,"REAR-LEFT-CORNER",,,,,,,,,,,,,,,,,,,,,,,,,,,,,,,,,
"2065818","44a2c9e518ad1c623a24d012a41851b49e47da0a3c77844d2ef7c9f29ad238b1e74fc828df8badd4fc81b79f3e198a5ec565907b9a469b60b8639d75adeee9eb","2025-05-18T18:44:00.000","1","DRIVER",,"1969252",,"CHEVROLET","TAHOE","IL","2016","UNKNOWN","PASSENGER","PERSONAL","S","STRAIGHT AHEAD",,,"1",,,,"N",,,,,,,,,,,,"N","Y","SIDE-LEFT",,,,,,,,,,,,,,,,,,,,,,,,,,,,,,,,,
"2065819","44a2c9e518ad1c623a24d012a41851b49e47da0a3c77844d2ef7c9f29ad238b1e74fc828df8badd4fc81b79f3e198a5ec565907b9a469b60b8639d75adeee9eb","2025-05-18T18:44:00.000","2","DRIVER",,"1969259",,"AUDI","OTHER (EXPLAIN IN NARRATIVE)","IN","1999","NONE","PASSENGER","PERSONAL","S","STRAIGHT AHEAD",,,"1",,,,,,"Y","Y","Y",,,,,,,,,,"SIDE-RIGHT",,,,,,,,,,,,,,,,,,,,,,,,,,,,,,,,,
"2065814","01b6a7fa53511e28171cf29b0327138c09d073158fded652dacc0b10b877c7ed12a885b95f27ea464dd588857ae334d16d54bcb8c53b83a470d8689b05b17ce9","2025-05-18T18:30:00.000","1","DRIVER",,"1969671",,"MITSUBISHI","MIRAGE","IL","2018","NONE","PASSENGER","PERSONAL","NW","ENTERING TRAFFIC LANE FROM PARKING",,,"1",,,,,"Y",,,,,,,,,,"Y","Y",,"FRONT-LEFT-CORNER",,,,,,,,,,,,,,,,,,,,,,,,,,,,,,,,,
"2065815","01b6a7fa53511e28171cf29b0327138c09d073158fded652dacc0b10b877c7ed12a885b95f27ea464dd588857ae334d16d54bcb8c53b83a470d8689b05b17ce9","2025-05-18T18:30:00.000","2","DRIVER",,"1969678",,"HYUNDAI","SONATA","IL","2006","NONE","PASSENGER","PERSONAL","NW","PASSING/OVERTAKING","Y",,"1",,"PRIVATE","UNK",,,"Y","Y",,,,,,,,,,,"SIDE-RIGHT",,,,,,,,,,,,,,,,,,,,,,,,,,,,,,,,,
"2065824","13eb3e4b781ed5b0fa47fb55b7852796d3a964e18c333c326393b7f5e905ef75f1660cadca0f5540135b1b6ebd74fb092710ccdf5013cebd80b3ae774d239745","2025-05-18T18:30:00.000","1","DRIVER",,"1969258",,"SUBARU","LEGACY","IL","2011","NONE","PASSENGER","PERSONAL","UNKNOWN","BACKING",,,"1",,,,,,,,,,,,,,,,,,"FRONT-RIGHT-CORNER",,,,,,,,,,,,,,,,,,,,,,,,,,,,,,,,,
"2065825","13eb3e4b781ed5b0fa47fb55b7852796d3a964e18c333c326393b7f5e905ef75f1660cadca0f5540135b1b6ebd74fb092710ccdf5013cebd80b3ae774d239745","2025-05-18T18:30:00.000","2","PARKED",,"1969261",,"TOYOTA","CAMRY","IL","2014","NONE","PASSENGER","PERSONAL","UNKNOWN","PARKED",,,"0",,,,,,,,,,,,,,,,,,"SIDE-LEFT-REAR",,,,,,,,,,,,,,,,,,,,,,,,,,,,,,,,,
"2066504","c6c73134ad72d2a0aa581856531f46832e373db11cf25f90bc5b8ac51fb9def9403981c91a097199c388473fcf4ed8be5af060b6cf432dbc4f32b826cab721fe","2025-05-18T18:30:00.000","1","DRIVER","1","1969909",,"UNKNOWN","OTHER (EXPLAIN IN NARRATIVE)","IL",,"UNKNOWN","TRUCK - SINGLE UNIT","UNKNOWN/NA","UNKNOWN","UNKNOWN/NA",,,"2",,,,,,,,,,,,,,,,,"Y","UNKNOWN",,,,,,,,,,,,,,,,,,,,,,,,,,,,,,,,,
"2066505","c6c73134ad72d2a0aa581856531f46832e373db11cf25f90bc5b8ac51fb9def9403981c91a097199c388473fcf4ed8be5af060b6cf432dbc4f32b826cab721fe","2025-05-18T18:30:00.000","2","PARKED","4","1969920",,"LAND ROVER","OTHER (EXPLAIN IN NARRATIVE)","IL","2020","UNKNOWN","UNKNOWN/NA","UNKNOWN/NA","UNKNOWN","PARKED",,,"4",,,,,,,,,,,,,,"Y","Y",,,"SIDE-LEFT-FRONT",,,,,,,,,,,,,,,,,,,,,,,,,,,,,,,,,
"2065806","02407617a7e2f6ab5c89cc10a7cb2ad5fca3b4eaa2c3e2520dfe73303d2d4bc7239d09233bb066933f7a3eca4900f1a67264825299670b33a6cd0056e2f18670","2025-05-18T18:26:00.000","1","DRIVER",,"1969239",,"UNKNOWN","OTHER (EXPLAIN IN NARRATIVE)","IL",,"UNKNOWN","PICKUP","UNKNOWN/NA","UNKNOWN","UNKNOWN/NA",,,"1",,,,,,,,,,"Y",,,,,,,,"REAR",,,,,,,,,,,,,,,,,,,,,,,,,,,,,,,,,
"2065807","02407617a7e2f6ab5c89cc10a7cb2ad5fca3b4eaa2c3e2520dfe73303d2d4bc7239d09233bb066933f7a3eca4900f1a67264825299670b33a6cd0056e2f18670","2025-05-18T18:26:00.000","2","PARKED",,"1969247",,"BUICK","ENCORE","IL","2020","NONE","PASSENGER","NOT IN USE","N","PARKED",,,"0",,,,,,,,,,,,,,,"Y","Y",,"FRONT",,,,,,,,,,,,,,,,,,,,,,,,,,,,,,,,,
"2065853","50cc3069e4eabc05462dea1d243ac68c6ad15d1e4c88b080668a34594364378ceabeb9ae97c7a9338d7eb76d070542887611e92bb99e7680ceb9a007ad339614","2025-05-18T18:25:00.000","1","DRIVER",,"1969287","N","DODGE","RAM PROMASTER","IL","2021","UNKNOWN","BUS UP TO 15 PASS.","COMMERCIAL - SINGLE UNIT","S","TURNING RIGHT",,,"1",,,,,,"Y","Y","Y",,,,,,,,,,"SIDE-RIGHT",,,,,,,,,,,,,,,,,,,,,,,,,,,,,,,,,
"2065854","50cc3069e4eabc05462dea1d243ac68c6ad15d1e4c88b080668a34594364378ceabeb9ae97c7a9338d7eb76d070542887611e92bb99e7680ceb9a007ad339614","2025-05-18T18:25:00.000","2","DRIVER",,"1969293",,"TOYOTA","PRIUS","IL","2004","UNKNOWN","PASSENGER","PERSONAL","S","SLOW/STOP IN TRAFFIC",,,"1",,,,,,,,,,,,,,,"Y",,,"FRONT-LEFT-CORNER",,,,,,,,,,,,,,,,,,,,,,,,,,,,,,,,,
"2065865","60721acd39ff7a281a2d4e544762e4d1cb4653a91cee39cb772d2cc47d8ef5ed92e42fbc952f6eb38230ecfaf9d487d3b8083372c73880d63ae957ba1fcc0969","2025-05-18T18:09:00.000","1","DRIVER",,"1969298",,"GENERAL MOTORS CORPORATION (GMC)","YUKON","IL","2007","NONE","SPORT UTILITY VEHICLE (SUV)","PERSONAL","S","STRAIGHT AHEAD",,,"1",,,,,"Y",,,,,,,,,,"Y","Y",,"FRONT",,,,,,,,,,,,,,,,,,,,,,,,,,,,,,,,,
"2065866","60721acd39ff7a281a2d4e544762e4d1cb4653a91cee39cb772d2cc47d8ef5ed92e42fbc952f6eb38230ecfaf9d487d3b8083372c73880d63ae957ba1fcc0969","2025-05-18T18:09:00.000","2","DRIVER",,"1969304",,"CADILLAC","CT5","IL","2024","NONE","PASSENGER","PERSONAL","E","STRAIGHT AHEAD",,,"1",,,,,,,,,,,,"Y","Y",,,,,"SIDE-LEFT-REAR",,,,,,,,,,,,,,,,,,,,,,,,,,,,,,,,,
"2065787","3961b8771cdc5b39ee965f2ec6f59ef1c09cc227751c0266ea09f0aba705fd427e40b792c3d8cca3726e2fec083c7a5a573f0308bb231c99e8b35b3ac18640d8","2025-05-18T18:06:00.000","1","DRIVER",,"1969226",,"INFINITI","G35","IL","2004","UNKNOWN","UNKNOWN/NA","UNKNOWN/NA","UNKNOWN","UNKNOWN/NA",,,"1",,,,,,,,,,,,,,"N","Y","N",,"FRONT-LEFT-CORNER",,,,,,,,,,,,,,,,,,,,,,,,,,,,,,,,,
"2065788","3961b8771cdc5b39ee965f2ec6f59ef1c09cc227751c0266ea09f0aba705fd427e40b792c3d8cca3726e2fec083c7a5a573f0308bb231c99e8b35b3ac18640d8","2025-05-18T18:06:00.000","2","PARKED",,"1969231",,"NISSAN","ALTIMA","IL","2017","UNKNOWN","UNKNOWN/NA","PERSONAL","UNKNOWN","PARKED",,,"0",,,,,"Y",,,"N","N",,,,,,,,,"FRONT-RIGHT-CORNER",,,,,,,,,,,,,,,,,,,,,,,,,,,,,,,,,
"2065789","3961b8771cdc5b39ee965f2ec6f59ef1c09cc227751c0266ea09f0aba705fd427e40b792c3d8cca3726e2fec083c7a5a573f0308bb231c99e8b35b3ac18640d8","2025-05-18T18:06:00.000","3","PARKED",,"1969243",,"HONDA","ODYSSEY","IL","2008","UNKNOWN","VAN/MINI-VAN","PERSONAL","UNKNOWN","PARKED",,,"0",,,,,"Y","Y","Y","Y","Y",,,,,,,,,"SIDE-RIGHT",,,,,,,,,,,,,,,,,,,,,,,,,,,,,,,,,
"2065790","3961b8771cdc5b39ee965f2ec6f59ef1c09cc227751c0266ea09f0aba705fd427e40b792c3d8cca3726e2fec083c7a5a573f0308bb231c99e8b35b3ac18640d8","2025-05-18T18:06:00.000","4","PARKED",,"1969248",,"JEEP","GRAND CHEROKEE","IL","2018","UNKNOWN","SPORT UTILITY VEHICLE (SUV)","PERSONAL","UNKNOWN","PARKED",,,"0",,,,,,,,,"Y",,,,,,,,,"REAR-RIGHT-CORNER",,,,,,,,,,,,,,,,,,,,,,,,,,,,,,,,,
"2065756","41ebbb95be4a97a8fb02b0b9fe45ffa2ebefc78826727f3f3fb5a267b38fa7cd7be5c0c2a25855f20e3c024f6aef199d96a8c14810835cd6435113ae43bcb30a","2025-05-18T18:00:00.000","1","DRIVER",,"1969203",,"HYUNDAI","OTHER (EXPLAIN IN NARRATIVE)","IL","2014","NONE","PASSENGER","PERSONAL","N","STRAIGHT AHEAD",,,"1",,,,,,,,,,,,,,,,"Y",,"FRONT",,,,,,,,,,,,,,,,,,,,,,,,,,,,,,,,,
"2065757","41ebbb95be4a97a8fb02b0b9fe45ffa2ebefc78826727f3f3fb5a267b38fa7cd7be5c0c2a25855f20e3c024f6aef199d96a8c14810835cd6435113ae43bcb30a","2025-05-18T18:00:00.000","2","DRIVER",,"1969207",,"TOYOTA","CAMRY","IL","2012","NONE","PASSENGER","PERSONAL","N","STRAIGHT AHEAD",,,"1",,,,,,,,,,"Y",,,,,,,,"REAR",,,,,,,,,,,,,,,,,,,,,,,,,,,,,,,,,
"2065784","4c433d8145ee5e70a71b47bef64429ae4ee00ca94d7d5323ac3ea5e089dfe16531c9b0e4ca29eb76986f56a2b8553d9d12331136214fa2ae0b4b92a6f89f054a","2025-05-18T18:00:00.000","1","DRIVER",,"1969225",,"CHEVROLET","TRAIL BLAZER","IL","2004","UNKNOWN","PASSENGER","UNKNOWN/NA","NW","STRAIGHT AHEAD",,,"1",,,,,"Y",,,,,,,,,,,,,"FRONT-RIGHT-CORNER",,,,,,,,,,,,,,,,,,,,,,,,,,,,,,,,,
"2065785","4c433d8145ee5e70a71b47bef64429ae4ee00ca94d7d5323ac3ea5e089dfe16531c9b0e4ca29eb76986f56a2b8553d9d12331136214fa2ae0b4b92a6f89f054a","2025-05-18T18:00:00.000","2","DRIVER","1","1969229",,"SUBARU","OUTBACK","IL","2017","NONE","PASSENGER","PERSONAL","NW","SLOW/STOP IN TRAFFIC",,,"2",,,,,,,,,,"Y","Y","Y","Y",,,,,"REAR-LEFT-CORNER",,,,,,,,,,,,,,,,,,,,,,,,,,,,,,,,,