"crash_unit_id","crash_record_id","crash_date","unit_no","unit_type","num_passengers","vehicle_id","cmrc_veh_i","make","model","lic_plate_state","vehicle_year","vehicle_defect","vehicle_type","vehicle_use","travel_direction","maneuver","towed_i","fire_i","occupant_cnt","exceed_speed_limit_i","towed_by","towed_to","area_00_i","area_01_i","area_02_i","area_03_i","area_04_i","area_05_i","area_06_i","area_07_i","area_08_i","area_09_i","area_10_i","area_11_i","area_12_i","area_99_i","first_contact_point","cmv_id","usdot_no","ccmc_no","ilcc_no","commercial_src","gvwr","carrier_name","carrier_state","carrier_city","hazmat_placards_i","hazmat_name","un_no","hazmat_present_i","hazmat_report_i","hazmat_report_no","mcs_report_i","mcs_report_no","hazmat_vio_cause_crash_i","mcs_vio_cause_crash_i","idot_permit_no","wide_load_i","trailer1_width","trailer2_width","trailer1_length","trailer2_length","total_vehicle_length","axle_cnt","vehicle_config","cargo_body_type","load_type","hazmat_out_of_service_i","mcs_out_of_service_i","hazmat_class"
"2065826","27733d8ac421399465b9f9c045d16b84aa0f7635817d8ec9f281680b33709def52f21ca7aa55679774d705883ff1714791b6ed3f6f26f1433c5f1778de680a95","2025-05-18T17:52:00.000","1","DRIVER","1","1969257",,"HONDA","ACCORD","IL","2015","NONE","PASSENGER","PERSONAL","N","STRAIGHT AHEAD",,,"2",,,,,"Y",,,,,,,,,,"Y","Y",,"FRONT",,,,,,,,,,,,,,,,,,,,,,,,,,,,,,,,,
"2065827","27733d8ac421399465b9f9c045d16b84aa0f7635817d8ec9f281680b33709def52f21ca7aa55679774d705883ff1714791b6ed3f6f26f1433c5f1778de680a95","2025-05-18T17:52:00.000","2","DRIVER","1","1969262",,"HYUNDAI","ELANTRA","IL","2024","NONE","PASSENGER","PERSONAL","N","STRAIGHT AHEAD",,,"2",,,,,,,,,"Y","Y","Y","N",,,,,,"REAR",,,,,,,,,,,,,,,,,,,,,,,,,,,,,,,,,
"2065775","1c8f9d699a2b023a88a6be1780672b2f82d5b5502339453ab8cea65097d27031cb67f486ebbbc949719975a4256c9ea4c4aa0401acb1032327ab7aed93511b61","2025-05-18T17:50:00.000","1","DRIVER",,"1969212",,"FORD","EXPEDITION","IL","2024","UNKNOWN","PASSENGER","UNKNOWN/NA","E","STRAIGHT AHEAD",,,"1",,,,,"Y","Y","Y",,,,,,,,,,,"SIDE-RIGHT",,,,,,,,,,,,,,,,,,,,,,,,,,,,,,,,,
"2065776","1c8f9d699a2b023a88a6be1780672b2f82d5b5502339453ab8cea65097d27031cb67f486ebbbc949719975a4256c9ea4c4aa0401acb1032327ab7aed93511b61","2025-05-18T17:50:00.000","2","DRIVER",,"1969217",,"TOYOTA","C-HR","IL","2018","NONE","PASSENGER","PERSONAL","E","STRAIGHT AHEAD",,,"1",,,,,,,,,,,"Y","Y","Y",,,,,"SIDE-LEFT",,,,,,,,,,,,,,,,,,,,,,,,,,,,,,,,,
"2065841","23b00047de7ae0751f871b7b4ba8dfff891d13e6c3ad8ed5ea740356c7327600d39d2877f65939f4ec1febe5e82eca09456f91c2088b2230be35bb092e8ff30b","2025-05-18T17:50:00.000","1","DRIVER",,"1969274",,"OLDSMOBILE","NINETY-EIGHT","IL","1991","UNKNOWN","PASSENGER","PERSONAL","S","TURNING LEFT",,,"1",,,,,"Y",,,,,,,,,"Y","Y","Y",,"SIDE-LEFT-FRONT",,,,,,,,,,,,,,,,,,,,,,,,,,,,,,,,,
"2065842","23b00047de7ae0751f871b7b4ba8dfff891d13e6c3ad8ed5ea740356c7327600d39d2877f65939f4ec1febe5e82eca09456f91c2088b2230be35bb092e8ff30b","2025-05-18T17:50:00.000","2","DRIVER",,"1969276",,"HONDA","CIVIC","IL","2008","UNKNOWN","PASSENGER","PERSONAL","N","STRAIGHT AHEAD",,,"1",,,,,"Y",,,,,,,,,,"Y","Y",,"FRONT",,,,,,,,,,,,,,,,,,,,,,,,,,,,,,,,,
"2065816","47f9cb70a24521cafa1e9ab0fcd05761eed866c869ca129d37faecacb64b8152aab5c07f51f4cb65976e57bee15d872e9a4495f1801dab903296cf4b40ece21d","2025-05-18T17:50:00.000","1","DRIVER",,"1969249",,"LEXUS","RX400H","IL","2006","NONE","PASSENGER","PERSONAL","S","STRAIGHT AHEAD",,,"1",,,,,,,,,,,,,,,,"Y",,"FRONT",,,,,,,,,,,,,,,,,,,,,,,,,,,,,,,,,
"2065817","47f9cb70a24521cafa1e9ab0fcd05761eed866c869ca129d37faecacb64b8152aab5c07f51f4cb65976e57bee15d872e9a4495f1801dab903296cf4b40ece21d","2025-05-18T17:50:00.000","2","DRIVER",,"1969251",,"TOYOTA","COROLLA","IL","2020","NONE","PASSENGER","PERSONAL","S","SLOW/STOP IN TRAFFIC",,,"1",,,,,,,,,,"Y",,,,,,,,"REAR",,,,,,,,,,,,,,,,,,,,,,,,,,,,,,,,,
"2065794","5234ab2e942d10375b18bc68103b8831d72288dbe21237898155990a936d2c3500ec3d64001f74bcace248a036f070b61cdcc617e01f38bce1912f5e7ba441c6","2025-05-18T17:50:00.000","1","DRIVER",,"1969234",,"VOLVO","TRUCK",,,"UNKNOWN","TRACTOR W/O SEMI-TRAILER","UNKNOWN/NA","S","STRAIGHT AHEAD",,,"1",,,,,,,,,,,,,,,"Y",,,"FRONT-LEFT-CORNER",,,,,,,,,,,,,,,,,,,,,,,,,,,,,,,,,
"2065795","5234ab2e942d10375b18bc68103b8831d72288dbe21237898155990a936d2c3500ec3d64001f74bcace248a036f070b61cdcc617e01f38bce1912f5e7ba441c6","2025-05-18T17:50:00.000","2","DRIVER",,"1969242",,"FREIGHTLINER CORPORATION","FREIGHTLINER CORP.","IN","2023","NONE","TRACTOR W/O SEMI-TRAILER","COMMERCIAL - SINGLE UNIT","S","STRAIGHT AHEAD",,,"1",,,,,,"Y",,,,,,,,,,,,"SIDE-RIGHT",,,,,,,,,,,,,,,,,,,,,,,,,,,,,,,,,
"2065804","82497a21c7ee3f3aabd1db9431993455f06bb4137d358fb903877c29149afb86fd6873411b320702955e189567cc7468bc856ff95b6008e65e4ca81856b3df53","2025-05-18T17:47:00.000","1","DRIVER",,"1969237",,"TOYOTA","PRIUS","IL","2019","NONE","PASSENGER","TAXI/FOR HIRE","W","ENTERING TRAFFIC LANE FROM PARKING",,,"1",,,,,"Y","Y","Y",,,,,,,,,,,"FRONT-RIGHT-CORNER",,,,,,,,,,,,,,,,,,,,,,,,,,,,,,,,,
"2065805","82497a21c7ee3f3aabd1db9431993455f06bb4137d358fb903877c29149afb86fd6873411b320702955e189567cc7468bc856ff95b6008e65e4ca81856b3df53","2025-05-18T17:47:00.000","2","DRIVER","1","1969246",,"TOYOTA","SIENNA","IL","2025","NONE","VAN/MINI-VAN","RIDESHARE SERVICE","W","STRAIGHT AHEAD",,,"2",,,,,,,,,,,"Y","Y","Y","Y","N",,,"SIDE-LEFT",,,,,,,,,,,,,,,,,,,,,,,,,,,,,,,,,
"2065786","2160d4754c94206cc53de25535df7d2f35c02275b3414d2dfc15ad5d2abd840e8d493062385cf8d608d035d37f465cb024432e83d5c2e6a4f7b84de4f49c56b6","2025-05-18T17:46:00.000","2","PEDESTRIAN",,,,,,,,,,,,,,,,,,,,,,,,,,,,,,,,,,,,,,,,,,,,,,,,,,,,,,,,,,,,,,,,,,
"2065791","2160d4754c94206cc53de25535df7d2f35c02275b3414d2dfc15ad5d2abd840e8d493062385cf8d608d035d37f465cb024432e83d5c2e6a4f7b84de4f49c56b6","2025-05-18T17:46:00.000","1","DRIVER",,"1969222",,"LEXUS","RX","IL","2005","NONE","PASSENGER","PERSONAL","W","STRAIGHT AHEAD",,,"1",,,,,,,,,,,,,,,,"Y",,"FRONT",,,,,,,,,,,,,,,,,,,,,,,,,,,,,,,,,
"2065796","2160d4754c94206cc53de25535df7d2f35c02275b3414d2dfc15ad5d2abd840e8d493062385cf8d608d035d37f465cb024432e83d5c2e6a4f7b84de4f49c56b6","2025-05-18T17:46:00.000","3","PEDESTRIAN",,,,,,,,,,,,,,,,,,,,,,,,,,,,,,,,,,,,,,,,,,,,,,,,,,,,,,,,,,,,,,,,,,
"2065801","2160d4754c94206cc53de25535df7d2f35c02275b3414d2dfc15ad5d2abd840e8d493062385cf8d608d035d37f465cb024432e83d5c2e6a4f7b84de4f49c56b6","2025-05-18T17:46:00.000","4","PEDESTRIAN",,,,,,,,,,,,,,,,,,,,,,,,,,,,,,,,,,,,,,,,,,,,,,,,,,,,,,,,,,,,,,,,,,
"2065802","53d7bef0db16caf93de2d99a22248307cf2db7f37c37547a1a51298bff368edba447ba5b19dd9308c7d3fe41041000f719d80a83349f21bb6eba9bd185025e42","2025-05-18T17:40:00.000","1","DRIVER",,"1969232",,"VOLKSWAGEN","GTI","IL","2013","UNKNOWN","PASSENGER","PERSONAL","N","U-TURN",,,"1",,,,,,,"Y","Y",,,,,,,,,,"UNKNOWN",,,,,,,,,,,,,,,,,,,,,,,,,,,,,,,,,
"2065803","53d7bef0db16caf93de2d99a22248307cf2db7f37c37547a1a51298bff368edba447ba5b19dd9308c7d3fe41041000f719d80a83349f21bb6eba9bd185025e42","2025-05-18T17:40:00.000","2","DRIVER",,"1969240",,"AUDI","Q3","IL","2022","UNKNOWN","PASSENGER","PERSONAL","N","TURNING RIGHT",,,"1",,,,,,,,,,,,,,,"Y",,,"UNKNOWN",,,,,,,,,,,,,,,,,,,,,,,,,,,,,,,,,
"2065770","9642f1d8d7c49209308ea9e0bf060b59181d636394ac990a34b010a6865fbda526b8ce0c4ee8833e7b14c545392d3366a512d3902bc4fc3e9a5e61cbf75924e2","2025-05-18T17:40:00.000","1","DRIVER",,"1969250",,"HONDA","CR-V","IL","2010","UNKNOWN","PASSENGER","UNKNOWN/NA","S","STRAIGHT AHEAD","Y",,"1",,"private tow",,,"Y",,,,,,,,,,"Y","Y",,"FRONT",,,,,,,,,,,,,,,,,,,,,,,,,,,,,,,,,
"2065766","3ee030453276aade9dc9046fbe27adaf32aaf91f2c33b8f39a5a14154da5226f39668acc1c289774e06391c60520676b3829a6b26a76a72a23e56e985944e142","2025-05-18T17:36:00.000","1","DRIVER",,"1969210",,"TOYOTA","CAMRY","IL","2018","UNKNOWN","PASSENGER","PERSONAL","W","STRAIGHT AHEAD",,,"1",,,,,"Y",,,,,,,,,,"Y","Y",,"FRONT",,,,,,,,,,,,,,,,,,,,,,,,,,,,,,,,,
"2065767","3ee030453276aade9dc9046fbe27adaf32aaf91f2c33b8f39a5a14154da5226f39668acc1c289774e06391c60520676b3829a6b26a76a72a23e56e985944e142","2025-05-18T17:36:00.000","2","DRIVER",,"1969213",,"BUICK","ENCORE","IL","2024","UNKNOWN","PASSENGER","PERSONAL","W","STRAIGHT AHEAD",,,"1",,,,,,,,,"Y","Y",,,,,,,,"REAR",,,,,,,,,,,,,,,,,,,,,,,,,,,,,,,,,
"2065808","3702e970051afafce2fb069d773fc064c075461620f6ab044f73777f2555937852d68af14aebfd4fc167823095084122e69051509c450b782d02b181d02c3a0f","2025-05-18T17:30:00.000","1","DRIVER",,"1969244",,"UNKNOWN","OTHER (EXPLAIN IN NARRATIVE)","IL",,"UNKNOWN","PASSENGER","UNKNOWN/NA","N","BACKING",,,"1",,,,,,,,,,"Y",,,,,,,,"REAR",,,,,,,,,,,,,,,,,,,,,,,,,,,,,,,,,
"2065809","3702e970051afafce2fb069d773fc064c075461620f6ab044f73777f2555937852d68af14aebfd4fc167823095084122e69051509c450b782d02b181d02c3a0f","2025-05-18T17:30:00.000","2","NON-MOTOR VEHICLE",,,,,,,,,,,,,,,,,,,,,,,,,,,,,,,,,,,,,,,,,,,,,,,,,,,,,,,,,,,,,,,,,,
"2065779","fd3be0f877b9e15dbc36eaba79f27925caec9255b9cc8cfadc49f8c6178d41d6bb4045189313487d9338a40595a550823e02e9bca029804cea50d0f55cb1cf7b","2025-05-18T17:23:00.000","1","DRIVER",,"1969223",,"JEEP","CHEROKEE","IL","2016","UNKNOWN","PASSENGER","PERSONAL","S","STRAIGHT AHEAD","Y",,"1",,"PRIVATE TOW",,,"Y",,,,,,,,,,"Y","Y",,"FRONT",,,,,,,,,,,,,,,,,,,,,,,,,,,,,,,,,
"2065780","fd3be0f877b9e15dbc36eaba79f27925caec9255b9cc8cfadc49f8c6178d41d6bb4045189313487d9338a40595a550823e02e9bca029804cea50d0f55cb1cf7b","2025-05-18T17:23:00.000","2","DRIVER","1","1969227",,"FORD","FOCUS","IL","2012","UNKNOWN","PASSENGER","PERSONAL","S","STRAIGHT AHEAD",,,"2",,,,,,,,,"Y","Y","Y",,,,,,,"REAR",,,,,,,,,,,,,,,,,,,,,,,,,,,,,,,,,
"2065771","8df37fff333985a5c1aed8858b9c9b1d6a3431ab9a8983eb2eb544e34e182037b6e6d403f40392527573e92b9c1c8df86ec802a996c6a37ba52f96326c18165e","2025-05-18T17:22:00.000","1","DRIVER","1","1969215",,"JEEP","CHEROKEE","IL","2014","NONE","SPORT UTILITY VEHICLE (SUV)","PERSONAL","W","STRAIGHT AHEAD",,,"2",,,,,"Y",,,,,,,,,,,"Y",,"FRONT-RIGHT-CORNER",,,,,,,,,,,,,,,,,,,,,,,,,,,,,,,,,
"2065772","8df37fff333985a5c1aed8858b9c9b1d6a3431ab9a8983eb2eb544e34e182037b6e6d403f40392527573e92b9c1c8df86ec802a996c6a37ba52f96326c18165e","2025-05-18T17:22:00.000","2","DRIVER",,"1969224",,"HONDA","CIVIC","IL","2001","NONE","PASSENGER","PERSONAL","N","TURNING LEFT",,,"1",,,,,,,,"Y","Y",,,,,,,,,"REAR-RIGHT-CORNER",,,,,,,,,,,,,,,,,,,,,,,,,,,,,,,,,
"2065743","7a276b6c1a8eeb1624ccbfac792d383db5d5d4b4c04d318df87aaa82e76cd5af6a86c5f34ae19a4b86779da264f9b4f3b8ae8906067ba0c679000d6e5470b756","2025-05-18T17:20:00.000","1","DRIVER",,"1969189",,"JEEP","COMPASS",,,"UNKNOWN","UNKNOWN/NA","UNKNOWN/NA","N","STRAIGHT AHEAD",,,"1",,,,,,,,,,,,,,,,,"Y","UNKNOWN",,,,,,,,,,,,,,,,,,,,,,,,,,,,,,,,,
"2065744","7a276b6c1a8eeb1624ccbfac792d383db5d5d4b4c04d318df87aaa82e76cd5af6a86c5f34ae19a4b86779da264f9b4f3b8ae8906067ba0c679000d6e5470b756","2025-05-18T17:20:00.000","2","DRIVER","1","1969185",,"KIA","OTHER (EXPLAIN IN NARRATIVE)","IL","2025","NONE","PASSENGER","PERSONAL","N","STRAIGHT AHEAD",,,"2",,,,,,,,,"Y","Y","Y",,,,,,,"UNKNOWN",,,,,,,,,,,,,,,,,,,,,,,,,,,,,,,,,
"2066283","8576ef78e0ba50b537b9fc13be92b80ce83e7546a2516ef97a25736202d5908d38b0a42b8cdd12aca187c600afe22530406434e00b9dbcfc32278f671d1406a5","2025-05-18T17:11:00.000","1","DRIVER","1","1969703",,"UNKNOWN","MOTORIZED","IL",,"UNKNOWN","UNKNOWN/NA","POLICE","UNKNOWN","TURNING LEFT",,,"2",,,,,,,,,,,,,,,,,"Y","UNKNOWN",,,,,,,,,,,,,,,,,,,,,,,,,,,,,,,,,
"2066284","8576ef78e0ba50b537b9fc13be92b80ce83e7546a2516ef97a25736202d5908d38b0a42b8cdd12aca187c600afe22530406434e00b9dbcfc32278f671d1406a5","2025-05-18T17:11:00.000","2","DRIVER",,"1969745",,"UNKNOWN","MOTORIZED","IL",,"UNKNOWN","OTHER","PERSONAL","N","STRAIGHT AHEAD",,,"1",,,,,"Y","Y","Y",,,,,,,,,,,"SIDE-RIGHT",,,,,,,,,,,,,,,,,,,,,,,,,,,,,,,,,
"2065758","c584bf095e20e8a146bf6784df96cf949dd5a82b1db583159aa6fa288b1af7f04a4960cc674457b6f0c2b34a003abf9fed4b38b893b9310440e838a393d4abc2","2025-05-18T17:11:00.000","1","DRIVER",,"1969200",,"HONDA","HR-V","IL","2024","UNKNOWN","SPORT UTILITY VEHICLE (SUV)","PERSONAL","UNKNOWN","STRAIGHT AHEAD",,,"1",,,,,,,,,,,"Y","Y",,,,,,"REAR-LEFT-CORNER",,,,,,,,,,,,,,,,,,,,,,,,,,,,,,,,,
"2065759","c584bf095e20e8a146bf6784df96cf949dd5a82b1db583159aa6fa288b1af7f04a4960cc674457b6f0c2b34a003abf9fed4b38b893b9310440e838a393d4abc2","2025-05-18T17:11:00.000","2","DRIVER",,"1969201",,"BMW","535 SERIES","IL","2013","UNKNOWN","PASSENGER","PERSONAL","UNKNOWN","STRAIGHT AHEAD",,,"1",,,,,"Y","Y",,,,,,,,,,,,"FRONT-RIGHT-CORNER",,,,,,,,,,,,,,,,,,,,,,,,,,,,,,,,,
"2065754","c4f77e7df9b907d549f4930db34a4574615536dde851810865ec74142a2db86f4341e068b0a75b394bd53a3adb2ac5035b59a0759e8c50acbfd7236ffdfbc659","2025-05-18T17:06:00.000","1","DRIVER",,"1969194",,"BMW","X5","IL","2008","NONE","SPORT UTILITY VEHICLE (SUV)","PERSONAL","W","TURNING RIGHT",,,"1",,,,,,,,,,,,,,"Y","Y","Y",,"FRONT-LEFT-CORNER",,,,,,,,,,,,,,,,,,,,,,,,,,,,,,,,,
"2065755","c4f77e7df9b907d549f4930db34a4574615536dde851810865ec74142a2db86f4341e068b0a75b394bd53a3adb2ac5035b59a0759e8c50acbfd7236ffdfbc659","2025-05-18T17:06:00.000","2","DRIVER","1","1969197",,"CHEVROLET","CRUZE","IN","2014","NONE","PASSENGER","PERSONAL","S","SLOW/STOP IN TRAFFIC",,,"2",,,,,,,,,,,,,,"Y","Y","Y",,"FRONT-LEFT-CORNER",,,,,,,,,,,,,,,,,,,,,,,,,,,,,,,,,
"2065792","3056eac7320be032f747a1e0dc0bd639e948e28bea75ca62a02a38cfcd618ba01405891d80588eb4ffb9e37f5e1ebd22ccbfaadac29265bae87450c9dfa75f65","2025-05-18T17:00:00.000","1","DRIVER","1","1969228",,"DODGE","OTHER (EXPLAIN IN NARRATIVE)","IL","2005","UNKNOWN","PASSENGER","PERSONAL","S","STRAIGHT AHEAD",,,"2",,,,"N","Y","Y",,,,,,,,"Y","Y","Y",,"FRONT",,,,,,,,,,,,,,,,,,,,,,,,,,,,,,,,,
"2065793","3056eac7320be032f747a1e0dc0bd639e948e28bea75ca62a02a38cfcd618ba01405891d80588eb4ffb9e37f5e1ebd22ccbfaadac29265bae87450c9dfa75f65","2025-05-18T17:00:00.000","2","DRIVER",,"1969236",,"HYUNDAI","OTHER (EXPLAIN IN NARRATIVE)","IL","2025","NONE","PASSENGER","PERSONAL","W","STRAIGHT AHEAD","Y",,"1",,"INSURANCE","UNK",,"Y","Y",,,,,,,,"Y","Y","Y",,"FRONT-RIGHT-CORNER",,,,,,,,,,,,,,,,,,,,,,,,,,,,,,,,,
"2065781","92712035c6410469b1b1e808cd410e27ca2a536711644583d94734bc51e191e999f7f500d4929e56f402c4f35423dfbfd028005954eec8c9206d54e158c7cc57","2025-05-18T16:57:00.000","1","DRIVER",,"1969216",,"MAZDA","CX-7","IL","2014","NONE","PASSENGER","PERSONAL","E","STRAIGHT AHEAD",,,"1",,,,,,,,,,,,,,,,,,"FRONT",,,,,,,,,,,,,,,,,,,,,,,,,,,,,,,,,
"2065782","92712035c6410469b1b1e808cd410e27ca2a536711644583d94734bc51e191e999f7f500d4929e56f402c4f35423dfbfd028005954eec8c9206d54e158c7cc57","2025-05-18T16:57:00.000","2","DRIVER",,"1969219",,"TOYOTA","RAV4","IL","2024","NONE","PASSENGER","PERSONAL","E","STRAIGHT AHEAD",,,"1",,,,,,,,,,,,,,,,,,"REAR",,,,,,,,,,,,,,,,,,,,,,,,,,,,,,,,,
"2065748","b6d93a7301dca362baca907adf0e1100ec0caf9688111d8d974b1cfaee9e36fb5366fef4234d325ce6004633e51fd876378dd9be5def2b2bbd432a6e336fe1f7","2025-05-18T16:54:00.000","1","DRIVER",,"1969196",,"CHEVROLET","EQUINOX","IL","2012","UNKNOWN","PASSENGER","PERSONAL","E","TURNING LEFT",,,"1",,,,,,,,,,,,,"Y","Y","Y",,,"FRONT-LEFT-CORNER",,,,,,,,,,,,,,,,,,,,,,,,,,,,,,,,,
"2065749","b6d93a7301dca362baca907adf0e1100ec0caf9688111d8d974b1cfaee9e36fb5366fef4234d325ce6004633e51fd876378dd9be5def2b2bbd432a6e336fe1f7","2025-05-18T16:54:00.000","2","DRIVER",,"1969205",,"CHEVROLET","EQUINOX","IL","2018","NONE","PASSENGER","PERSONAL","E","TURNING LEFT","Y",,"1",,,,,"Y","Y","Y",,,,,,,,,,,"FRONT-RIGHT-CORNER",,,,,,,,,,,,,,,,,,,,,,,,,,,,,,,,,
"2065810","69011ded88e6d4ea17351376def66b5302f0c7d8a0b5eddc6bddfd57985d74592fb341dae3dec492f26558074f64a44b4fcd77375faccf05f850869a889257f3","2025-05-18T16:48:00.000","1","DRIVER",,"1969253",,"KIA","OPTIMA / K5","IL","2021","UNKNOWN","PASSENGER","OTHER","E","STRAIGHT AHEAD","Y",,"1",,"city of chicago","10300 s doty ave",,,,"Y","Y","Y",,,,,,,,"Y","UNKNOWN",,,,,,,,,,,,,,,,,,,,,,,,,,,,,,,,,
"2065811","69011ded88e6d4ea17351376def66b5302f0c7d8a0b5eddc6bddfd57985d74592fb341dae3dec492f26558074f64a44b4fcd77375faccf05f850869a889257f3","2025-05-18T16:48:00.000","2","PEDESTRIAN",,,,,,,,,,,,,,,,,,,,,,,,,,,,,,,,,,,,,,,,,,,,,,,,,,,,,,,,,,,,,,,,,,
"2065750","21ba7a8d6e779b8c909836b1a274d883703d2cd360b9e1977245b9ece4470c326917a53699704480236743ff39a2e94271772fc0d38a8ac483df51289d09c5c2","2025-05-18T16:45:00.000","1","DRIVER","1","1969191",,"PONTIAC","VIBE","IL","2009","NONE","SPORT UTILITY VEHICLE (SUV)","PERSONAL","N","STRAIGHT AHEAD",,,"2",,,,,"Y",,,,,,,,,,"Y","Y",,"FRONT",,,,,,,,,,,,,,,,,,,,,,,,,,,,,,,,,
"2065751","21ba7a8d6e779b8c909836b1a274d883703d2cd360b9e1977245b9ece4470c326917a53699704480236743ff39a2e94271772fc0d38a8ac483df51289d09c5c2","2025-05-18T16:45:00.000","2","DRIVER",,"1969195",,"DODGE","CHALLENGER","IL","2016","NONE","PASSENGER","PERSONAL","E","STRAIGHT AHEAD","Y",,"1",,"OWNER",,,"Y","Y","Y","Y","N",,,,,,,,,"SIDE-RIGHT",,,,,,,,,,,,,,,,,,,,,,,,,,,,,,,,,
"2065732","6c3635e6209d9fee06444b4733241092f5df453bab451ecd94ab0eb97ca826df5861bb5f9faca59464b22205f29b455419544da80cb9a6f845d3ab9fd7db8306","2025-05-18T16:43:00.000","1","DRIVER",,"1969184",,"BUICK","OTHER (EXPLAIN IN NARRATIVE)","IL","2013","NONE","PASSENGER","UNKNOWN/NA","E","STRAIGHT AHEAD",,,"1",,,,,"Y","Y",,,,,,,,"Y","Y","Y",,"FRONT",,,,,,,,,,,,,,,,,,,,,,,,,,,,,,,,,
"2065733","6c3635e6209d9fee06444b4733241092f5df453bab451ecd94ab0eb97ca826df5861bb5f9faca59464b22205f29b455419544da80cb9a6f845d3ab9fd7db8306","2025-05-18T16:43:00.000","2","DRIVER",,"1969174",,"HYUNDAI","ELANTRA","IL","2017","NONE","PASSENGER","PERSONAL","E","SLOW/STOP IN TRAFFIC",,,"1",,,,,,,,,"Y","Y","Y",,,,,,,"REAR",,,,,,,,,,,,,,,,,,,,,,,,,,,,,,,,,
"2065726","0dd3322bb8d901ed0eea64a4bf806b2f884ccc2b001e9e658fa58ee380511cb55fdecf5f08f578b1a591f88c9aff2f99343283bc5e749a2c651807e4a1609077","2025-05-18T16:30:00.000","1","DRIVER","1","1969170",,"KIA","SORENTO","IN","2014","UNKNOWN","PASSENGER","PERSONAL","N","CHANGING LANES","Y",,"2",,"ORD DOA TOW TRUCK","11 N. BESSIE COLEMAN DR",,"Y","Y",,,,,,,,"Y","Y","Y",,"FRONT",,,,,,,,,,,,,,,,,,,,,,,,,,,,,,,,,
"2065745","10129a67ce1b6449cf30df51eb95cabd3f1257dd29a029a4fb5ba3392652cb14e38dfb9034b73e9747f6aa45fd3f9b1fa2047450d6614614b0e1e5a026d1cca9","2025-05-18T16:30:00.000","1","DRIVER",,"1969204",,"INFINITI","EX35","IL","2010","UNKNOWN","PASSENGER","PERSONAL","UNKNOWN","STRAIGHT AHEAD",,,"1",,,,,"Y",,,,"Y","Y","Y","Y","Y","Y","Y","Y",,"FRONT",,,,,,,,,,,,,,,,,,,,,,,,,,,,,,,,,
"2066462","aec75e8adf026c076c081c014de931b3173170ec302c66a24be9a3b3234467a407ad739336b8986a87d8ed67bcb5d62bc795dfbe20e71a5c7b183a7a35502786","2025-05-18T16:30:00.000","1","DRIVER",,"1969879",,"MITSUBISHI","OUTLANDER","IL","2022","UNKNOWN","SPORT UTILITY VEHICLE (SUV)","UNKNOWN/NA","E","CHANGING LANES",,,"1",,,,,,,,,,,,,,"Y","Y",,,"FRONT-LEFT-CORNER",,,,,,,,,,,,,,,,,,,,,,,,,,,,,,,,,
"2066463","aec75e8adf026c076c081c014de931b3173170ec302c66a24be9a3b3234467a407ad739336b8986a87d8ed67bcb5d62bc795dfbe20e71a5c7b183a7a35502786","2025-05-18T16:30:00.000","2","DRIVER",,"1969885",,"ACURA","ZDX","IL","2022","NONE","SPORT UTILITY VEHICLE (SUV)","PERSONAL","E","STRAIGHT AHEAD",,,"1",,,,,"Y","Y",,,,,,,,,,,,"FRONT-RIGHT-CORNER",,,,,,,,,,,,,,,,,,,,,,,,,,,,,,,,,
"2065777","13992cfa0006933f5c561248f169e4e231a538ba7d514cb400df331a81d4f58b7895f72ae4fc5f1c719634641ca828b2808af8e4ba4426677fe0512477dadada","2025-05-18T16:27:00.000","1","DRIVER",,"1969221",,"NISSAN","MAXIMA","IL","2017","UNKNOWN","PASSENGER","UNKNOWN/NA","N","STRAIGHT AHEAD",,,"1",,,,,,,,,,,"Y","Y","Y","Y","Y",,,"SIDE-LEFT",,,,,,,,,,,,,,,,,,,,,,,,,,,,,,,,,
"2065778","13992cfa0006933f5c561248f169e4e231a538ba7d514cb400df331a81d4f58b7895f72ae4fc5f1c719634641ca828b2808af8e4ba4426677fe0512477dadada","2025-05-18T16:27:00.000","2","DRIVER",,"1969235",,"MITSUBISHI","OTHER (EXPLAIN IN NARRATIVE)","IL","2015","UNKNOWN","TRUCK - SINGLE UNIT","UNKNOWN/NA","E","STRAIGHT AHEAD",,,"1",,,,,,,,,,,,,,,"N","Y",,"FRONT",,,,,,,,,,,,,,,,,,,,,,,,,,,,,,,,,