"crash_unit_id","crash_record_id","crash_date","unit_no","unit_type","num_passengers","vehicle_id","cmrc_veh_i","make","model","lic_plate_state","vehicle_year","vehicle_defect","vehicle_type","vehicle_use","travel_direction","maneuver","towed_i","fire_i","occupant_cnt","exceed_speed_limit_i","towed_by","towed_to","area_00_i","area_01_i","area_02_i","area_03_i","area_04_i","area_05_i","area_06_i","area_07_i","area_08_i","area_09_i","area_10_i","area_11_i","area_12_i","area_99_i","first_contact_point","cmv_id","usdot_no","ccmc_no","ilcc_no","commercial_src","gvwr","carrier_name","carrier_state","carrier_city","hazmat_placards_i","hazmat_name","un_no","hazmat_present_i","hazmat_report_i","hazmat_report_no","mcs_report_i","mcs_report_no","hazmat_vio_cause_crash_i","mcs_vio_cause_crash_i","idot_permit_no","wide_load_i","trailer1_width","trailer2_width","trailer1_length","trailer2_length","total_vehicle_length","axle_cnt","vehicle_config","cargo_body_type","load_type","hazmat_out_of_service_i","mcs_out_of_service_i","hazmat_class"
"2065738","f9fe6416f5b1b14800c6a2923ba6562d38644e8116efac002bba0e309cad2267d579418190323c7fb87332952ef08b3c4ebed548782a8d3bc0b1957accda26fe","2025-05-18T16:14:00.000","1","DRIVER",,"1969177",,"HYUNDAI","OTHER (EXPLAIN IN NARRATIVE)","IL","2010","NONE","PASSENGER","PERSONAL","W","OTHER",,,"1",,,,,,,,,,,,,,,,,,"FRONT-LEFT-CORNER",,,,,,,,,,,,,,,,,,,,,,,,,,,,,,,,,
"2065739","f9fe6416f5b1b14800c6a2923ba6562d38644e8116efac002bba0e309cad2267d579418190323c7fb87332952ef08b3c4ebed548782a8d3bc0b1957accda26fe","2025-05-18T16:14:00.000","2","DRIVER","3","1969181",,"VOLVO","XC60","IL","2016","NONE","PASSENGER","PERSONAL","W","STRAIGHT AHEAD",,,"4",,,,,"Y","Y",,,,,,,,,,,,"FRONT-RIGHT-CORNER",,,,,,,,,,,,,,,,,,,,,,,,,,,,,,,,,
"2065740","f9fe6416f5b1b14800c6a2923ba6562d38644e8116efac002bba0e309cad2267d579418190323c7fb87332952ef08b3c4ebed548782a8d3bc0b1957accda26fe","2025-05-18T16:14:00.000","3","PARKED",,"1969187",,"SUBARU","CROSSTREK","IL","2024","NONE","PASSENGER","NOT IN USE","W","PARKED",,,"0",,,,,,,,,,,"Y",,,,,,,"REAR-LEFT-CORNER",,,,,,,,,,,,,,,,,,,,,,,,,,,,,,,,,
"2065722","6c63ac2226e1f412bfcf5bfc2c00bd8ed221265d560337bd25f65bbe5636da151cf825af64bcc5c6791f0623eeabad14d0c60cc86e281f5de41c0f6487767e2c","2025-05-18T16:10:00.000","1","DRIVER",,"1969186",,"CHEVROLET","EQUINOX","WI","2019","UNKNOWN","SPORT UTILITY VEHICLE (SUV)","UNKNOWN/NA","S","STRAIGHT AHEAD",,,"1",,,,,,,,,,,,,,,,,"Y","UNKNOWN",,,,,,,,,,,,,,,,,,,,,,,,,,,,,,,,,
"2065723","6c63ac2226e1f412bfcf5bfc2c00bd8ed221265d560337bd25f65bbe5636da151cf825af64bcc5c6791f0623eeabad14d0c60cc86e281f5de41c0f6487767e2c","2025-05-18T16:10:00.000","2","DRIVER",,"1969173",,"JEEP","PATRIOT","IL","2016","UNKNOWN","SPORT UTILITY VEHICLE (SUV)","PERSONAL","W","STRAIGHT AHEAD",,,"1",,,,,"Y",,,,,,,,,,"Y","Y",,"FRONT",,,,,,,,,,,,,,,,,,,,,,,,,,,,,,,,,
"2065721","74f88d29c4aeb6dcaad285e19abe49c7aae1cae5e9639d7424dcdbe6e192cd15138a40156e03828a87f6f25bc0f792eb9a9faef2132791e1cb84f57015d33c42","2025-05-18T16:06:00.000","1","DRIVER",,"1969165",,"LEXUS","NX","IL","2021","UNKNOWN","SPORT UTILITY VEHICLE (SUV)","PERSONAL","W","TURNING LEFT",,,"1",,,,,,,,,,,,,,,,"Y",,"FRONT",,,,,,,,,,,,,,,,,,,,,,,,,,,,,,,,,
"2065718","2b425d953ff71be7cdb760c00d0359bcaefdddd4c132b167f24a9347650cb2e6b296d3fd4b691d70ba139ebf7ee179125d8b880fb7db004e324930befe2ebcf5","2025-05-18T16:01:00.000","1","DRIVER",,"1969157",,"TOYOTA","CAMRY","IL","2012","NONE","PASSENGER","PERSONAL","N","LEAVING TRAFFIC LANE TO PARK","Y",,"1",,,,,"Y","Y","Y","N",,,,,,,,,,"SIDE-RIGHT",,,,,,,,,,,,,,,,,,,,,,,,,,,,,,,,,
"2065719","2b425d953ff71be7cdb760c00d0359bcaefdddd4c132b167f24a9347650cb2e6b296d3fd4b691d70ba139ebf7ee179125d8b880fb7db004e324930befe2ebcf5","2025-05-18T16:01:00.000","2","PARKED",,"1969163",,"NISSAN","VERSA","IL","2010","NONE","PASSENGER","PERSONAL","N","PARKED",,,"0",,,,,"Y",,,,,,,,,"Y","Y","Y",,"FRONT-LEFT-CORNER",,,,,,,,,,,,,,,,,,,,,,,,,,,,,,,,,
"2065734","5e866fef30c9e27860c74ebc9be5c728cd16f06e693727b4eb28e134acc79d2b1d87e67bad9ccd51e7d7a2b511a5441c14b4a1fe49661c16e6fbc2cbd09bdbd6","2025-05-18T16:00:00.000","1","DRIVER",,"1969175",,"UNKNOWN","MOTORIZED",,,"UNKNOWN","UNKNOWN/NA","UNKNOWN/NA","UNKNOWN","UNKNOWN/NA",,,"1",,,,,,,,,,,,,,,,,"Y","UNKNOWN",,,,,,,,,,,,,,,,,,,,,,,,,,,,,,,,,
"2065735","5e866fef30c9e27860c74ebc9be5c728cd16f06e693727b4eb28e134acc79d2b1d87e67bad9ccd51e7d7a2b511a5441c14b4a1fe49661c16e6fbc2cbd09bdbd6","2025-05-18T16:00:00.000","2","PARKED",,"1969176",,"TOYOTA","PRIUS","CA","2012","UNKNOWN","PASSENGER","UNKNOWN/NA","UNKNOWN","PARKED",,,"0",,,,,,,,,,,"Y","Y",,,,,,"UNKNOWN",,,,,,,,,,,,,,,,,,,,,,,,,,,,,,,,,
"2065746","754645a6133570f2724fd1091054dbd237294a695af9bafc29faa9ce4f273465c8ce33a2ef126ecefd44953a35585c7ac359a786a1e3a7de14ed6dc46d1f5b37","2025-05-18T16:00:00.000","1","DRIVER",,"1969190",,"UNKNOWN","OTHER (EXPLAIN IN NARRATIVE)",,,"UNKNOWN","UNKNOWN/NA","UNKNOWN/NA","UNKNOWN","UNKNOWN/NA",,,"1",,,,,,,,,,,,,,,,,"Y","UNKNOWN",,,,,,,,,,,,,,,,,,,,,,,,,,,,,,,,,
"2065747","754645a6133570f2724fd1091054dbd237294a695af9bafc29faa9ce4f273465c8ce33a2ef126ecefd44953a35585c7ac359a786a1e3a7de14ed6dc46d1f5b37","2025-05-18T16:00:00.000","2","PARKED",,"1969193",,"CADILLAC","DTS","IL","2008","UNKNOWN","PASSENGER","PERSONAL","W","PARKED",,,"0",,,,,"Y",,,,,,,,,,"Y","Y",,"FRONT",,,,,,,,,,,,,,,,,,,,,,,,,,,,,,,,,
"2066611","ac6ba6865832a6ed7f8306fd91b1519be607eb6cce510be99a702e9d840e026a317d5a3d7fdcf77a5e599d55aa5ed139d90a012ef4cf3622ac29093a49bc1eb2","2025-05-18T16:00:00.000","1","DRIVER",,"1970021",,"HYUNDAI","SONATA","IL","2011","UNKNOWN","PASSENGER","PERSONAL","W","STRAIGHT AHEAD",,,"1",,,,,"Y","Y",,,,,,,,,,,,"FRONT-RIGHT-CORNER",,,,,,,,,,,,,,,,,,,,,,,,,,,,,,,,,
"2066612","ac6ba6865832a6ed7f8306fd91b1519be607eb6cce510be99a702e9d840e026a317d5a3d7fdcf77a5e599d55aa5ed139d90a012ef4cf3622ac29093a49bc1eb2","2025-05-18T16:00:00.000","2","DRIVER","2","1970025",,"HONDA","CIVIC","IL","2016","NONE","PASSENGER","PERSONAL","W","STRAIGHT AHEAD",,,"3",,,,,,,,,,,,"Y","Y","Y","Y",,,"SIDE-LEFT",,,,,,,,,,,,,,,,,,,,,,,,,,,,,,,,,
"2065695","fddc2f25ab7b06df66dcc55fd09aac5a5bdb2692a1a4638b92f52fcd7d9cc12735f610614e10978a33c717b46008e41437e4091c6938b51c86b92636083bb463","2025-05-18T15:56:00.000","1","DRIVER",,"1969138",,"CHEVROLET","TRAX","IL","2025","UNKNOWN","PASSENGER","PERSONAL","E","SLOW/STOP IN TRAFFIC",,,"1",,,,,,,,,,,,,,"Y","Y",,,"SIDE-LEFT-FRONT",,,,,,,,,,,,,,,,,,,,,,,,,,,,,,,,,
"2065696","fddc2f25ab7b06df66dcc55fd09aac5a5bdb2692a1a4638b92f52fcd7d9cc12735f610614e10978a33c717b46008e41437e4091c6938b51c86b92636083bb463","2025-05-18T15:56:00.000","2","DRIVER",,"1969146",,"JEEP","PATRIOT","IL","2015","UNKNOWN","PASSENGER","PERSONAL","E","TURNING RIGHT",,,"1",,,,,,,,"Y","Y",,,,,,,,,"SIDE-RIGHT-REAR",,,,,,,,,,,,,,,,,,,,,,,,,,,,,,,,,
"2065741","68191dbd2cde6913766be13bcd534060a90f954d185293d62f7e0f0731c72903960d67d76df38fb81dcb36508d9ffbcd16f8463263e46357dbd7054e18dfceae","2025-05-18T15:55:00.000","1","DRIVER",,"1969179",,"HYUNDAI","ELANTRA","IL","2014","UNKNOWN","PASSENGER","PERSONAL","E","TURNING LEFT",,,"1",,,,,"Y",,,,,,,,,,"Y","Y",,"FRONT",,,,,,,,,,,,,,,,,,,,,,,,,,,,,,,,,
"2065742","68191dbd2cde6913766be13bcd534060a90f954d185293d62f7e0f0731c72903960d67d76df38fb81dcb36508d9ffbcd16f8463263e46357dbd7054e18dfceae","2025-05-18T15:55:00.000","2","DRIVER","3","1969182",,"CHEVROLET","MALIBU","IL","2012","NONE","PASSENGER","PERSONAL","E","STRAIGHT AHEAD",,,"4",,,,,,,,,,,,"Y","Y","Y",,,,"SIDE-LEFT",,,,,,,,,,,,,,,,,,,,,,,,,,,,,,,,,
"2065687","62c7d1121767996dda960e47983a8fa705f20b0c6b1c1259a0a08185d90faf0ff8e1efabe9d8feb005ae882fbaed0cd72539bfcb719dc158e144ff31681a0664","2025-05-18T15:48:00.000","1","DRIVER",,"1969130",,"CHEVROLET","MALIBU","IL","2016","NONE","PASSENGER","PERSONAL","W","LEAVING TRAFFIC LANE TO PARK",,,"1",,,,,,,"Y","Y","Y",,,,,,,,,"SIDE-RIGHT",,,,,,,,,,,,,,,,,,,,,,,,,,,,,,,,,
"2065688","62c7d1121767996dda960e47983a8fa705f20b0c6b1c1259a0a08185d90faf0ff8e1efabe9d8feb005ae882fbaed0cd72539bfcb719dc158e144ff31681a0664","2025-05-18T15:48:00.000","2","PARKED",,"1969135",,"BUICK","ENVISION","MN","2025","UNKNOWN","PASSENGER","NOT IN USE","W","PARKED",,,"0",,,,,,,,,,,,,,"Y","Y",,,"FRONT-LEFT-CORNER",,,,,,,,,,,,,,,,,,,,,,,,,,,,,,,,,
"2065922","e6920731f4772c156235fe2a88206212e1f825d0bee23d5839f6aa2f62c9d5642695452eb20358f5fa9a9e1e5defbcfe12083304c33c872fc1c28de749c231f0","2025-05-18T15:42:00.000","1","DRIVER",,"1969353",,"CHEVROLET","CRUZE","IL","2017","UNKNOWN","PASSENGER","PERSONAL","S","CHANGING LANES",,,"1",,,,,,,,,,,"Y","Y",,,,,,"REAR-LEFT-CORNER",,,,,,,,,,,,,,,,,,,,,,,,,,,,,,,,,
"2065923","e6920731f4772c156235fe2a88206212e1f825d0bee23d5839f6aa2f62c9d5642695452eb20358f5fa9a9e1e5defbcfe12083304c33c872fc1c28de749c231f0","2025-05-18T15:42:00.000","2","DRIVER",,"1969357",,"NISSAN","MURANO","IL","2021","UNKNOWN","PASSENGER","PERSONAL","S","STRAIGHT AHEAD",,,"1",,,,,"Y",,,,,,,,,,,,,"FRONT-RIGHT-CORNER",,,,,,,,,,,,,,,,,,,,,,,,,,,,,,,,,
"2065714","04c0914bbfc8047ec26be6a84fd293436b1b980072310169b6cbc4b5ceb365d099f50276c5be5873c3d246ec43dfa18bfb2273a59e2a3b02ae8d9d0f209d9cb9","2025-05-18T15:30:00.000","1","DRIVER",,"1969153",,"TOYOTA","CAMRY","IL","2020","UNKNOWN","PASSENGER","PERSONAL","W","TURNING LEFT",,,"1",,,,,,,,,,,,,,,"Y",,,"FRONT-LEFT-CORNER",,,,,,,,,,,,,,,,,,,,,,,,,,,,,,,,,
"2065715","04c0914bbfc8047ec26be6a84fd293436b1b980072310169b6cbc4b5ceb365d099f50276c5be5873c3d246ec43dfa18bfb2273a59e2a3b02ae8d9d0f209d9cb9","2025-05-18T15:30:00.000","2","DRIVER",,"1969162",,"TOYOTA","SIENNA","IL","2020","NONE","PASSENGER","PERSONAL","S","STRAIGHT AHEAD",,,"1",,,,,"Y",,,,,,,,,,,,,"FRONT-RIGHT-CORNER",,,,,,,,,,,,,,,,,,,,,,,,,,,,,,,,,
"2066015","9a00ebd467936b8538fc0205cee64059a465f121fe16d89787057ac471ad6d0a53b6ac8ae925ff9c348e9a412cbd04a33c905a75d9d47f372d644d2e5d1725f5","2025-05-18T15:30:00.000","1","DRIVER",,"1969452",,"UNKNOWN","OTHER (EXPLAIN IN NARRATIVE)","IL",,"UNKNOWN","UNKNOWN/NA","UNKNOWN/NA","UNKNOWN","UNKNOWN/NA",,,"1",,,,,,,,,,,,,,"N","N","N",,"UNKNOWN",,,,,,,,,,,,,,,,,,,,,,,,,,,,,,,,,
"2066016","9a00ebd467936b8538fc0205cee64059a465f121fe16d89787057ac471ad6d0a53b6ac8ae925ff9c348e9a412cbd04a33c905a75d9d47f372d644d2e5d1725f5","2025-05-18T15:30:00.000","2","PARKED",,"1969441",,"VOLKSWAGEN","TIGUAN","IL","2024","NONE","PASSENGER","NOT IN USE","N","PARKED",,,"0",,,,,,,,,,,,,,"Y","Y","Y",,"UNKNOWN",,,,,,,,,,,,,,,,,,,,,,,,,,,,,,,,,
"2065671","9869bcacac937dd6156edc1b627035b32edcaa4092ea53f2161f1134f5c1a38171002e0017a1928e6c5a6c7a5d5bf57039d9b2b4724f067dbd4e335e1b72a351","2025-05-18T15:23:00.000","1","DRIVER",,"1969112",,"JEEP","CHEROKEE","IN","2017","UNKNOWN","PASSENGER","PERSONAL","W","STRAIGHT AHEAD","Y",,"1",,"PRIVATE",,,"Y","Y","Y",,,,,,,,,"N",,"SIDE-RIGHT-FRONT",,,,,,,,,,,,,,,,,,,,,,,,,,,,,,,,,
"2065672","9869bcacac937dd6156edc1b627035b32edcaa4092ea53f2161f1134f5c1a38171002e0017a1928e6c5a6c7a5d5bf57039d9b2b4724f067dbd4e335e1b72a351","2025-05-18T15:23:00.000","2","DRIVER","2","1969119",,"CHEVROLET","EQUINOX","IL","2025","UNKNOWN","PASSENGER","PERSONAL","S","STRAIGHT AHEAD","Y",,"3",,"PRIVATE",,,"Y","Y",,,,,,,,"Y","Y","Y",,"FRONT",,,,,,,,,,,,,,,,,,,,,,,,,,,,,,,,,
"2065727","18769f47fc70726766fe9b0bdad1921416078723a6bb1e3b401496669b2bf5e1912ecf31acca198f041f4b088fe5aa25cceb3ed2511fe6f7661da6987aafa990","2025-05-18T15:20:00.000","1","DRIVER",,"1969167",,"SUBARU","WRX","IL","2002","NONE","PASSENGER","PERSONAL","E","STRAIGHT AHEAD",,,"1",,,,,,,,,,,,,,,,"Y",,"FRONT",,,,,,,,,,,,,,,,,,,,,,,,,,,,,,,,,
"2065728","18769f47fc70726766fe9b0bdad1921416078723a6bb1e3b401496669b2bf5e1912ecf31acca198f041f4b088fe5aa25cceb3ed2511fe6f7661da6987aafa990","2025-05-18T15:20:00.000","2","DRIVER",,"1969172",,"TOYOTA","CAMRY","IL","2025","NONE","PASSENGER","PERSONAL","E","STRAIGHT AHEAD",,,"1",,,,,,,,,,"Y",,,,,,,,"REAR",,,,,,,,,,,,,,,,,,,,,,,,,,,,,,,,,
"2065762","874de64b9a6ad3d3bbd8d09808aaf5ab02b6f2b302f2479f62a034eef4cfbbcb1876b10ea2d484a9e2589f6d14a56a936f273318e1f1d0cb135fe7d527f07b3c","2025-05-18T15:20:00.000","1","DRIVER",,"1969202",,"INFINITI","Q60","IL","2016","NONE","PASSENGER","PERSONAL","W","TURNING LEFT",,,"1",,,,,"N","Y","Y","Y","Y",,,,,,,,,"SIDE-RIGHT",,,,,,,,,,,,,,,,,,,,,,,,,,,,,,,,,
"2065763","874de64b9a6ad3d3bbd8d09808aaf5ab02b6f2b302f2479f62a034eef4cfbbcb1876b10ea2d484a9e2589f6d14a56a936f273318e1f1d0cb135fe7d527f07b3c","2025-05-18T15:20:00.000","2","PARKED",,"1969206",,"TOYOTA","SEQUOIA","IL","2023","UNKNOWN","PASSENGER","PERSONAL","W","PARKED",,,"0",,,,,,,,,,,"Y","Y","Y","Y",,,,"SIDE-LEFT",,,,,,,,,,,,,,,,,,,,,,,,,,,,,,,,,
"2065691","521557d51a1c9b4f9c3c6de1b98ec598f302e74d479081de9cbb604ef36982950ca26e59c828960e291921e1ad8e205188511c5e71e3bdddedc964067be36992","2025-05-18T15:19:00.000","1","DRIVER",,"1969134",,"FORD","FUSION","IL","2014","UNKNOWN","UNKNOWN/NA","UNKNOWN/NA","N","STRAIGHT AHEAD",,,"1",,,,,"Y",,,,,,,,,,"Y","Y",,"FRONT",,,,,,,,,,,,,,,,,,,,,,,,,,,,,,,,,
"2065692","521557d51a1c9b4f9c3c6de1b98ec598f302e74d479081de9cbb604ef36982950ca26e59c828960e291921e1ad8e205188511c5e71e3bdddedc964067be36992","2025-05-18T15:19:00.000","2","DRIVER",,"1969149",,"NISSAN","ROGUE","IL","2022","NONE","SPORT UTILITY VEHICLE (SUV)","PERSONAL","N","STRAIGHT AHEAD",,,"1",,,,,,,,,"Y","Y","Y",,,,,,,"REAR",,,,,,,,,,,,,,,,,,,,,,,,,,,,,,,,,
"2065698","d146dc6e47f0dc82e036534b27184935234f6edb8304e85697398730914ee08f2dab262ee8bba5b95ff0689e5e43c1f7568f75eb195f78fb9c105c8e64814e7e","2025-05-18T15:15:00.000","1","DRIVER",,"1969142",,"PONTIAC","BONNEVILLE","IL","1990","UNKNOWN","PASSENGER","PERSONAL","E","STRAIGHT AHEAD",,,"1",,,,,"Y",,,,,,,,,,"Y","Y",,"FRONT",,,,,,,,,,,,,,,,,,,,,,,,,,,,,,,,,
"2065699","d146dc6e47f0dc82e036534b27184935234f6edb8304e85697398730914ee08f2dab262ee8bba5b95ff0689e5e43c1f7568f75eb195f78fb9c105c8e64814e7e","2025-05-18T15:15:00.000","2","DRIVER",,"1969148",,"JEEP","CHEROKEE","IL","2012","UNKNOWN","SPORT UTILITY VEHICLE (SUV)","PERSONAL","E","STRAIGHT AHEAD",,,"1",,,,,,,,,"Y","Y","Y",,,,,,,"REAR",,,,,,,,,,,,,,,,,,,,,,,,,,,,,,,,,
"2065697","98bf446b623640924ad8b301cc7bea19e00161ca3acafacb52ed50e2a3b947fe9b6adf49b20a5716c50b9cd48910db548227122da02a0331e2659af73a6231a6","2025-05-18T15:10:00.000","1","DRIVER",,"1969131",,"TOYOTA","SIENNA","IL","2019","UNKNOWN","VAN/MINI-VAN","PERSONAL","UNKNOWN","STRAIGHT AHEAD",,,"1",,,,,,,"Y","Y","Y",,,,,,,,,"REAR-RIGHT-CORNER",,,,,,,,,,,,,,,,,,,,,,,,,,,,,,,,,
"2065701","98bf446b623640924ad8b301cc7bea19e00161ca3acafacb52ed50e2a3b947fe9b6adf49b20a5716c50b9cd48910db548227122da02a0331e2659af73a6231a6","2025-05-18T15:10:00.000","2","PARKED",,"1969140",,"TESLA","MODEL 3","IL","2023","UNKNOWN","PASSENGER","PERSONAL","UNKNOWN","PARKED",,,"0",,,,,,,,,,,,"Y","Y","Y","Y",,,"FRONT-LEFT-CORNER",,,,,,,,,,,,,,,,,,,,,,,,,,,,,,,,,
"2065657","113203914d0bcb4cf869380200eb962be47ba8648970f3be1f8aa9ddf3f1b777c5ef6cc8ee62d54a05f6335026373b69ba601938a91c6e4698844c8a8f549e11","2025-05-18T15:07:00.000","1","DRIVER",,"1969096",,"CHEVROLET","SILVERADO","IL","1998","UNKNOWN","PICKUP","PERSONAL","S","BACKING",,,"1",,,,,,,,,"Y","Y","Y",,,,,,,"REAR",,,,,,,,,,,,,,,,,,,,,,,,,,,,,,,,,
"2065658","113203914d0bcb4cf869380200eb962be47ba8648970f3be1f8aa9ddf3f1b777c5ef6cc8ee62d54a05f6335026373b69ba601938a91c6e4698844c8a8f549e11","2025-05-18T15:07:00.000","2","DRIVER","1","1969100",,"HYUNDAI","VERACRUZ","IL","2008","NONE","PASSENGER","PERSONAL","N","SLOW/STOP IN TRAFFIC",,,"2",,,,,"Y",,,,,,,,,,"Y","Y",,"FRONT",,,,,,,,,,,,,,,,,,,,,,,,,,,,,,,,,
"2065679","db181329938c35dc013277dccfc9657e178e61385191c80d3def1af5377bc69f8c8c4002bba7429026ae7a97c2633dcb5a7953915e68752e1c72c2e7e98f5805","2025-05-18T14:56:00.000","1","DRIVER",,"1969114",,"JEEP","GRAND CHEROKEE","IL","2014","NONE","PASSENGER","PERSONAL","N","STRAIGHT AHEAD","Y",,"1",,"CPD","103RD  DOTY",,,,,,,,,,,,"N","Y",,"FRONT",,,,,,,,,,,,,,,,,,,,,,,,,,,,,,,,,
"2065680","db181329938c35dc013277dccfc9657e178e61385191c80d3def1af5377bc69f8c8c4002bba7429026ae7a97c2633dcb5a7953915e68752e1c72c2e7e98f5805","2025-05-18T14:56:00.000","2","DRIVER",,"1969120",,"CHEVROLET","CRUZE","IL","2017","NONE","PASSENGER","PERSONAL","E","STRAIGHT AHEAD",,,"1",,,,,"Y","Y","Y","Y","Y",,"N","N","N","N","N",,,"NONE",,,,,,,,,,,,,,,,,,,,,,,,,,,,,,,,,
"2065641","1dca1d5de67519f7d7c885e1284ef48e25fef2ed0b3213f0478fdeb619d49bb916c0756093a3ad41518a7024f621160f8fbc9fb5ecd92ad1517b48fec1af4e25","2025-05-18T14:53:00.000","1","DRIVER",,"1969087",,"JEEP","GRAND CHEROKEE","IL","2006","UNKNOWN","SPORT UTILITY VEHICLE (SUV)","UNKNOWN/NA","N","TURNING LEFT",,,"1",,,,,,,,,,,,,,,,,"Y","FRONT-RIGHT-CORNER",,,,,,,,,,,,,,,,,,,,,,,,,,,,,,,,,
"2065642","1dca1d5de67519f7d7c885e1284ef48e25fef2ed0b3213f0478fdeb619d49bb916c0756093a3ad41518a7024f621160f8fbc9fb5ecd92ad1517b48fec1af4e25","2025-05-18T14:53:00.000","2","DRIVER","1","1969079",,"CHEVROLET","EQUINOX","IL","2014","UNKNOWN","SPORT UTILITY VEHICLE (SUV)","PERSONAL","W","STRAIGHT AHEAD",,,"2",,,,,,,,,,,,"Y","Y",,,,,"SIDE-LEFT-REAR",,,,,,,,,,,,,,,,,,,,,,,,,,,,,,,,,
"2065677","45ae0bd85ccd206152fad93ea251ec1b4c726f4aad063e313dcb585b8ab7993b37b6945b5641439021f462f38f83ba981d629ab1c3ad5c9ac586cde4c987c518","2025-05-18T14:50:00.000","1","DRIVER",,"1969115",,"TOYOTA","PRIUS","IL","2007","UNKNOWN","PASSENGER","PERSONAL","N","STRAIGHT AHEAD",,,"1",,,,,"Y","Y",,,,,,,,,,,,"SIDE-RIGHT",,,,,,,,,,,,,,,,,,,,,,,,,,,,,,,,,
"2065678","45ae0bd85ccd206152fad93ea251ec1b4c726f4aad063e313dcb585b8ab7993b37b6945b5641439021f462f38f83ba981d629ab1c3ad5c9ac586cde4c987c518","2025-05-18T14:50:00.000","2","DRIVER","1","1969124",,"FORD","EXPLORER","IL",,"UNKNOWN","PASSENGER","POLICE","N","STRAIGHT AHEAD",,,"2",,,,,,,,,,,"Y","Y",,,,,,"SIDE-LEFT",,,,,,,,,,,,,,,,,,,,,,,,,,,,,,,,,
"2065730","52ed721f191528ea4570c28a3ff367f3ad9d93e20d21af4dc41682c1b8507eff4f85f43354cd6b5729a3d60ff1cfe19447b908c04a885f4bd8a088b73f034fa7","2025-05-18T14:45:00.000","1","DRIVER",,"1969171",,"FORD","FUSION","IL","2015","NONE","PASSENGER","PERSONAL","W","STRAIGHT AHEAD",,,"1",,,,,"Y",,,,,,,,,,,"Y",,"FRONT",,,,,,,,,,,,,,,,,,,,,,,,,,,,,,,,,
"2065731","52ed721f191528ea4570c28a3ff367f3ad9d93e20d21af4dc41682c1b8507eff4f85f43354cd6b5729a3d60ff1cfe19447b908c04a885f4bd8a088b73f034fa7","2025-05-18T14:45:00.000","2","DRIVER",,"1969180",,"JEEP","LIBERTY","IL","2005","NONE","PASSENGER","NOT IN USE","W","STRAIGHT AHEAD",,,"1",,,,,,,,,,,"Y",,,,,,,"REAR-LEFT-CORNER",,,,,,,,,,,,,,,,,,,,,,,,,,,,,,,,,
"2065647","5ab3069eb20b663b78a5f80bc03848bc27d3e957fb003c2a33d54c0e18ce94bb75f2e87842e7833acb98b9c64d4094b99e745d70e52751b1a9f7d165037020ea","2025-05-18T14:45:00.000","1","DRIVER",,"1969083",,"UNKNOWN","OTHER (EXPLAIN IN NARRATIVE)",,,"UNKNOWN","UNKNOWN/NA","UNKNOWN/NA","UNKNOWN","UNKNOWN/NA",,,"1",,,,,,,,,,,,,,,,,"Y","UNKNOWN",,,,,,,,,,,,,,,,,,,,,,,,,,,,,,,,,
"2065648","5ab3069eb20b663b78a5f80bc03848bc27d3e957fb003c2a33d54c0e18ce94bb75f2e87842e7833acb98b9c64d4094b99e745d70e52751b1a9f7d165037020ea","2025-05-18T14:45:00.000","2","PARKED",,"1969084",,"FORD","ESCAPE","MI","2024","NONE","SPORT UTILITY VEHICLE (SUV)","PERSONAL","N","PARKED",,,"0",,,,,,,,,,,,,"Y","Y",,,,"SIDE-LEFT",,,,,,,,,,,,,,,,,,,,,,,,,,,,,,,,,
"2065662","c70adef14bef9e89135b12212d714ac17b28806365b6246728f6e0191ccc637ea84e2a31a8f73dec11f7438e46d0eb897a7dae7acd4508ea1dec78a4429b0fb0","2025-05-18T14:39:00.000","1","DRIVER",,"1969098",,"FORD","ECOSPORT","IL","2020","NONE","PASSENGER","PERSONAL","E","TURNING RIGHT",,,"1",,,,,,"Y","Y","Y",,,,,,,,,,"SIDE-RIGHT",,,,,,,,,,,,,,,,,,,,,,,,,,,,,,,,,
"2065663","c70adef14bef9e89135b12212d714ac17b28806365b6246728f6e0191ccc637ea84e2a31a8f73dec11f7438e46d0eb897a7dae7acd4508ea1dec78a4429b0fb0","2025-05-18T14:39:00.000","2","DRIVER",,"1969104",,"CHEVROLET","EQUINOX","IL","2023","NONE","OTHER","CTA","E","TURNING RIGHT",,,"1",,,,,,,,,,,,,,"Y","Y",,,"FRONT-LEFT-CORNER",,,,,,,,,,,,,,,,,,,,,,,,,,,,,,,,,
"2065681","58d2bfcb264a7964d923a6351be8d7d2fd97cb32d6021f6bdc3a592bdc116f1ded06be2446473ba768eb9d60a1816a3002cee84b1ba6af39faa59fe19ee89b74","2025-05-18T14:35:00.000","1","DRIVER",,"1969118",,"FORD","ESCAPE","IL","2011","UNKNOWN","PASSENGER","PERSONAL","W","STRAIGHT AHEAD","Y",,"1",,"private tow",,,"Y",,,,,,,,,,"Y","Y",,"FRONT",,,,,,,,,,,,,,,,,,,,,,,,,,,,,,,,,