"crash_unit_id","crash_record_id","crash_date","unit_no","unit_type","num_passengers","vehicle_id","cmrc_veh_i","make","model","lic_plate_state","vehicle_year","vehicle_defect","vehicle_type","vehicle_use","travel_direction","maneuver","towed_i","fire_i","occupant_cnt","exceed_speed_limit_i","towed_by","towed_to","area_00_i","area_01_i","area_02_i","area_03_i","area_04_i","area_05_i","area_06_i","area_07_i","area_08_i","area_09_i","area_10_i","area_11_i","area_12_i","area_99_i","first_contact_point","cmv_id","usdot_no","ccmc_no","ilcc_no","commercial_src","gvwr","carrier_name","carrier_state","carrier_city","hazmat_placards_i","hazmat_name","un_no","hazmat_present_i","hazmat_report_i","hazmat_report_no","mcs_report_i","mcs_report_no","hazmat_vio_cause_crash_i","mcs_vio_cause_crash_i","idot_permit_no","wide_load_i","trailer1_width","trailer2_width","trailer1_length","trailer2_length","total_vehicle_length","axle_cnt","vehicle_config","cargo_body_type","load_type","hazmat_out_of_service_i","mcs_out_of_service_i","hazmat_class"
"2065682","58d2bfcb264a7964d923a6351be8d7d2fd97cb32d6021f6bdc3a592bdc116f1ded06be2446473ba768eb9d60a1816a3002cee84b1ba6af39faa59fe19ee89b74","2025-05-18T14:35:00.000","2","DRIVER","2","1969123",,"TOYOTA","HIGHLANDER","IL","2024","UNKNOWN","PASSENGER","PERSONAL","W","STRAIGHT AHEAD",,,"3",,,,,,,,,"Y","Y","Y",,,,,,,"REAR",,,,,,,,,,,,,,,,,,,,,,,,,,,,,,,,,
"2065665","c0f18d885a9c17a155e4bc4aaea5894833d42457fef8ae99e5ab2e9ac035f80ec71472ccf1ca4a2b44d363d67a651b199ab07ab17cedb40591df3bccb8e91e07","2025-05-18T14:35:00.000","1","DRIVER",,"1969101",,"UNKNOWN","OTHER (EXPLAIN IN NARRATIVE)",,,"UNKNOWN","VAN/MINI-VAN","UNKNOWN/NA","W","PASSING/OVERTAKING",,,"1",,,,,"Y",,,,,,,,,,,,,"FRONT-RIGHT-CORNER",,,,,,,,,,,,,,,,,,,,,,,,,,,,,,,,,
"2065666","c0f18d885a9c17a155e4bc4aaea5894833d42457fef8ae99e5ab2e9ac035f80ec71472ccf1ca4a2b44d363d67a651b199ab07ab17cedb40591df3bccb8e91e07","2025-05-18T14:35:00.000","2","DRIVER",,"1969109","N","NEW FLYER","D40LF","IL","2007","UNKNOWN","BUS OVER 15 PASS.","CTA","W","STRAIGHT AHEAD",,,"1",,,,,,,,,,,"Y",,,,,,,"REAR-LEFT-CORNER",,,,,,,,,,,,,,,,,,,,,,,,,,,,,,,,,
"2065673","d6dea9d6021d7dfe8ee654d8a377d3180d1d19ff520dce42ac52e42ea34df0a2cbfb9a90c0fe8c11adaf5c313ec340e239d3e8ce0a7a293d3cd2a1e6a165325c","2025-05-18T14:35:00.000","1","BICYCLE",,,,,,,,,,,,,,,,,,,,,,,,,,,,,,,,,,,,,,,,,,,,,,,,,,,,,,,,,,,,,,,,,,
"2065674","d6dea9d6021d7dfe8ee654d8a377d3180d1d19ff520dce42ac52e42ea34df0a2cbfb9a90c0fe8c11adaf5c313ec340e239d3e8ce0a7a293d3cd2a1e6a165325c","2025-05-18T14:35:00.000","2","DRIVER","1","1969127",,"VOLVO","OTHER (EXPLAIN IN NARRATIVE)","IL","2023","NONE","SPORT UTILITY VEHICLE (SUV)","PERSONAL","N","STRAIGHT AHEAD",,,"2",,,,,"Y","Y",,,,,,,,,,,,"SIDE-RIGHT-FRONT",,,,,,,,,,,,,,,,,,,,,,,,,,,,,,,,,
"2065685","31add0135d942312155b7b796496b17af6e5d9949cf2b537307bfef9004ba62ab861eac77fee937987b137bcf2df3338deb75914f47f12215fe7330f91b0e905","2025-05-18T14:30:00.000","1","DRIVER","1","1969126",,"UNKNOWN","OTHER (EXPLAIN IN NARRATIVE)","IL",,"NONE","BUS UP TO 15 PASS.","OTHER","UNKNOWN","BACKING",,,"2",,,,,,,,,,,"Y","Y",,,,,,"REAR-LEFT-CORNER",,,,,,,,,,,,,,,,,,,,,,,,,,,,,,,,,
"2065686","31add0135d942312155b7b796496b17af6e5d9949cf2b537307bfef9004ba62ab861eac77fee937987b137bcf2df3338deb75914f47f12215fe7330f91b0e905","2025-05-18T14:30:00.000","2","PARKED",,"1969122",,"AUDI","Q7","IL","2018","NONE","SPORT UTILITY VEHICLE (SUV)","PERSONAL","W","PARKED",,,"0",,,,,,,"Y","Y","Y",,,,,,,,,"SIDE-RIGHT-REAR",,,,,,,,,,,,,,,,,,,,,,,,,,,,,,,,,
"2065635","544012c0f0e3b8a08f3fa1d53ced8a9a2b0eb43a2d12990b1ed87a4a3dd3f3b76b9088c0f1fd3d7b5a809a1aa298748113500b95429c131c1b811a62b7a89e8d","2025-05-18T14:30:00.000","1","DRIVER",,"1969076",,"BUICK","LUCERNE","WI","2006","UNKNOWN","PASSENGER","PERSONAL","UNKNOWN","CHANGING LANES",,,"1",,,,,,,,,,,,,,,"Y","Y",,"FRONT-LEFT-CORNER",,,,,,,,,,,,,,,,,,,,,,,,,,,,,,,,,
"2065636","544012c0f0e3b8a08f3fa1d53ced8a9a2b0eb43a2d12990b1ed87a4a3dd3f3b76b9088c0f1fd3d7b5a809a1aa298748113500b95429c131c1b811a62b7a89e8d","2025-05-18T14:30:00.000","2","DRIVER",,"1969085",,"VOLKSWAGEN","OTHER (EXPLAIN IN NARRATIVE)","IL","2024","UNKNOWN","SPORT UTILITY VEHICLE (SUV)","PERSONAL","UNKNOWN","STRAIGHT AHEAD",,,"1",,,,,,,,,"Y","Y",,,,,,,,"SIDE-RIGHT-REAR",,,,,,,,,,,,,,,,,,,,,,,,,,,,,,,,,
"2065651","7f4f744385b765eefd92ce3591186f84c99a78c933b95b3c55f280fe6d43c8f95e5d192eedd2bdd3ce199e51fd39ab9f97cbe0bab82dc071f0037f628b939750","2025-05-18T14:30:00.000","1","DRIVER",,"1969086",,"UNKNOWN","MOTORIZED","IL",,"UNKNOWN","UNKNOWN/NA","UNKNOWN/NA","N","UNKNOWN/NA",,,"1",,,,,,,,,,,,,,,,,"Y","UNKNOWN",,,,,,,,,,,,,,,,,,,,,,,,,,,,,,,,,
"2065652","7f4f744385b765eefd92ce3591186f84c99a78c933b95b3c55f280fe6d43c8f95e5d192eedd2bdd3ce199e51fd39ab9f97cbe0bab82dc071f0037f628b939750","2025-05-18T14:30:00.000","2","PARKED",,"1969091",,"VOLKSWAGEN","JETTA","IL","2023","NONE","PASSENGER","NOT IN USE","N","PARKED",,,"0",,,,,,,,,,,,,"Y","Y","Y",,,"SIDE-LEFT-FRONT",,,,,,,,,,,,,,,,,,,,,,,,,,,,,,,,,
"2065653","ef5f014a75b23f72a08f990c8115c6941fafc01f0c0fcae949451bcb456125f2284fb421e8d45aa82421bb96dba730afbb76a134dc2fd082b1fb03d333e13ea5","2025-05-18T14:30:00.000","1","DRIVER",,"1969113",,"CHEVROLET","SILVERADO","IL","2012","NONE","PICKUP","PERSONAL","S","STRAIGHT AHEAD",,,"1",,,,,,,,,,,,,,,"Y","Y",,"FRONT",,,,,,,,,,,,,,,,,,,,,,,,,,,,,,,,,
"2065654","ef5f014a75b23f72a08f990c8115c6941fafc01f0c0fcae949451bcb456125f2284fb421e8d45aa82421bb96dba730afbb76a134dc2fd082b1fb03d333e13ea5","2025-05-18T14:30:00.000","2","DRIVER",,"1969164",,"TOYOTA","RAV4","IL","2012","NONE","PASSENGER","PERSONAL","W","STRAIGHT AHEAD","Y",,"1",,"private","home",,,,,,"Y","Y",,,,,,,,"REAR-RIGHT-CORNER",,,,,,,,,,,,,,,,,,,,,,,,,,,,,,,,,
"2065627","fbd735daa359828120311135ffea9b60909f78a3e896d48d05a7d6016a9a11f9fc68f5a531ae23fba8bc9e0ba4bb36316b78bbede695eff91f4648787689cb34","2025-05-18T14:30:00.000","1","DRIVER",,"1969068",,"CHEVROLET","TRAX","IL","2019","UNKNOWN","PASSENGER","PERSONAL","UNKNOWN","BACKING",,,"1",,,,,,,,,,,,,,,,,,"UNKNOWN",,,,,,,,,,,,,,,,,,,,,,,,,,,,,,,,,
"2065628","fbd735daa359828120311135ffea9b60909f78a3e896d48d05a7d6016a9a11f9fc68f5a531ae23fba8bc9e0ba4bb36316b78bbede695eff91f4648787689cb34","2025-05-18T14:30:00.000","2","DRIVER",,"1969071",,"CHEVROLET","TRAIL BLAZER","IL","2023","NONE","PASSENGER","PERSONAL","UNKNOWN","UNKNOWN/NA",,,"1",,,,,,,,,,,,,,,,,,"REAR-RIGHT-CORNER",,,,,,,,,,,,,,,,,,,,,,,,,,,,,,,,,
"2065637","fe468c22c8b8ba1a8e66d907c48627c332b062bddc44e377d87ef408338fe4593a725eaa1f217bc5dd4f214ad04d7c805f5c597d36dba89f19f0e2a54c4c691c","2025-05-18T14:28:00.000","1","DRIVER",,"1969077",,"CHEVROLET","MALIBU","IL",,"UNKNOWN","PASSENGER","PERSONAL","E","STRAIGHT AHEAD",,,"1",,,,,"Y","Y",,,,,,,,,,,"Y","UNKNOWN",,,,,,,,,,,,,,,,,,,,,,,,,,,,,,,,,
"2065638","fe468c22c8b8ba1a8e66d907c48627c332b062bddc44e377d87ef408338fe4593a725eaa1f217bc5dd4f214ad04d7c805f5c597d36dba89f19f0e2a54c4c691c","2025-05-18T14:28:00.000","2","DRIVER",,"1969082",,"BUICK","ENCORE","IL","2020","UNKNOWN","SPORT UTILITY VEHICLE (SUV)","PERSONAL","E","STRAIGHT AHEAD",,,"1",,,,,,,,,,,"Y",,,,,,,"REAR-LEFT-CORNER",,,,,,,,,,,,,,,,,,,,,,,,,,,,,,,,,
"2065617","786d11ea2c8b7d5c65bc471cb5eaa6ff713b6a26481479d1e8fc056013aa90e6e58557ddddcfe40e1a197104bdc6254b34603f6bd0a127b5d0205660871de27f","2025-05-18T14:25:00.000","2","DRIVER",,"1969047",,"JAGUAR","OTHER (EXPLAIN IN NARRATIVE)","IL","2020","NONE","PASSENGER","PERSONAL","UNKNOWN","SLOW/STOP IN TRAFFIC",,,"1",,,,,,,,,,,,,"N","N","Y",,,"FRONT-LEFT-CORNER",,,,,,,,,,,,,,,,,,,,,,,,,,,,,,,,,
"2065618","786d11ea2c8b7d5c65bc471cb5eaa6ff713b6a26481479d1e8fc056013aa90e6e58557ddddcfe40e1a197104bdc6254b34603f6bd0a127b5d0205660871de27f","2025-05-18T14:25:00.000","1","DRIVER",,"1969052",,"HONDA","OTHER (EXPLAIN IN NARRATIVE)","IL","2009","UNKNOWN","PASSENGER","PERSONAL","UNKNOWN","BACKING",,,"1",,,,,,,,,,,,,,,,,"Y","UNKNOWN",,,,,,,,,,,,,,,,,,,,,,,,,,,,,,,,,
"2065649","35c823399642776cc0ea94ea4cad7d1fdb4090345c318c634509b813d2d10a893641ccbdb6e4ce46f94cd7cea20e5cba353baf6afe9d58ae0cc9567811d67105","2025-05-18T14:20:00.000","1","DRIVER",,"1969088",,"PONTIAC","G6","IL","2007","NONE","PASSENGER","PERSONAL","W","STRAIGHT AHEAD",,,"1",,,,,,,,,"Y",,,,,,,,,"REAR-RIGHT-CORNER",,,,,,,,,,,,,,,,,,,,,,,,,,,,,,,,,
"2065650","35c823399642776cc0ea94ea4cad7d1fdb4090345c318c634509b813d2d10a893641ccbdb6e4ce46f94cd7cea20e5cba353baf6afe9d58ae0cc9567811d67105","2025-05-18T14:20:00.000","2","DRIVER","1","1969090",,"FORD","EXPLORER","IL","2016","NONE","SPORT UTILITY VEHICLE (SUV)","POLICE","S","STRAIGHT AHEAD",,,"2",,,,,,,,,,,,,,,,"Y",,"FRONT",,,,,,,,,,,,,,,,,,,,,,,,,,,,,,,,,
"2065812","77e24f44935de2daa7b7968a6e273deddcdf6e995025ee6854f2c628682c5ce60caee5f280c7e92179d561cfd280702ce6018739f51b9591384807521263a5a3","2025-05-18T14:20:00.000","1","DRIVER",,"1969245",,"UNKNOWN","OTHER (EXPLAIN IN NARRATIVE)","IL",,"UNKNOWN","OTHER","UNKNOWN/NA","UNKNOWN","STRAIGHT AHEAD",,,"1",,,,,,,,,,,,,,,,,,"UNKNOWN",,,,,,,,,,,,,,,,,,,,,,,,,,,,,,,,,
"2065813","77e24f44935de2daa7b7968a6e273deddcdf6e995025ee6854f2c628682c5ce60caee5f280c7e92179d561cfd280702ce6018739f51b9591384807521263a5a3","2025-05-18T14:20:00.000","2","PEDESTRIAN",,,,,,,,,,,,,,,,,,,,,,,,,,,,,,,,,,,,,,,,,,,,,,,,,,,,,,,,,,,,,,,,,,
"2065629","bda64c38a243ad5979bc098c6a354ee54f48a655abe9ea6afa9a37f2a66e6b87a22c9ee37011dfe0b465eaea030616fe331d55b147d8396cdf0cc0a6d8a3d679","2025-05-18T14:20:00.000","1","DRIVER",,"1969074",,"SUBARU","FORESTER","IL","2022","UNKNOWN","PASSENGER","PERSONAL","W","TURNING LEFT",,,"1",,,,,,"Y","Y","Y",,,,,,,,,,"UNKNOWN",,,,,,,,,,,,,,,,,,,,,,,,,,,,,,,,,
"2065630","bda64c38a243ad5979bc098c6a354ee54f48a655abe9ea6afa9a37f2a66e6b87a22c9ee37011dfe0b465eaea030616fe331d55b147d8396cdf0cc0a6d8a3d679","2025-05-18T14:20:00.000","2","DRIVER",,"1969078",,"BUICK","LESABRE","IN","2001","UNKNOWN","PASSENGER","PERSONAL","S","STRAIGHT AHEAD",,,"1",,,,,,,,,,,,,,,,"Y",,"FRONT",,,,,,,,,,,,,,,,,,,,,,,,,,,,,,,,,
"2065639","d123c05bb13eaa206548682a82da2752d0778fc46e3b357ab6a2bf03a80224545d8939d3632bb9907137f926cd9d8a57caaafee79a02478561b2dec2124d2a5e","2025-05-18T14:18:00.000","1","DRIVER",,"1969081",,"DODGE","OTHER (EXPLAIN IN NARRATIVE)","IL","2018","UNKNOWN","PASSENGER","PERSONAL","N","STRAIGHT AHEAD",,,"1",,,,,"Y",,,,,,,,,,,,,"SIDE-RIGHT-FRONT",,,,,,,,,,,,,,,,,,,,,,,,,,,,,,,,,
"2065640","d123c05bb13eaa206548682a82da2752d0778fc46e3b357ab6a2bf03a80224545d8939d3632bb9907137f926cd9d8a57caaafee79a02478561b2dec2124d2a5e","2025-05-18T14:18:00.000","2","DRIVER",,"1969089",,"CHEVROLET","IMPALA","IL","2015","UNKNOWN","PASSENGER","PERSONAL","W","STRAIGHT AHEAD",,,"1",,,,,,,,,,,"Y","Y",,,,,,"SIDE-LEFT-REAR",,,,,,,,,,,,,,,,,,,,,,,,,,,,,,,,,
"2065830","1194057ea7c0257cfd0ebb93fdfed5ab6c145fb576e45d8d2e8ac1ce2e35981fe47e7da8f290292c5b41ee5c1b6785a52d63db36df4ca844310ff6d29db02a57","2025-05-18T14:17:00.000","1","DRIVER",,"1969265",,"BUICK","OTHER (EXPLAIN IN NARRATIVE)","IL","2025","NONE","PASSENGER","PERSONAL","E","TURNING RIGHT",,,"1",,,,,,,,,,,,,,,"Y",,,"FRONT-LEFT-CORNER",,,,,,,,,,,,,,,,,,,,,,,,,,,,,,,,,
"2065831","1194057ea7c0257cfd0ebb93fdfed5ab6c145fb576e45d8d2e8ac1ce2e35981fe47e7da8f290292c5b41ee5c1b6785a52d63db36df4ca844310ff6d29db02a57","2025-05-18T14:17:00.000","2","DRIVER",,"1969266",,"TOYOTA","MATRIX","IL","2009","NONE","PASSENGER","PERSONAL","S","STRAIGHT AHEAD",,,"1",,,,,,,"Y","Y",,,,,,,,,,"SIDE-RIGHT",,,,,,,,,,,,,,,,,,,,,,,,,,,,,,,,,
"2065706","3285b32444dead2d69029783db6929247a6de5bbf0eb2ba37ecda94e3dff2f8608e1b264e305120e525be86612e5b32515c9e682454e1b47059b409c16f987ad","2025-05-18T14:00:00.000","1","DRIVER","1","1969147",,"LINCOLN","OTHER (EXPLAIN IN NARRATIVE)","IL","2017","UNKNOWN","SPORT UTILITY VEHICLE (SUV)","PERSONAL","W","CHANGING LANES",,,"2",,,,,,,,,,,,,,"Y","Y",,,"SIDE-LEFT-FRONT",,,,,,,,,,,,,,,,,,,,,,,,,,,,,,,,,
"2065707","3285b32444dead2d69029783db6929247a6de5bbf0eb2ba37ecda94e3dff2f8608e1b264e305120e525be86612e5b32515c9e682454e1b47059b409c16f987ad","2025-05-18T14:00:00.000","2","DRIVER",,"1969156",,"HONDA","CIVIC","IL","2019","UNKNOWN","PASSENGER","PERSONAL","W","STRAIGHT AHEAD",,,"1",,,,,,"Y","Y",,,,,,,,,,,"SIDE-RIGHT",,,,,,,,,,,,,,,,,,,,,,,,,,,,,,,,,
"2065768","36c95260eceb19e35728b46f46ed9c476bf325bf1e38950f6e98ca61c64548ac8ac0f9e81ba79b5b6163db0bc6dad48e35f1ee2238c4e9757f1df701104bd67d","2025-05-18T14:00:00.000","1","DRIVER",,"1969209",,"VOLVO","V40","IL","2023","UNKNOWN","UNKNOWN/NA","UNKNOWN/NA","N","STRAIGHT AHEAD",,,"1",,,,,,,,,,,,,,,,,"Y","UNKNOWN",,,,,,,,,,,,,,,,,,,,,,,,,,,,,,,,,
"2065769","36c95260eceb19e35728b46f46ed9c476bf325bf1e38950f6e98ca61c64548ac8ac0f9e81ba79b5b6163db0bc6dad48e35f1ee2238c4e9757f1df701104bd67d","2025-05-18T14:00:00.000","2","BICYCLE",,,,,,,,,,,,,,,,,,,,,,,,,,,,,,,,,,,,,,,,,,,,,,,,,,,,,,,,,,,,,,,,,,
"2065611","b90e8e62700871f7834774754dd860e9e4ae60040f90f11c01f3ca59c33f03ab56e670648b71ae79f7e481be149b530f63e56aa5eee3dd92af66940481564217","2025-05-18T14:00:00.000","1","DRIVER",,"1969045",,"TOYOTA","CAMRY","IL","2012","NONE","PASSENGER","PERSONAL","S","TURNING LEFT",,,"1",,,,"Y",,,,,,,,,,,,,,"FRONT",,,,,,,,,,,,,,,,,,,,,,,,,,,,,,,,,
"2065612","b90e8e62700871f7834774754dd860e9e4ae60040f90f11c01f3ca59c33f03ab56e670648b71ae79f7e481be149b530f63e56aa5eee3dd92af66940481564217","2025-05-18T14:00:00.000","2","DRIVER","1","1969054",,"HYUNDAI","SONATA","IL","2016","UNKNOWN","PASSENGER","PERSONAL","E","TURNING LEFT",,,"2",,,,,,,,,,,,,,,,,"Y","REAR",,,,,,,,,,,,,,,,,,,,,,,,,,,,,,,,,
"2065645","d376bea9b3e98bb351db3ac97e3866ebf4b9039986062d118339893082df7c9d3a6711658904a28eb000f08f19b569b1e8d2e93cae152b11b69a0c79eb58063c","2025-05-18T14:00:00.000","1","DRIVER",,"1969099",,"TOYOTA","CAMRY","IL","2012","UNKNOWN","PASSENGER","PERSONAL","W","TURNING LEFT",,,"1",,,,,,,,,,,,,,,"Y",,,"FRONT-LEFT-CORNER",,,,,,,,,,,,,,,,,,,,,,,,,,,,,,,,,
"2065646","d376bea9b3e98bb351db3ac97e3866ebf4b9039986062d118339893082df7c9d3a6711658904a28eb000f08f19b569b1e8d2e93cae152b11b69a0c79eb58063c","2025-05-18T14:00:00.000","2","DRIVER","1","1969093",,"HYUNDAI","SONATA","IL","2016","UNKNOWN","PASSENGER","PERSONAL","E","STRAIGHT AHEAD",,,"2",,,,,,,,,,,"Y",,,,,,,"REAR-LEFT-CORNER",,,,,,,,,,,,,,,,,,,,,,,,,,,,,,,,,
"2065633","72fa3b7c7dca8adc1ca51533bacd35beae563047e6a81f1a24578b44dd379be56bfd28236b99678dd8da187d2bf98ddda3bbf0f5f73a4090b19453e1512c85a4","2025-05-18T13:50:00.000","1","DRIVER","1","1969072",,"FORD","FUSION","MI","2018","NONE","PASSENGER","PERSONAL","N","STRAIGHT AHEAD",,,"2",,,,,,"Y","Y","Y",,,,,,,,,,"SIDE-RIGHT",,,,,,,,,,,,,,,,,,,,,,,,,,,,,,,,,
"2065634","72fa3b7c7dca8adc1ca51533bacd35beae563047e6a81f1a24578b44dd379be56bfd28236b99678dd8da187d2bf98ddda3bbf0f5f73a4090b19453e1512c85a4","2025-05-18T13:50:00.000","2","DRIVER",,"1969425",,"NISSAN","ALTIMA","IL","2023","NONE","PASSENGER","PERSONAL","W","STRAIGHT AHEAD","Y",,"1",,,,,"Y","Y",,,,,,,,"Y","Y","Y",,"FRONT",,,,,,,,,,,,,,,,,,,,,,,,,,,,,,,,,
"2065603","677a9eadab8550634d7b2e291cdf8cf7ed885a476d47b0cdce424c13b21c6327573b6529842e5eb1393f136c3bd19421607b670d0c17b543b21cb5d70235664f","2025-05-18T13:45:00.000","1","DRIVER",,"1969064",,"FORD","EXPLORER","IL","2021","NONE","SPORT UTILITY VEHICLE (SUV)","POLICE","S","STRAIGHT AHEAD",,,"1",,,,,,,,,,,,,,,,,,"UNDER CARRIAGE",,,,,,,,,,,,,,,,,,,,,,,,,,,,,,,,,
"2065675","709a02e24b1d5033a0e52de87f271424b9f4f96229b01c6eb714853944b8b631cb071942c7383e039111659ced6738e32c24a4497b111aebf5b1f0455847f5cf","2025-05-18T13:45:00.000","1","DRIVER",,"1969116",,"RANGE ROVER OF NORTH AMERICA","RANGE ROVER OF NORTH AMERICA","IL","2015","NONE","PASSENGER","PERSONAL","W","BACKING",,,"1",,,,,,,,,,"Y",,,,,,,,"REAR",,,,,,,,,,,,,,,,,,,,,,,,,,,,,,,,,
"2065676","709a02e24b1d5033a0e52de87f271424b9f4f96229b01c6eb714853944b8b631cb071942c7383e039111659ced6738e32c24a4497b111aebf5b1f0455847f5cf","2025-05-18T13:45:00.000","2","DRIVER",,"1969129",,"GENERAL MOTORS CORPORATION (GMC)","SIERRA","IL","2023","NONE","PICKUP","PERSONAL","N","STRAIGHT AHEAD",,,"1",,,,,,,,,,,,,,"Y",,,,"SIDE-LEFT",,,,,,,,,,,,,,,,,,,,,,,,,,,,,,,,,
"2065591","eaa3468719106540997be4ceeb7d9304d346627a9b6cec8b4f9975947500ea824336b2fecfcc5385c3763188bf31b9eb5f5453be4958fb4d0a324241595b45aa","2025-05-18T13:40:00.000","1","DRIVER",,"1969035",,"JEEP","WRANGLER","IL","2013","NONE","SPORT UTILITY VEHICLE (SUV)","PERSONAL","S","STRAIGHT AHEAD",,,"1",,,,,,,,,,,,,,,,"N","Y","FRONT",,,,,,,,,,,,,,,,,,,,,,,,,,,,,,,,,
"2065592","eaa3468719106540997be4ceeb7d9304d346627a9b6cec8b4f9975947500ea824336b2fecfcc5385c3763188bf31b9eb5f5453be4958fb4d0a324241595b45aa","2025-05-18T13:40:00.000","2","DRIVER",,"1969032",,"TOYOTA","COROLLA","IL","2005","NONE","PICKUP","PERSONAL","S","STRAIGHT AHEAD",,,"1",,,,,,,,"Y","Y","Y","Y",,,,,,,"REAR",,,,,,,,,,,,,,,,,,,,,,,,,,,,,,,,,
"2065613","12f038a43ba8ce6cec4920eb8ee57ae804ce7ae58155357e9d351a657f2da5594b7d5f8a3336404eb968432b62f814056d6d0a064ceee1d9118e21f4460618ce","2025-05-18T13:39:00.000","1","DRIVER","1","1969053",,"HONDA","PILOT","IL","2012","UNKNOWN","SPORT UTILITY VEHICLE (SUV)","PERSONAL","N","STRAIGHT AHEAD",,,"2",,,,,,,,,,,,,,"Y","Y",,,"FRONT-LEFT-CORNER",,,,,,,,,,,,,,,,,,,,,,,,,,,,,,,,,
"2065614","12f038a43ba8ce6cec4920eb8ee57ae804ce7ae58155357e9d351a657f2da5594b7d5f8a3336404eb968432b62f814056d6d0a064ceee1d9118e21f4460618ce","2025-05-18T13:39:00.000","2","BICYCLE",,,,,,,,,,,,,,,,,,,,,,,,,,,,,,,,,,,,,,,,,,,,,,,,,,,,,,,,,,,,,,,,,,
"2066118","03be5dac0cfbcd8734dcbe82f4c6467979cbc2ea3a252698e8a30167f760ecf3ec7a4f78829c279666ccb9128105f064f6327a5ea28efe7f6f6e2c4ce95ca758","2025-05-18T13:35:00.000","1","DRIVER",,"1969537",,"FORD","EDGE","MN","2024","NONE","PASSENGER","PERSONAL","NW","CHANGING LANES",,,"1",,,,,"Y",,,,,,,,,,,,,"FRONT-RIGHT-CORNER",,,,,,,,,,,,,,,,,,,,,,,,,,,,,,,,,
"2065761","e441b82e9bd83007bf43487a0df636f33c42cae9f4f4b71da611a214b6fab78c9a99401ad08667f9a5b5aa1861a004751f556749cb480e181bed90c673b3db00","2025-05-18T13:10:00.000","1","DRIVER",,"1969208",,"UNKNOWN","OTHER (EXPLAIN IN NARRATIVE)","IL",,"UNKNOWN","UNKNOWN/NA","UNKNOWN/NA","UNKNOWN","PASSING/OVERTAKING",,,"1",,,,,,,,,,,,,,,,,"Y","UNKNOWN",,,,,,,,,,,,,,,,,,,,,,,,,,,,,,,,,
"2065783","e441b82e9bd83007bf43487a0df636f33c42cae9f4f4b71da611a214b6fab78c9a99401ad08667f9a5b5aa1861a004751f556749cb480e181bed90c673b3db00","2025-05-18T13:10:00.000","2","DRIVER",,"1969214",,"HYUNDAI","SANTA FE","IL","2017","UNKNOWN","PASSENGER","PERSONAL","UNKNOWN","STRAIGHT AHEAD",,,"1",,,,,"Y","Y","Y","Y",,,,,,,,,,"SIDE-RIGHT",,,,,,,,,,,,,,,,,,,,,,,,,,,,,,,,,
"2065660","d9d93e8877be91596e850d4ddc7a3f0eebf19764664bf95542b5e3847f240ce31b8749a1fa04ca74935552982e449a95b3d0479afe9543d05386d886976d48f1","2025-05-18T13:05:00.000","1","PARKED","1","1969097",,"VOLVO","XC90","IL","2007","NONE","PASSENGER","NOT IN USE","N","PARKED",,,"1",,,,,,,,,,,,,,,,,,"NONE",,,,,,,,,,,,,,,,,,,,,,,,,,,,,,,,,
"2065661","d9d93e8877be91596e850d4ddc7a3f0eebf19764664bf95542b5e3847f240ce31b8749a1fa04ca74935552982e449a95b3d0479afe9543d05386d886976d48f1","2025-05-18T13:05:00.000","2","DRIVER",,"1969102",,"TOYOTA","PRIUS","IL","2012","NONE","PASSENGER","PERSONAL","N","STRAIGHT AHEAD",,,"1",,,,,,"Y","Y",,,,,,,,,,,"SIDE-RIGHT",,,,,,,,,,,,,,,,,,,,,,,,,,,,,,,,,
"2065752","784426712c47d1c83c8f2de3b73b028ca5d65200096f22fc85f61533a0753adb60fb0a287404d5699c0d53df7174bb2e82206829d96b7d4111b8c660c6de3ee3","2025-05-18T13:00:00.000","1","DRIVER","1","1969192",,"NISSAN","ROGUE","IL","2023","UNKNOWN","SPORT UTILITY VEHICLE (SUV)","UNKNOWN/NA","N","STRAIGHT AHEAD",,,"2",,,,,,,,,,,,,,,,,"Y","SIDE-LEFT",,,,,,,,,,,,,,,,,,,,,,,,,,,,,,,,,
"2065753","784426712c47d1c83c8f2de3b73b028ca5d65200096f22fc85f61533a0753adb60fb0a287404d5699c0d53df7174bb2e82206829d96b7d4111b8c660c6de3ee3","2025-05-18T13:00:00.000","2","DRIVER","1","1969198",,"NISSAN","SENTRA","IL","2008","UNKNOWN","PASSENGER","PERSONAL","N","STRAIGHT AHEAD",,,"2",,,,,,,,,,,,,,"Y",,,,"SIDE-LEFT-FRONT",,,,,,,,,,,,,,,,,,,,,,,,,,,,,,,,,
"2065716","f38de42814f32a2f8f6a4c5d9de70e047ab9c726badea54fb3479fb548a48fc62162d3670839e041b19b0d3073d7f7053276b9dff613f49c5075bf8522e300f9","2025-05-18T13:00:00.000","1","DRIVER",,"1969166","N","FORD","OTHER (EXPLAIN IN NARRATIVE)","IL","2021","UNKNOWN","TRUCK - SINGLE UNIT","COMMERCIAL - SINGLE UNIT","W","STRAIGHT AHEAD",,,"1",,,,,,,,,,,"Y","Y",,,,,,"SIDE-LEFT-REAR",,,,,,,,,,,,,,,,,,,,,,,,,,,,,,,,,