"crash_unit_id","crash_record_id","crash_date","unit_no","unit_type","num_passengers","vehicle_id","cmrc_veh_i","make","model","lic_plate_state","vehicle_year","vehicle_defect","vehicle_type","vehicle_use","travel_direction","maneuver","towed_i","fire_i","occupant_cnt","exceed_speed_limit_i","towed_by","towed_to","area_00_i","area_01_i","area_02_i","area_03_i","area_04_i","area_05_i","area_06_i","area_07_i","area_08_i","area_09_i","area_10_i","area_11_i","area_12_i","area_99_i","first_contact_point","cmv_id","usdot_no","ccmc_no","ilcc_no","commercial_src","gvwr","carrier_name","carrier_state","carrier_city","hazmat_placards_i","hazmat_name","un_no","hazmat_present_i","hazmat_report_i","hazmat_report_no","mcs_report_i","mcs_report_no","hazmat_vio_cause_crash_i","mcs_vio_cause_crash_i","idot_permit_no","wide_load_i","trailer1_width","trailer2_width","trailer1_length","trailer2_length","total_vehicle_length","axle_cnt","vehicle_config","cargo_body_type","load_type","hazmat_out_of_service_i","mcs_out_of_service_i","hazmat_class"
"2065717","f38de42814f32a2f8f6a4c5d9de70e047ab9c726badea54fb3479fb548a48fc62162d3670839e041b19b0d3073d7f7053276b9dff613f49c5075bf8522e300f9","2025-05-18T13:00:00.000","2","PARKED",,"1969169",,"HONDA","CR-V","IL","2012","NONE","SPORT UTILITY VEHICLE (SUV)","PERSONAL","E","PARKED",,,"0",,,,,,,,,,,"Y","Y","Y",,,,,"SIDE-LEFT",,,,,,,,,,,,,,,,,,,,,,,,,,,,,,,,,
"2065577","55f2f5143b1237034d92e941b477882e36ec2253acfc322068a3f851ef59e789eccaa2f35a240328435d9ffbd7b27a652aac7fee4f4ba5352395c012b650eb86","2025-05-18T12:55:00.000","1","DRIVER",,"1969066",,"TOYOTA","CAMRY","IL","2011","UNKNOWN","PASSENGER","PERSONAL","S","STRAIGHT AHEAD","Y",,"1",,"OWNER",,,"Y",,,,,,,,,,"Y","Y",,"FRONT",,,,,,,,,,,,,,,,,,,,,,,,,,,,,,,,,
"2065578","55f2f5143b1237034d92e941b477882e36ec2253acfc322068a3f851ef59e789eccaa2f35a240328435d9ffbd7b27a652aac7fee4f4ba5352395c012b650eb86","2025-05-18T12:55:00.000","2","DRIVER",,"1969070",,"TOYOTA","RAV4","IL","2021","UNKNOWN","PASSENGER","OTHER","S","STRAIGHT AHEAD","Y",,"1",,"OWNER",,,"Y","N",,,"Y","Y","Y",,,,,,,"REAR",,,,,,,,,,,,,,,,,,,,,,,,,,,,,,,,,
"2065579","55f2f5143b1237034d92e941b477882e36ec2253acfc322068a3f851ef59e789eccaa2f35a240328435d9ffbd7b27a652aac7fee4f4ba5352395c012b650eb86","2025-05-18T12:55:00.000","3","DRIVER",,"1969075",,"TOYOTA","COROLLA","IL","2023","UNKNOWN","PASSENGER","PERSONAL","S","STRAIGHT AHEAD",,,"1",,,,,,,,,,,,"Y","Y",,,,,"REAR-LEFT-CORNER",,,,,,,,,,,,,,,,,,,,,,,,,,,,,,,,,
"2065563","373e4ca1e8018f043bf5912408473a089b07af70eb181cfc91d224577931b1a1a571c52294e725169e88b4d82a63a03a7fce051fe4a4bd4db0056f91be94dc80","2025-05-18T12:54:00.000","1","DRIVER",,"1969020",,"AUDI","A3","IL","2025","UNKNOWN","PASSENGER","PERSONAL","S","TURNING LEFT",,,"1",,,,,,,,,,,,,,"Y","Y",,,"FRONT-LEFT-CORNER",,,,,,,,,,,,,,,,,,,,,,,,,,,,,,,,,
"2065564","373e4ca1e8018f043bf5912408473a089b07af70eb181cfc91d224577931b1a1a571c52294e725169e88b4d82a63a03a7fce051fe4a4bd4db0056f91be94dc80","2025-05-18T12:54:00.000","2","DRIVER","2","1969026",,"FORD","EXPLORER","IL","2017","NONE","PASSENGER","POLICE","N","STRAIGHT AHEAD",,,"3",,,,,"Y",,,,,,,,,,"Y","Y",,"FRONT",,,,,,,,,,,,,,,,,,,,,,,,,,,,,,,,,
"2065669","882030b36bc9b2beb68aa66e8413c393ab3bcbc689949c85a2c13089467233b4caac69de8ed50c6d78fd09db4c6dfef574906501cc13f5ff5288e4d4a25b43d0","2025-05-18T12:50:00.000","1","DRIVER",,"1969121",,"UNKNOWN","OTHER (EXPLAIN IN NARRATIVE)","IL",,"UNKNOWN","UNKNOWN/NA","UNKNOWN/NA","E","UNKNOWN/NA",,,"1",,,,,,,,,,,,,,,,,,"UNKNOWN",,,,,,,,,,,,,,,,,,,,,,,,,,,,,,,,,
"2065670","882030b36bc9b2beb68aa66e8413c393ab3bcbc689949c85a2c13089467233b4caac69de8ed50c6d78fd09db4c6dfef574906501cc13f5ff5288e4d4a25b43d0","2025-05-18T12:50:00.000","2","PARKED",,"1969125",,"HARLEY-DAVIDSON","HARLEY-DAVIDSON","IL","2023","UNKNOWN","MOTORCYCLE (OVER 150CC)","UNKNOWN/NA","W","PARKED",,,"0",,,,,,,,,,,,,,,,,,"UNKNOWN",,,,,,,,,,,,,,,,,,,,,,,,,,,,,,,,,
"2065565","1742b3b3391f3e8910217325ff2c99a388cc24ae2613027fb2c19b91003c7b9e94098cf446dd84416ffb82f9b62511801cda603c37ca145b20b541f840a24d62","2025-05-18T12:45:00.000","1","DRIVER",,"1969024",,"NISSAN","ALTIMA","IL",,"UNKNOWN","PASSENGER","UNKNOWN/NA","S","MERGING",,,"1",,,,,"Y","Y",,,,,,,,,,"Y",,"FRONT-RIGHT-CORNER",,,,,,,,,,,,,,,,,,,,,,,,,,,,,,,,,
"2065566","1742b3b3391f3e8910217325ff2c99a388cc24ae2613027fb2c19b91003c7b9e94098cf446dd84416ffb82f9b62511801cda603c37ca145b20b541f840a24d62","2025-05-18T12:45:00.000","2","DRIVER",,"1969010",,"CHEVROLET","EQUINOX","IL","2017","NONE","SPORT UTILITY VEHICLE (SUV)","PERSONAL","N","SLOW/STOP IN TRAFFIC",,,"1",,,,,,,,"Y","Y","Y","N","N",,,,,,"REAR-LEFT-CORNER",,,,,,,,,,,,,,,,,,,,,,,,,,,,,,,,,
"2066097","6ecf51f1c9713043a5bfd43e2bf22bb01033628cc50f43fbe05f1d2a07554e8d509dd642ec8cf0213adb8d13e124f3e0f8ba3e0cd063667fc64b2ca186245803","2025-05-18T12:45:00.000","1","DRIVER",,"1969515",,"CHEVROLET","MALIBU","IL","2021","UNKNOWN","PASSENGER","UNKNOWN/NA","W","BACKING",,,"1",,,,,,,,,,,,,,,,,"Y","UNKNOWN",,,,,,,,,,,,,,,,,,,,,,,,,,,,,,,,,
"2066098","6ecf51f1c9713043a5bfd43e2bf22bb01033628cc50f43fbe05f1d2a07554e8d509dd642ec8cf0213adb8d13e124f3e0f8ba3e0cd063667fc64b2ca186245803","2025-05-18T12:45:00.000","2","DRIVER","2","1969521",,"HYUNDAI","ELANTRA",,"2013","UNKNOWN","PASSENGER","PERSONAL","N","STRAIGHT AHEAD",,,"3",,,,,,,"Y","Y",,,,,,,,,,"SIDE-RIGHT",,,,,,,,,,,,,,,,,,,,,,,,,,,,,,,,,
"2065567","0e71b24f63161916e5efa64ab5ab921e46b95528d62532f44b1fb8ef2819fac83f3588ebb6cb3109e92a8cb5784c8372ac66fcd0e2eb21f0cb1766397beac2ec","2025-05-18T12:40:00.000","1","DRIVER",,"1969019","N","FREIGHTLINER CORPORATION","FREIGHTLINER CORP.","FL","2021","NONE","TRUCK - SINGLE UNIT","OTHER","SE","AVOIDING VEHICLES/OBJECTS",,,"1",,,,,,,,,,"Y",,,,,,,,"REAR",,,,,,,,,,,,,,,,,,,,,,,,,,,,,,,,,
"2065568","0e71b24f63161916e5efa64ab5ab921e46b95528d62532f44b1fb8ef2819fac83f3588ebb6cb3109e92a8cb5784c8372ac66fcd0e2eb21f0cb1766397beac2ec","2025-05-18T12:40:00.000","2","PARKED",,"1969023",,"NISSAN","ALTIMA","IL","2013","NONE","PASSENGER","PERSONAL","UNKNOWN","PARKED",,,"0",,,,,,,,,,,,,,,,"Y",,"FRONT",,,,,,,,,,,,,,,,,,,,,,,,,,,,,,,,,
"2065597","9e6605aead2c61baf0b895a1aee6742b5bb297bbd8f978e9eda77a4d7a7b12e42de21956996e225409dfc0fdc9f6fbbd7c2550bdc3493d8057b203efec3985ed","2025-05-18T12:40:00.000","2","DRIVER","1","1969036",,"FORD","TRANSIT","IL","2020","UNKNOWN","OTHER","OTHER","W","OTHER",,,"2",,,,,,,,,,,"Y",,,,,,,"REAR-LEFT-CORNER",,,,,,,,,,,,,,,,,,,,,,,,,,,,,,,,,
"2065598","9e6605aead2c61baf0b895a1aee6742b5bb297bbd8f978e9eda77a4d7a7b12e42de21956996e225409dfc0fdc9f6fbbd7c2550bdc3493d8057b203efec3985ed","2025-05-18T12:40:00.000","1","DRIVER","1","1969040",,"CHEVROLET","MALIBU",,,"UNKNOWN","PASSENGER","PERSONAL","W","UNKNOWN/NA",,,"2",,,,,,,,,,,,,,,,,"Y","UNKNOWN",,,,,,,,,,,,,,,,,,,,,,,,,,,,,,,,,
"2065625","6a646fc3502cee71924e190cad21e0929b052c059dcb1d893d959a64ba15620ed55a2294451a2bf5ee671b784614091d2a5e09d5a1646784b51e411d35ba47b6","2025-05-18T12:36:00.000","1","DRIVER",,"1969069",,"UNKNOWN","OTHER (EXPLAIN IN NARRATIVE)","TN",,"NONE","TRACTOR W/ SEMI-TRAILER","OTHER","N","TURNING LEFT",,,"1",,,,,,,,,,,,,,,,,"Y","UNKNOWN",,,,,,,,,,,,,,,,,,,,,,,,,,,,,,,,,
"2065626","6a646fc3502cee71924e190cad21e0929b052c059dcb1d893d959a64ba15620ed55a2294451a2bf5ee671b784614091d2a5e09d5a1646784b51e411d35ba47b6","2025-05-18T12:36:00.000","2","DRIVER","1","1969063",,"HONDA","CR-V","IL","2007","NONE","SPORT UTILITY VEHICLE (SUV)","PERSONAL","N","SLOW/STOP IN TRAFFIC",,,"2",,,,,,,,,,,,,,"Y",,,,"SIDE-LEFT",,,,,,,,,,,,,,,,,,,,,,,,,,,,,,,,,
"2065655","a89ba8545d2a64cf59d6d952ab89838f1ca483758d8ae539e1baa7599dd924d97faf01ed2b6833a6d89d9213539b4bb67c87b98f16d4c555cdf86f969d2eebf1","2025-05-18T12:33:00.000","1","DRIVER",,"1969095",,"LEXUS","ES250","IL","2017","NONE","PASSENGER","PERSONAL","W","UNKNOWN/NA",,,"1",,,,,,,,,,"Y",,,,,,,,"REAR",,,,,,,,,,,,,,,,,,,,,,,,,,,,,,,,,
"2065656","a89ba8545d2a64cf59d6d952ab89838f1ca483758d8ae539e1baa7599dd924d97faf01ed2b6833a6d89d9213539b4bb67c87b98f16d4c555cdf86f969d2eebf1","2025-05-18T12:33:00.000","2","DRIVER","1","1969106",,"LEXUS","RX400H","IL","2008","NONE","PASSENGER","PERSONAL","E","STRAIGHT AHEAD",,,"2",,,,,"Y",,,,,,,,,,"Y","Y",,"FRONT",,,,,,,,,,,,,,,,,,,,,,,,,,,,,,,,,
"2065582","873bd2dd3473678813e5782dac5a972cfa1eb4032fad7e786ea1e6e94b681418f6eaace806980700019bc5b041f21605547dc7bc0817983cd2c7e3a6e9d45bd6","2025-05-18T12:30:00.000","1","DRIVER",,"1969031",,"CHRYSLER","300","IL",,"UNKNOWN","PASSENGER","PERSONAL","W","STRAIGHT AHEAD",,,"1",,,,,"Y",,,,"N","N","N",,,,"Y","Y",,"FRONT",,,,,,,,,,,,,,,,,,,,,,,,,,,,,,,,,
"2065583","873bd2dd3473678813e5782dac5a972cfa1eb4032fad7e786ea1e6e94b681418f6eaace806980700019bc5b041f21605547dc7bc0817983cd2c7e3a6e9d45bd6","2025-05-18T12:30:00.000","2","DRIVER",,"1969067",,"DODGE","CHALLENGER","IL","2016","NONE","PASSENGER","PERSONAL","W","SLOW/STOP IN TRAFFIC",,,"1",,,,,,,,,"Y","Y","Y",,,,,,,"REAR",,,,,,,,,,,,,,,,,,,,,,,,,,,,,,,,,
"2065550","0c61b769f2baadd281e599bcf51d695bb1965309f05ef90c632e6f2bcbbcd3300ce6fe8afe2960a681ac92aca759c0c24b706a5fcdc9f27ccfd6be9a69ab5ce8","2025-05-18T12:25:00.000","2","DRIVER","1","1969003",,"SUBARU","OUTBACK","IL","2016","UNKNOWN","PASSENGER","PERSONAL","W","STRAIGHT AHEAD",,,"2",,,,,"N",,,,"Y","Y",,,,,,"N",,"REAR",,,,,,,,,,,,,,,,,,,,,,,,,,,,,,,,,
"2065551","0c61b769f2baadd281e599bcf51d695bb1965309f05ef90c632e6f2bcbbcd3300ce6fe8afe2960a681ac92aca759c0c24b706a5fcdc9f27ccfd6be9a69ab5ce8","2025-05-18T12:25:00.000","1","DRIVER",,"1969006",,"ACURA","ADX","IL","2004","UNKNOWN","PASSENGER","PERSONAL","W","STRAIGHT AHEAD",,,"1",,,,,"N",,,,,,,,,,,"Y",,"FRONT",,,,,,,,,,,,,,,,,,,,,,,,,,,,,,,,,
"2065552","c24921d93bec694bced41a9c02ae391a44a3b59c7049c2aa322de93e70f4d089b68ca2d4a855d06e750e49b6a85ba5f5a977b5647b520da3cdfd806291aa53d2","2025-05-18T12:20:00.000","1","DRIVER",,"1969004",,"CADILLAC","SRX","IL","2013","NONE","PASSENGER","PERSONAL","N","BACKING",,,"1",,,,"Y",,,,,,,,,,,,,,"REAR",,,,,,,,,,,,,,,,,,,,,,,,,,,,,,,,,
"2065553","c24921d93bec694bced41a9c02ae391a44a3b59c7049c2aa322de93e70f4d089b68ca2d4a855d06e750e49b6a85ba5f5a977b5647b520da3cdfd806291aa53d2","2025-05-18T12:20:00.000","2","DRIVER","1","1969007",,"HONDA","ACCORD","IL","2019","NONE","PASSENGER","PERSONAL","E","SLOW/STOP IN TRAFFIC",,,"2",,,,,,,,,"Y",,,,,,,,,"REAR-RIGHT-CORNER",,,,,,,,,,,,,,,,,,,,,,,,,,,,,,,,,
"2065595","57483c1111456a92fc8b019bcf83775bb30094a453df464a03cd5e7f752551ee6c427b533fe8b20ffdff3ccb469cb09d7ecbe351cb16d78fb9768c29621605fa","2025-05-18T12:15:00.000","1","DRIVER",,"1969061",,"HYUNDAI","ACCENT","IL","2006","UNKNOWN","PASSENGER","PERSONAL","N","STRAIGHT AHEAD",,,"1",,,,,"Y",,,,,,,,,,"Y","Y",,"FRONT",,,,,,,,,,,,,,,,,,,,,,,,,,,,,,,,,
"2065596","57483c1111456a92fc8b019bcf83775bb30094a453df464a03cd5e7f752551ee6c427b533fe8b20ffdff3ccb469cb09d7ecbe351cb16d78fb9768c29621605fa","2025-05-18T12:15:00.000","2","DRIVER",,"1969051",,"NISSAN","PATHFINDER","IL","2019","UNKNOWN","PASSENGER","NOT IN USE","N","STRAIGHT AHEAD",,,"1",,,,,,,,,"Y","Y","Y",,,,,,,"REAR",,,,,,,,,,,,,,,,,,,,,,,,,,,,,,,,,
"2065556","01653d73ca0974329b20f41db1f2fce4267e91bd95e66457f9a0c20762cf8800e6bfed89c35f5bd123b3d71066d156c8ca0fafd26576cd790c6efab9dc448868","2025-05-18T12:09:00.000","1","DRIVER",,"1969008",,"LEXUS","RX350",,,"UNKNOWN","SPORT UTILITY VEHICLE (SUV)","UNKNOWN/NA","W","PASSING/OVERTAKING",,,"1",,,,,"Y","Y","Y","Y","Y",,,,,,,,,"SIDE-RIGHT",,,,,,,,,,,,,,,,,,,,,,,,,,,,,,,,,
"2065557","01653d73ca0974329b20f41db1f2fce4267e91bd95e66457f9a0c20762cf8800e6bfed89c35f5bd123b3d71066d156c8ca0fafd26576cd790c6efab9dc448868","2025-05-18T12:09:00.000","2","DRIVER",,"1969011",,"DODGE","CARAVAN","IL","2007","UNKNOWN","VAN/MINI-VAN","PERSONAL","W","STRAIGHT AHEAD","Y",,"1",,"unk","unk",,,,,,,,"Y","Y","Y","Y","Y",,,"SIDE-LEFT",,,,,,,,,,,,,,,,,,,,,,,,,,,,,,,,,
"2065558","01653d73ca0974329b20f41db1f2fce4267e91bd95e66457f9a0c20762cf8800e6bfed89c35f5bd123b3d71066d156c8ca0fafd26576cd790c6efab9dc448868","2025-05-18T12:09:00.000","3","PARKED",,"1969013",,"ACURA","ZDX","IL","2012","UNKNOWN","SPORT UTILITY VEHICLE (SUV)","NOT IN USE","UNKNOWN","PARKED",,,"0",,,,,,,,,,,"Y","Y","Y","Y","Y",,,"SIDE-LEFT",,,,,,,,,,,,,,,,,,,,,,,,,,,,,,,,,
"2065545","291d94c0bd156622ee83ad8d0e43db1db33b01d3a28e6c63f1c9f9aac25fe6f20a5df18d620d7132d03a5e4f6aa8513295c11d2e676d2ba6cdcc65c7a0c5172d","2025-05-18T12:02:00.000","1","DRIVER",,"1968996",,"UNKNOWN","OTHER (EXPLAIN IN NARRATIVE)",,,"NONE","UNKNOWN/NA","UNKNOWN/NA","S","PASSING/OVERTAKING",,,"1",,,,,,,,,,,,,,,,,"Y","UNKNOWN",,,,,,,,,,,,,,,,,,,,,,,,,,,,,,,,,
"2065546","291d94c0bd156622ee83ad8d0e43db1db33b01d3a28e6c63f1c9f9aac25fe6f20a5df18d620d7132d03a5e4f6aa8513295c11d2e676d2ba6cdcc65c7a0c5172d","2025-05-18T12:02:00.000","2","DRIVER","2","1968997",,"FORD","ESCAPE",,"2024","NONE","SPORT UTILITY VEHICLE (SUV)","PERSONAL","SE","STRAIGHT AHEAD",,,"3",,,,,"Y","Y","Y","Y","Y",,,,,,,,,"SIDE-RIGHT",,,,,,,,,,,,,,,,,,,,,,,,,,,,,,,,,
"2066114","6d9c9dcdc005e9429bbe0ae7514286c7bfa615de45e9cceebf5b4bde2a4596fafc3c76d8f3c7cad45df72027851bb897ebe1b1bec580e393ec718b7253f67ebd","2025-05-18T12:00:00.000","1","DRIVER",,"1969535",,"JEEP","CHEROKEE","IL","2018","NONE","PASSENGER","PERSONAL","N","STRAIGHT AHEAD",,,"1",,,,,"Y",,,,,,,,,,"Y","Y",,"FRONT",,,,,,,,,,,,,,,,,,,,,,,,,,,,,,,,,
"2066115","6d9c9dcdc005e9429bbe0ae7514286c7bfa615de45e9cceebf5b4bde2a4596fafc3c76d8f3c7cad45df72027851bb897ebe1b1bec580e393ec718b7253f67ebd","2025-05-18T12:00:00.000","2","DRIVER",,"1969538",,"FORD","F150","IL","2004","NONE","PICKUP","PERSONAL","N","SLOW/STOP IN TRAFFIC",,,"1",,,,,,,,,,,,,,,,,"Y","REAR",,,,,,,,,,,,,,,,,,,,,,,,,,,,,,,,,
"2066137","9076818c5cf0288c1efb98b781d88a2c1d93e07ba4525fbd6c4631949a99bcc4ffa32bb74ba7bb780c3fb5d06dd7af450408c697728eabe750af680cbb97805d","2025-05-18T12:00:00.000","1","DRIVER",,"1969568",,"FORD","TAURUS","IL","2019","NONE","PASSENGER","UNKNOWN/NA","S","STARTING IN TRAFFIC",,,"1",,,,,,,,,,,,,"Y","Y","Y",,,"FRONT-LEFT-CORNER",,,,,,,,,,,,,,,,,,,,,,,,,,,,,,,,,
"2066138","9076818c5cf0288c1efb98b781d88a2c1d93e07ba4525fbd6c4631949a99bcc4ffa32bb74ba7bb780c3fb5d06dd7af450408c697728eabe750af680cbb97805d","2025-05-18T12:00:00.000","2","DRIVER","3","1969555",,"MERCEDES-BENZ","CLA","IL","2017","NONE","PASSENGER","PERSONAL","S","STRAIGHT AHEAD",,,"4",,,,,"Y","Y","Y","Y",,,"Y",,,,,"Y",,"FRONT-RIGHT-CORNER",,,,,,,,,,,,,,,,,,,,,,,,,,,,,,,,,
"2066201","5006beb7beb866cddfc9853634ce02726c47a342fff7ec3a69f350a013403a82e0803928a4a3061a5c4b39a1bd8c0df688492b6a20ae34cff59f10ba7efb18eb","2025-05-18T11:51:00.000","1","DRIVER",,"1969618",,"VOLKSWAGEN","OTHER (EXPLAIN IN NARRATIVE)",,,"NONE","PASSENGER","UNKNOWN/NA","E","STRAIGHT AHEAD",,,"1",,,,,,,,,,,,,,,,"Y",,"FRONT",,,,,,,,,,,,,,,,,,,,,,,,,,,,,,,,,
"2066202","5006beb7beb866cddfc9853634ce02726c47a342fff7ec3a69f350a013403a82e0803928a4a3061a5c4b39a1bd8c0df688492b6a20ae34cff59f10ba7efb18eb","2025-05-18T11:51:00.000","2","DRIVER",,"1969638",,"TOYOTA","COROLLA","IL","2021","NONE","PASSENGER","PERSONAL","E","SLOW/STOP IN TRAFFIC",,,"1",,,,,,,,,,"Y",,,,,,,,"REAR",,,,,,,,,,,,,,,,,,,,,,,,,,,,,,,,,
"2065535","e824ed4f3b9333927aa79dc237d547febf46fd6a31b231acea87323d4cb03cfc7bb0a5930509c53dbacbae96f4f12f6521b51e72c5a5f098dafb6ba404334869","2025-05-18T11:50:00.000","1","DRIVER",,"1968986",,"PORSCHE","MACAN","IL","2023","NONE","PASSENGER","PERSONAL","E","STRAIGHT AHEAD",,,"1",,,,,"Y",,,,,,,,,,,,,"FRONT-RIGHT-CORNER",,,,,,,,,,,,,,,,,,,,,,,,,,,,,,,,,
"2065536","e824ed4f3b9333927aa79dc237d547febf46fd6a31b231acea87323d4cb03cfc7bb0a5930509c53dbacbae96f4f12f6521b51e72c5a5f098dafb6ba404334869","2025-05-18T11:50:00.000","2","PARKED",,"1968988",,"BMW","X5","IL","2021","UNKNOWN","PASSENGER","UNKNOWN/NA","E","PARKED",,,"0",,,,,,,,,,,"Y",,,,,,,"REAR-LEFT-CORNER",,,,,,,,,,,,,,,,,,,,,,,,,,,,,,,,,
"2065584","1aa06049ed8db7e9dd4f01500d9f61f1392756a0938547b83f848b460d8fb1434335756acfdc10cc851d6407dc46e35c16658c41f3ffa7d186267dc1f731f691","2025-05-18T11:48:00.000","1","DRIVER",,"1969027",,"UNKNOWN","OTHER (EXPLAIN IN NARRATIVE)",,,"UNKNOWN","SPORT UTILITY VEHICLE (SUV)","UNKNOWN/NA","N","UNKNOWN/NA",,,"1",,,,,"N","N","N",,,,,,,,,,"Y","SIDE-RIGHT",,,,,,,,,,,,,,,,,,,,,,,,,,,,,,,,,
"2065585","1aa06049ed8db7e9dd4f01500d9f61f1392756a0938547b83f848b460d8fb1434335756acfdc10cc851d6407dc46e35c16658c41f3ffa7d186267dc1f731f691","2025-05-18T11:48:00.000","2","PARKED",,"1969029",,"MITSUBISHI","OUTLANDER","IL","2020","UNKNOWN","PASSENGER","NOT IN USE","S","PARKED",,,"0",,,,,"Y",,,,,,,"Y","Y","Y","Y",,,"SIDE-LEFT",,,,,,,,,,,,,,,,,,,,,,,,,,,,,,,,,
"2065586","1aa06049ed8db7e9dd4f01500d9f61f1392756a0938547b83f848b460d8fb1434335756acfdc10cc851d6407dc46e35c16658c41f3ffa7d186267dc1f731f691","2025-05-18T11:48:00.000","3","PEDESTRIAN",,,,,,,,,,,,,,,,,,,,,,,,,,,,,,,,,,,,,,,,,,,,,,,,,,,,,,,,,,,,,,,,,,
"2066270","24dfaad0a72ed9556c55a435675b1c9b0fc49c85ebd82ff1db25cd2e6345e420bb2a408f24441a88bc7d46e6f7ee1c37d8857ce2a376d8082d5bc0bfeae49a64","2025-05-18T11:45:00.000","1","DRIVER",,"1969684",,"HONDA","HR-V","IL","2016","UNKNOWN","PASSENGER","PERSONAL","N","CHANGING LANES",,,"1",,,,,,,,,,,,,,,,,"Y","UNKNOWN",,,,,,,,,,,,,,,,,,,,,,,,,,,,,,,,,
"2066271","24dfaad0a72ed9556c55a435675b1c9b0fc49c85ebd82ff1db25cd2e6345e420bb2a408f24441a88bc7d46e6f7ee1c37d8857ce2a376d8082d5bc0bfeae49a64","2025-05-18T11:45:00.000","2","DRIVER",,"1969685",,"HONDA","ACCORD","IL","2009","NONE","PASSENGER","PERSONAL","N","STRAIGHT AHEAD",,,"1",,,,,,,,,,,"Y","Y",,,,"N",,"SIDE-LEFT-REAR",,,,,,,,,,,,,,,,,,,,,,,,,,,,,,,,,
"2065525","59495e262822f0fe0bbba61fe225da8fd8673f8bf0e718eb8c541dc3c8fc66408da83255e40cc4f77529b4e9f12da6976044dfd7eebae3cb7353643c52fa6e70","2025-05-18T11:41:00.000","1","DRIVER",,"1968976",,"HYUNDAI","OTHER (EXPLAIN IN NARRATIVE)","IL","2022","UNKNOWN","PASSENGER","PERSONAL","N","STRAIGHT AHEAD",,,"1",,,,,,,,,,,,"Y","Y",,,,,"SIDE-LEFT",,,,,,,,,,,,,,,,,,,,,,,,,,,,,,,,,
"2065526","59495e262822f0fe0bbba61fe225da8fd8673f8bf0e718eb8c541dc3c8fc66408da83255e40cc4f77529b4e9f12da6976044dfd7eebae3cb7353643c52fa6e70","2025-05-18T11:41:00.000","2","DRIVER",,"1968975",,"KIA","SOUL","IL","2015","NONE","PASSENGER","PERSONAL","N","CHANGING LANES",,,"1",,,,,"Y","Y",,,,,,,,,,,,"FRONT-RIGHT-CORNER",,,,,,,,,,,,,,,,,,,,,,,,,,,,,,,,,
"2065529","60d2896c3b5c8de53c89428577c7bdda863db04114b5ecab2f89f74635bb1f99ab3349725a7a575cbbf66e74964b4fb587bf5a08a7f6ec76c247928abe1e598f","2025-05-18T11:40:00.000","1","DRIVER",,"1968982",,"KIA","SOUL","IL","2015","UNKNOWN","SPORT UTILITY VEHICLE (SUV)","UNKNOWN/NA","N","CHANGING LANES",,,"1",,,,,"Y",,,,,,,,,,,,,"FRONT-RIGHT-CORNER",,,,,,,,,,,,,,,,,,,,,,,,,,,,,,,,,
"2065530","60d2896c3b5c8de53c89428577c7bdda863db04114b5ecab2f89f74635bb1f99ab3349725a7a575cbbf66e74964b4fb587bf5a08a7f6ec76c247928abe1e598f","2025-05-18T11:40:00.000","2","DRIVER",,"1968989",,"HYUNDAI","KONA","IL","2022","NONE","SPORT UTILITY VEHICLE (SUV)","PERSONAL","N","STRAIGHT AHEAD",,,"1",,,,,,,,,,,"Y","Y",,,,,,"REAR-LEFT-CORNER",,,,,,,,,,,,,,,,,,,,,,,,,,,,,,,,,
"2065667","f108146af41f1bad67a81cae42c69c405bbe5d797fda9b34979aaae7b7905670d9df45500188d64636811a061298ba5988a4c551bd738047064326d46bc07cf1","2025-05-18T11:30:00.000","1","DRIVER",,"1969107",,"CHEVROLET","EXPRESS","IL","2016","UNKNOWN","VAN/MINI-VAN","PERSONAL","E","STRAIGHT AHEAD",,,"1",,,,,,,,,,,,,,,,"N","Y","UNKNOWN",,,,,,,,,,,,,,,,,,,,,,,,,,,,,,,,,
"2065668","f108146af41f1bad67a81cae42c69c405bbe5d797fda9b34979aaae7b7905670d9df45500188d64636811a061298ba5988a4c551bd738047064326d46bc07cf1","2025-05-18T11:30:00.000","2","DRIVER",,"1969110",,"TOYOTA","CAMRY","IL","2011","UNKNOWN","PASSENGER","PERSONAL","E","SLOW/STOP IN TRAFFIC",,,"1",,,,,,,,,,"Y",,,,,,,,"REAR",,,,,,,,,,,,,,,,,,,,,,,,,,,,,,,,,
"2065547","f7a17b779201ed2273da946dd602d88506e89e01d84457bafbc49da808d571ad8b42e0d2860d87ff8d392ae841868063a61b9145dba2f509fa5a6b3d82b6d0f3","2025-05-18T11:30:00.000","1","DRIVER",,"1969005",,"TOYOTA","COROLLA","IL","2008","NONE","PASSENGER","PERSONAL","UNKNOWN","UNKNOWN/NA","Y",,"1",,"PRIVATE TOW","PRIVATE LOCATION",,"Y",,,,,,,,,"N","Y","Y",,"FRONT-LEFT-CORNER",,,,,,,,,,,,,,,,,,,,,,,,,,,,,,,,,