"crash_unit_id","crash_record_id","crash_date","unit_no","unit_type","num_passengers","vehicle_id","cmrc_veh_i","make","model","lic_plate_state","vehicle_year","vehicle_defect","vehicle_type","vehicle_use","travel_direction","maneuver","towed_i","fire_i","occupant_cnt","exceed_speed_limit_i","towed_by","towed_to","area_00_i","area_01_i","area_02_i","area_03_i","area_04_i","area_05_i","area_06_i","area_07_i","area_08_i","area_09_i","area_10_i","area_11_i","area_12_i","area_99_i","first_contact_point","cmv_id","usdot_no","ccmc_no","ilcc_no","commercial_src","gvwr","carrier_name","carrier_state","carrier_city","hazmat_placards_i","hazmat_name","un_no","hazmat_present_i","hazmat_report_i","hazmat_report_no","mcs_report_i","mcs_report_no","hazmat_vio_cause_crash_i","mcs_vio_cause_crash_i","idot_permit_no","wide_load_i","trailer1_width","trailer2_width","trailer1_length","trailer2_length","total_vehicle_length","axle_cnt","vehicle_config","cargo_body_type","load_type","hazmat_out_of_service_i","mcs_out_of_service_i","hazmat_class"
"2065541","f7f87f4ac4fadb1f02064881746d1e1cc2fccd44c7e5f8e5537593a337ab43add54991e9fbab9184622396fa5d6b7beae506cdd82ed34316ac67aa6e2fe2e1f7","2025-05-18T11:20:00.000","1","DRIVER",,"1968995",,"HONDA","ACCORD","IL","2021","UNKNOWN","PASSENGER","PERSONAL","S","TURNING LEFT",,,"1",,,,,,,,,,,,,,,,"Y",,"FRONT",,,,,,,,,,,,,,,,,,,,,,,,,,,,,,,,,
"2065542","f7f87f4ac4fadb1f02064881746d1e1cc2fccd44c7e5f8e5537593a337ab43add54991e9fbab9184622396fa5d6b7beae506cdd82ed34316ac67aa6e2fe2e1f7","2025-05-18T11:20:00.000","2","DRIVER",,"1969000",,"NISSAN","ALTIMA","AZ","2023","UNKNOWN","PASSENGER","PERSONAL","W","STRAIGHT AHEAD",,,"1",,,,,,,,,,,,"Y","Y","Y","Y",,,"SIDE-LEFT",,,,,,,,,,,,,,,,,,,,,,,,,,,,,,,,,
"2065537","5b3bacdbf3d5265bbd7280e7f62b3efb75cc87798727965f58df44e1c274aa354bb2d8cc146d1284a2945b8f6099a7cd9545cf8928eece45d1fdc8b0f7eaf0ab","2025-05-18T11:19:00.000","1","DRIVER",,"1968998",,"TOYOTA","CAMRY","IL","2011","UNKNOWN","PASSENGER","PERSONAL","S","TURNING LEFT",,,"1",,,,,,,,,,,,,,,"Y","Y",,"FRONT-LEFT-CORNER",,,,,,,,,,,,,,,,,,,,,,,,,,,,,,,,,
"2065538","5b3bacdbf3d5265bbd7280e7f62b3efb75cc87798727965f58df44e1c274aa354bb2d8cc146d1284a2945b8f6099a7cd9545cf8928eece45d1fdc8b0f7eaf0ab","2025-05-18T11:19:00.000","2","DRIVER",,"1969002",,"FORD","EXPLORER","IL","1998","OTHER","SPORT UTILITY VEHICLE (SUV)","PERSONAL","N","STRAIGHT AHEAD","Y",,"1",,"UNK","UNK",,"Y",,,,,,"Y",,,,,,,"REAR-LEFT-CORNER",,,,,,,,,,,,,,,,,,,,,,,,,,,,,,,,,
"2065520","46074c2b10630739cf95cd043ad977cb62c3d397b8470c091a93e10786a3ed1e311c93bc16b9e9efabcd6ef01cb37f1d26ae4f0be17ad392d65bf39232c4fbe5","2025-05-18T11:15:00.000","1","DRIVER",,"1968969",,"HONDA","ACCORD","IL","2017","NONE","PASSENGER","PERSONAL","E","TURNING LEFT",,,"1",,,,,,,,,,,"Y","Y",,,,,,"SIDE-LEFT-REAR",,,,,,,,,,,,,,,,,,,,,,,,,,,,,,,,,
"2065521","46074c2b10630739cf95cd043ad977cb62c3d397b8470c091a93e10786a3ed1e311c93bc16b9e9efabcd6ef01cb37f1d26ae4f0be17ad392d65bf39232c4fbe5","2025-05-18T11:15:00.000","2","PARKED",,"1968973",,"BUICK","ENCLAVE","IL","2019","NONE","PASSENGER","PERSONAL","E","PARKED",,,"0",,,,,"Y",,,,,,,,,,,,,"FRONT-RIGHT-CORNER",,,,,,,,,,,,,,,,,,,,,,,,,,,,,,,,,
"2065508","02bee466fbab5ff9111750e1d2a342507efc999e553feaaa2475785d0ff4d80c5bcd161ed8abace60d564b514ed8d77f4c1d45a3a808ab28b709da4584e5ff13","2025-05-18T11:12:00.000","1","DRIVER",,"1968977",,"AUDI","OTHER (EXPLAIN IN NARRATIVE)","IL","2023","UNKNOWN","PASSENGER","PERSONAL","NW","PASSING/OVERTAKING",,,"1",,,,,"Y","Y",,,,,,,,,,"Y","Y","FRONT-RIGHT-CORNER",,,,,,,,,,,,,,,,,,,,,,,,,,,,,,,,,
"2065509","02bee466fbab5ff9111750e1d2a342507efc999e553feaaa2475785d0ff4d80c5bcd161ed8abace60d564b514ed8d77f4c1d45a3a808ab28b709da4584e5ff13","2025-05-18T11:12:00.000","2","DRIVER",,"1968958",,"HONDA","OTHER (EXPLAIN IN NARRATIVE)","IL","2017","NONE","PASSENGER","PERSONAL","W","STRAIGHT AHEAD",,,"1",,,,,,,,"N","N",,,,"Y","Y","Y",,,"FRONT-LEFT-CORNER",,,,,,,,,,,,,,,,,,,,,,,,,,,,,,,,,
"2065518","9f1d9375a2696d1c21599150f8097a018ca99c7c1fcfe11cbfe53502d0d98c58e038cbe3a63b8a9433ac32ac0433f1a1be3c2d46537da7803ab8ce559634c398","2025-05-18T11:05:00.000","1","DRIVER",,"1968967",,"TOYOTA","SIENNA","IL","2011","UNKNOWN","PASSENGER","PERSONAL","N","STRAIGHT AHEAD",,,"1",,,,,"Y",,,,,,,"Y","Y","Y","Y","Y",,"FRONT",,,,,,,,,,,,,,,,,,,,,,,,,,,,,,,,,
"2065519","9f1d9375a2696d1c21599150f8097a018ca99c7c1fcfe11cbfe53502d0d98c58e038cbe3a63b8a9433ac32ac0433f1a1be3c2d46537da7803ab8ce559634c398","2025-05-18T11:05:00.000","2","DRIVER",,"1968972",,"HONDA","ODYSSEY","IL","2019","NONE","PASSENGER","PERSONAL","S","TURNING LEFT",,,"1",,,,,"Y","Y","Y","Y",,,,,,,"Y","Y",,"FRONT",,,,,,,,,,,,,,,,,,,,,,,,,,,,,,,,,
"2065513","a4c393f0458f4fa126f8a363ac7e17cf30d6346ca54b0d98af81d6985ce45a28a9823b55ff0a0c95de3d51755536abeafab3e91597ea63e5a7fe76e22d81a608","2025-05-18T11:02:00.000","1","PARKED","1","1968961",,"TOYOTA","TACOMA","IL","2017","NONE","PICKUP","NOT IN USE","S","PARKED",,,"1",,,,,,,,,,,,,"Y",,,,,"SIDE-LEFT",,,,,,,,,,,,,,,,,,,,,,,,,,,,,,,,,
"2065514","a4c393f0458f4fa126f8a363ac7e17cf30d6346ca54b0d98af81d6985ce45a28a9823b55ff0a0c95de3d51755536abeafab3e91597ea63e5a7fe76e22d81a608","2025-05-18T11:02:00.000","2","BICYCLE",,,,,,,,,,,,,,,,,,,,,,,,,,,,,,,,,,,,,,,,,,,,,,,,,,,,,,,,,,,,,,,,,,
"2066050","39c56fb3ef9545a47ebbec783445d0760fe7d66fd88fbf3470140e64762728fd54ece57ef2053b4a40d13d6035fcde0367a9914a5dc6451cbf58852145ffc38b","2025-05-18T11:00:00.000","1","DRIVER",,"1969464",,"UNKNOWN","WHEELS ONLY",,,"NONE","UNKNOWN/NA","PERSONAL","UNKNOWN","UNKNOWN/NA",,,"1",,,,,,,,,,,,,,,,,"Y","UNKNOWN",,,,,,,,,,,,,,,,,,,,,,,,,,,,,,,,,
"2066051","39c56fb3ef9545a47ebbec783445d0760fe7d66fd88fbf3470140e64762728fd54ece57ef2053b4a40d13d6035fcde0367a9914a5dc6451cbf58852145ffc38b","2025-05-18T11:00:00.000","2","PARKED",,"1969469",,"TOYOTA","CAMRY","WI","2025","NONE","PASSENGER","PERSONAL","S","PARKED",,,"0",,,,,,,,,,,,,,,"Y",,,"FRONT-LEFT-CORNER",,,,,,,,,,,,,,,,,,,,,,,,,,,,,,,,,
"2065981","e928b10ba3c06e5a8b966ed30038cdadfd011a1d472e8114521546a9785a8843d7fce294896be7a1b15653b6e2d659a39973435037a760292df19fe5b98de260","2025-05-18T11:00:00.000","1","DRIVER",,"1969408",,"TOYOTA","OTHER (EXPLAIN IN NARRATIVE)","IL","2006","NONE","PASSENGER","PERSONAL","S","STRAIGHT AHEAD",,,"1",,,,,"Y",,,,,,,,,,"Y","Y",,"FRONT",,,,,,,,,,,,,,,,,,,,,,,,,,,,,,,,,
"2065982","e928b10ba3c06e5a8b966ed30038cdadfd011a1d472e8114521546a9785a8843d7fce294896be7a1b15653b6e2d659a39973435037a760292df19fe5b98de260","2025-05-18T11:00:00.000","2",,,,,,,,,,,,,,,,,,,,,,,,,,,,,,,,,,,,,,,,,,,,,,,,,,,,,,,,,,,,,,,,,,,
"2065983","e928b10ba3c06e5a8b966ed30038cdadfd011a1d472e8114521546a9785a8843d7fce294896be7a1b15653b6e2d659a39973435037a760292df19fe5b98de260","2025-05-18T11:00:00.000","2","DRIVER",,"1969409",,"TOYOTA","ECHO","IL","2003","NONE","PASSENGER","PERSONAL","S","STRAIGHT AHEAD",,,"1",,,,,,,,,"Y","Y","Y",,,,,,,"REAR",,,,,,,,,,,,,,,,,,,,,,,,,,,,,,,,,
"2065527","a678fb4e9b422d4b5575c4521b7318fa86707f4505c08a290c5b2ae0bbd34a02d2f07bf7246de01bbc216a5f40a8b2ae4f3c1fbb3940278bf4a3f1e16e78f082","2025-05-18T10:52:00.000","1","DRIVER",,"1968987",,"LINCOLN","NAVIGATOR","IL","2020","UNKNOWN","PASSENGER","UNKNOWN/NA","S","STRAIGHT AHEAD",,,"1",,,,,,"Y",,,,,,,,,,,,"SIDE-RIGHT-FRONT",,,,,,,,,,,,,,,,,,,,,,,,,,,,,,,,,
"2065528","a678fb4e9b422d4b5575c4521b7318fa86707f4505c08a290c5b2ae0bbd34a02d2f07bf7246de01bbc216a5f40a8b2ae4f3c1fbb3940278bf4a3f1e16e78f082","2025-05-18T10:52:00.000","2","DRIVER",,"1968992",,"NEW FLYER","OTHER (EXPLAIN IN NARRATIVE)","IL","2012","NONE","BUS OVER 15 PASS.","CTA","S","STARTING IN TRAFFIC",,,"1",,,,,,,,,,,,,,"Y",,,,"SIDE-LEFT-FRONT",,,,,,,,,,,,,,,,,,,,,,,,,,,,,,,,,
"2065505","8f0d9c5e1b0aafc2cca3bf29907197b8038cd9a00b86963dae2c9106f07d1a1db895d0948ce7e6e16ed200061c2082cadbbc9710c007c812af1c14931ff8ed1e","2025-05-18T10:47:00.000","1","DRIVER","2","1968956",,"TOYOTA","CAMRY","IL","2010","UNKNOWN","PASSENGER","PERSONAL","N","TURNING LEFT",,,"3",,,,"Y",,,,,,,,,,,,,,"FRONT",,,,,,,,,,,,,,,,,,,,,,,,,,,,,,,,,
"2065511","8f0d9c5e1b0aafc2cca3bf29907197b8038cd9a00b86963dae2c9106f07d1a1db895d0948ce7e6e16ed200061c2082cadbbc9710c007c812af1c14931ff8ed1e","2025-05-18T10:47:00.000","2","PEDESTRIAN",,,,,,,,,,,,,,,,,,,,,,,,,,,,,,,,,,,,,,,,,,,,,,,,,,,,,,,,,,,,,,,,,,
"2065604","0d60699954176e370bdcfa8aeeafe1413a9ab997869da80a6397eb2bb839f5b592c8c01393ba47bf47e80f5f9f4abfc211f343f8b02179ac8f8a5afa1c3b1b4a","2025-05-18T10:35:00.000","1","DRIVER",,"1969044",,"DODGE","RAM 1500 PU","IL","2017","NONE","PICKUP","PERSONAL","N","STRAIGHT AHEAD",,,"1",,,,,"Y",,,,,,,,,,"Y","Y",,"FRONT",,,,,,,,,,,,,,,,,,,,,,,,,,,,,,,,,
"2065605","0d60699954176e370bdcfa8aeeafe1413a9ab997869da80a6397eb2bb839f5b592c8c01393ba47bf47e80f5f9f4abfc211f343f8b02179ac8f8a5afa1c3b1b4a","2025-05-18T10:35:00.000","2","DRIVER",,"1969058",,"NISSAN","ALTIMA","IL","2025","NONE","PASSENGER","PERSONAL","N","SLOW/STOP IN TRAFFIC",,,"1",,,,,,,,,"Y","Y","Y",,,,,,,"REAR",,,,,,,,,,,,,,,,,,,,,,,,,,,,,,,,,
"2065495","7be6d4634857f9ed754179636274d6849c9313a980063000a4db2fc8bff7a37ca7aad8908160affce9a26c04e6dbdcd8b18bc85e343d97da651003cc5fb41fa8","2025-05-18T10:34:00.000","1","DRIVER",,"1968945",,"UNKNOWN","OTHER (EXPLAIN IN NARRATIVE)",,,"UNKNOWN","UNKNOWN/NA","UNKNOWN/NA","UNKNOWN","UNKNOWN/NA",,,"1",,,,,"Y",,,,,,,,,"N","Y","Y",,"FRONT",,,,,,,,,,,,,,,,,,,,,,,,,,,,,,,,,
"2065510","7be6d4634857f9ed754179636274d6849c9313a980063000a4db2fc8bff7a37ca7aad8908160affce9a26c04e6dbdcd8b18bc85e343d97da651003cc5fb41fa8","2025-05-18T10:34:00.000","2","PEDESTRIAN",,,,,,,,,,,,,,,,,,,,,,,,,,,,,,,,,,,,,,,,,,,,,,,,,,,,,,,,,,,,,,,,,,
"2065512","7be6d4634857f9ed754179636274d6849c9313a980063000a4db2fc8bff7a37ca7aad8908160affce9a26c04e6dbdcd8b18bc85e343d97da651003cc5fb41fa8","2025-05-18T10:34:00.000","3","PEDESTRIAN",,,,,,,,,,,,,,,,,,,,,,,,,,,,,,,,,,,,,,,,,,,,,,,,,,,,,,,,,,,,,,,,,,
"2065515","85c9178dc13469f8bbef3912d13a8ea5c13d43fce693db07e5b17bba9f766b7c9102bf38106b5e3a398b68b7f38932083714f748eea5b642e14aed7a44bc1f2d","2025-05-18T10:22:00.000","1","DRIVER",,"1968971",,"TOYOTA","COROLLA","IL","2007","UNKNOWN","PASSENGER","PERSONAL","S","BACKING",,,"1",,,,,,,,,"Y","Y",,,,,,,,"SIDE-RIGHT-REAR",,,,,,,,,,,,,,,,,,,,,,,,,,,,,,,,,
"2065516","85c9178dc13469f8bbef3912d13a8ea5c13d43fce693db07e5b17bba9f766b7c9102bf38106b5e3a398b68b7f38932083714f748eea5b642e14aed7a44bc1f2d","2025-05-18T10:22:00.000","2","DRIVER",,"1968978",,"AUDI","Q5","TN","2022","UNKNOWN","PASSENGER","PERSONAL","W","SLOW/STOP IN TRAFFIC",,,"1",,,,,,,,,,,"Y","Y",,,,,,"REAR-LEFT-CORNER",,,,,,,,,,,,,,,,,,,,,,,,,,,,,,,,,
"2065888","000bc0c75b604b142b1de7bb8e6c2f6391d370eb5ded9ecb9ce91059c6bbaa4777c97f9032503129547750dae8f1a809f1a48c9bc9b5fb2f924517018df56e1f","2025-05-18T10:15:00.000","1","DRIVER",,"1969317",,"UNKNOWN","OTHER (EXPLAIN IN NARRATIVE)",,,"UNKNOWN","PASSENGER","PERSONAL","S","STRAIGHT AHEAD",,,"1",,,,,,,,,"Y",,,,,,,,,"SIDE-RIGHT-REAR",,,,,,,,,,,,,,,,,,,,,,,,,,,,,,,,,
"2065889","000bc0c75b604b142b1de7bb8e6c2f6391d370eb5ded9ecb9ce91059c6bbaa4777c97f9032503129547750dae8f1a809f1a48c9bc9b5fb2f924517018df56e1f","2025-05-18T10:15:00.000","2","DRIVER",,"1969315",,"NISSAN","SENTRA","IL","2024","NONE","PASSENGER","PERSONAL","S","STRAIGHT AHEAD",,,"1",,,,,,,,,,,"Y",,,,,,,"SIDE-LEFT-REAR",,,,,,,,,,,,,,,,,,,,,,,,,,,,,,,,,
"2065478","986e25a45f2346c657663f7b87e9b0715577136b8566d4c0f47a130d84f5a8ec5370047c566afa5b8ccc2b4f615f6fb529495d8aefdd16148059b67ed5996d64","2025-05-18T10:15:00.000","1","DRIVER",,"1968935",,"UNKNOWN","OTHER (EXPLAIN IN NARRATIVE)",,,"UNKNOWN","UNKNOWN/NA","UNKNOWN/NA","UNKNOWN","UNKNOWN/NA",,,"1",,,,,,,,,,,,,,,,,"Y","UNKNOWN",,,,,,,,,,,,,,,,,,,,,,,,,,,,,,,,,
"2065479","986e25a45f2346c657663f7b87e9b0715577136b8566d4c0f47a130d84f5a8ec5370047c566afa5b8ccc2b4f615f6fb529495d8aefdd16148059b67ed5996d64","2025-05-18T10:15:00.000","2","PARKED",,"1968943",,"JEEP","GRAND CHEROKEE","IL","2021","NONE","SPORT UTILITY VEHICLE (SUV)","NOT IN USE","W","PARKED",,,"0",,,,,,,,,,,,,,"Y","Y",,,"FRONT-LEFT-CORNER",,,,,,,,,,,,,,,,,,,,,,,,,,,,,,,,,
"2065548","999dd5f24ed8550a1ea90d889955868b71a3c37ea79d2215973a80dfee4726a4a81c7f396277263fb443e99df4df7efca2a95f475abcf32eac7e3571ae33c2d8","2025-05-18T10:15:00.000","1","DRIVER",,"1968999",,"UNKNOWN","OTHER (EXPLAIN IN NARRATIVE)","IL",,"NONE","VAN/MINI-VAN","PERSONAL","UNKNOWN","LEAVING TRAFFIC LANE TO PARK",,,"1",,,,,,,,,,,,,,,,,"Y","REAR",,,,,,,,,,,,,,,,,,,,,,,,,,,,,,,,,
"2065549","999dd5f24ed8550a1ea90d889955868b71a3c37ea79d2215973a80dfee4726a4a81c7f396277263fb443e99df4df7efca2a95f475abcf32eac7e3571ae33c2d8","2025-05-18T10:15:00.000","2","PARKED",,"1969001",,"KAWASAKI","MOTORCYCLE","IL","2009","NONE","MOTORCYCLE (OVER 150CC)","NOT IN USE","E","PARKED",,,"0",,,,,,,,,,,,,,,,,,"TOTAL (ALL AREAS)",,,,,,,,,,,,,,,,,,,,,,,,,,,,,,,,,
"2065571","5fb7fa5a6bfed6a370a8cc38a56a4e16b474df586af83155432380be0e03c785539ff6415cf487bc746f7f657590277bfedbc530462b885960460c95951533dc","2025-05-18T10:00:00.000","1","DRIVER",,"1969018",,"UNKNOWN","OTHER (EXPLAIN IN NARRATIVE)","IL",,"UNKNOWN","PASSENGER","PERSONAL","E","LEAVING TRAFFIC LANE TO PARK",,,"1",,,,,,,,,,,"Y","Y","Y","Y","Y",,,"SIDE-LEFT",,,,,,,,,,,,,,,,,,,,,,,,,,,,,,,,,
"2065572","5fb7fa5a6bfed6a370a8cc38a56a4e16b474df586af83155432380be0e03c785539ff6415cf487bc746f7f657590277bfedbc530462b885960460c95951533dc","2025-05-18T10:00:00.000","2","PARKED",,"1969022",,"HONDA","OTHER (EXPLAIN IN NARRATIVE)","IL","2019","UNKNOWN","PASSENGER","PERSONAL","E","PARKED",,,"0",,,,,"Y","Y","Y",,,,,,,,,,,"SIDE-RIGHT-FRONT",,,,,,,,,,,,,,,,,,,,,,,,,,,,,,,,,
"2065480","608c2e018a832628658f784789fa75045140c9147a72885d495e423de71310f437959ee86e08a3c109cadfb25ce6dcf17667086412ef18b99b2944aa9ac75dab","2025-05-18T10:00:00.000","1","DRIVER",,"1968937",,"MITSUBISHI","OUTLANDER","IL","2007","NONE","PASSENGER","PERSONAL","N","BACKING",,,"1",,,,,,,,,,"Y",,,,,,,,"REAR",,,,,,,,,,,,,,,,,,,,,,,,,,,,,,,,,
"2065481","608c2e018a832628658f784789fa75045140c9147a72885d495e423de71310f437959ee86e08a3c109cadfb25ce6dcf17667086412ef18b99b2944aa9ac75dab","2025-05-18T10:00:00.000","2","DRIVER","1","1968939",,"TESLA","MODEL S","IL","2020","NONE","PASSENGER","PERSONAL","E","STRAIGHT AHEAD","Y",,"2",,,,,"Y","Y","Y","Y",,,,,,,,,,"SIDE-RIGHT",,,,,,,,,,,,,,,,,,,,,,,,,,,,,,,,,
"2066073","cc124398fa8e28653309fcd90d4e2e9968df37a6ddca6507013b5a20b42549e47d7e7089d3c3458baf8a2bb2ac39be7449c78c5f33a8d77521fc3cd2854a6ba7","2025-05-18T09:55:00.000","1","DRIVER",,"1969490",,"UNKNOWN","OTHER (EXPLAIN IN NARRATIVE)","IL",,"UNKNOWN","UNKNOWN/NA","UNKNOWN/NA","S","STRAIGHT AHEAD",,,"1",,,,,,,,,,,,,,,,,"Y","UNKNOWN",,,,,,,,,,,,,,,,,,,,,,,,,,,,,,,,,
"2066074","cc124398fa8e28653309fcd90d4e2e9968df37a6ddca6507013b5a20b42549e47d7e7089d3c3458baf8a2bb2ac39be7449c78c5f33a8d77521fc3cd2854a6ba7","2025-05-18T09:55:00.000","2","DRIVER",,"1969497",,"CHEVROLET","EQUINOX","IL","2019","NONE","PASSENGER","PERSONAL","W","STRAIGHT AHEAD",,,"1",,,,,"Y","Y",,,,,,,,,"Y","Y",,"FRONT",,,,,,,,,,,,,,,,,,,,,,,,,,,,,,,,,
"2065482","9fc9e527589ce54528192e8f4d74cdaf2c088d655f3cff6baebbef7dc49a33c3c556b3e045d4010681f915421c6d31a0862e4cdbb88bd4c2731df120530419e6","2025-05-18T09:54:00.000","1","DRIVER",,"1968955",,"JEEP","COMPASS","IL","2016","UNKNOWN","PASSENGER","PERSONAL","E","OTHER",,,"1",,,,,,,,,,,,,,,,"Y",,"FRONT",,,,,,,,,,,,,,,,,,,,,,,,,,,,,,,,,
"2065483","9fc9e527589ce54528192e8f4d74cdaf2c088d655f3cff6baebbef7dc49a33c3c556b3e045d4010681f915421c6d31a0862e4cdbb88bd4c2731df120530419e6","2025-05-18T09:54:00.000","2","DRIVER","2","1968964",,"HONDA","ODYSSEY","IL","2006","UNKNOWN","PASSENGER","PERSONAL","E","OTHER",,,"3",,,,,,,,,,"Y",,,,,,,,"REAR",,,,,,,,,,,,,,,,,,,,,,,,,,,,,,,,,
"2065491","512d6c77fea36f9b160a9a29cafde9293fb68bfa957f657fbd404e498e465aaea84f301a420a4d85bfe8c1cc5a0ded22f0863a3ac0c7a76a2c890afbeea2fccb","2025-05-18T09:45:00.000","1","DRIVER",,"1968947",,"HONDA","CR-V","IL","2003","NONE","SPORT UTILITY VEHICLE (SUV)","PERSONAL","S","LEAVING TRAFFIC LANE TO PARK",,,"1",,,,,,,,,,,,,"Y",,,,,"SIDE-LEFT",,,,,,,,,,,,,,,,,,,,,,,,,,,,,,,,,
"2065492","512d6c77fea36f9b160a9a29cafde9293fb68bfa957f657fbd404e498e465aaea84f301a420a4d85bfe8c1cc5a0ded22f0863a3ac0c7a76a2c890afbeea2fccb","2025-05-18T09:45:00.000","2","BICYCLE",,,,,,,,,,,,,,,,,,,,,,,,,,,,,,,,,,,,,,,,,,,,,,,,,,,,,,,,,,,,,,,,,,
"2065496","75ccf684018d8cedc69ed4be876d226c42f3c85d42e6badb7733dd4b828683530f3c2e073a812d385dce0ec38240d15be4efe6f295d2f2a1c3005159247e1dec","2025-05-18T09:45:00.000","1","DRIVER",,"1968959",,"JEEP","COMPASS","IL","2017","UNKNOWN","SPORT UTILITY VEHICLE (SUV)","PERSONAL","N","CHANGING LANES",,,"1",,,,,"Y","Y",,,,,,,,,,,,"SIDE-RIGHT-FRONT",,,,,,,,,,,,,,,,,,,,,,,,,,,,,,,,,
"2065497","75ccf684018d8cedc69ed4be876d226c42f3c85d42e6badb7733dd4b828683530f3c2e073a812d385dce0ec38240d15be4efe6f295d2f2a1c3005159247e1dec","2025-05-18T09:45:00.000","2","DRIVER",,"1968968",,"FORD","FUSION","IL","2020","UNKNOWN","PASSENGER","PERSONAL","N","STRAIGHT AHEAD",,,"1",,,,,,,,,,,,,,"Y","Y",,,"SIDE-LEFT-FRONT",,,,,,,,,,,,,,,,,,,,,,,,,,,,,,,,,
"2065476","df94853790cb4a3d792334335e2c6583bbfa9e37b81cefc10b21d34387068ccb4f946eac4b8b273d524f9077835fa53b801c1b5f2341359594f40bd8829e63b4","2025-05-18T09:35:00.000","1","DRIVER","1","1968930",,"TOYOTA","CAMRY","IL","2010","NONE","PASSENGER","RIDESHARE SERVICE","NW","STRAIGHT AHEAD","Y",,"2",,,,,"Y","Y",,,,,,,,,"Y","Y",,"FRONT",,,,,,,,,,,,,,,,,,,,,,,,,,,,,,,,,
"2065477","df94853790cb4a3d792334335e2c6583bbfa9e37b81cefc10b21d34387068ccb4f946eac4b8b273d524f9077835fa53b801c1b5f2341359594f40bd8829e63b4","2025-05-18T09:35:00.000","2","DRIVER",,"1968940",,"TOYOTA","PRIUS","WI","2023","NONE","PASSENGER","PERSONAL","E","STRAIGHT AHEAD","Y",,"1",,,,,"Y","Y","Y",,,,,,,,,,,"FRONT-RIGHT-CORNER",,,,,,,,,,,,,,,,,,,,,,,,,,,,,,,,,
"2065539","276087b1378902b1e9404b346533150b5936659e4c46808970cd9682045de03cb3c42a011cda6cc2aa78ea6cd4bb71d0187f4aeb0c52865908f50605bef5a10c","2025-05-18T09:30:00.000","1","DRIVER",,"1968990",,"UNKNOWN","OTHER (EXPLAIN IN NARRATIVE)",,,"UNKNOWN","UNKNOWN/NA","OTHER","E","UNKNOWN/NA",,,"1",,,,,,,,,,,,,,,,,"Y","UNKNOWN",,,,,,,,,,,,,,,,,,,,,,,,,,,,,,,,,
"2065540","276087b1378902b1e9404b346533150b5936659e4c46808970cd9682045de03cb3c42a011cda6cc2aa78ea6cd4bb71d0187f4aeb0c52865908f50605bef5a10c","2025-05-18T09:30:00.000","2","PARKED",,"1968991",,"TOYOTA","RAV4","IL","2022","NONE","SPORT UTILITY VEHICLE (SUV)","NOT IN USE","E","PARKED",,,"0",,,,,"Y","Y","Y",,,,,,,,,,,"SIDE-RIGHT-FRONT",,,,,,,,,,,,,,,,,,,,,,,,,,,,,,,,,
"2065467","303e0ac34d75208526546597679d40dfca758e7bbac54e06b6123d21d4bb46af986a90cd2922707c68646aac0fa83f2f2e57c0a1e22fd9f0b2a23001e3357811","2025-05-18T09:20:00.000","1","DRIVER",,"1968932",,"NISSAN","MAXIMA","IL",,"UNKNOWN","PASSENGER","OTHER","S","STRAIGHT AHEAD",,,"1",,,,,,,,,,,,,,,"Y",,,"FRONT-LEFT-CORNER",,,,,,,,,,,,,,,,,,,,,,,,,,,,,,,,,
"2065468","303e0ac34d75208526546597679d40dfca758e7bbac54e06b6123d21d4bb46af986a90cd2922707c68646aac0fa83f2f2e57c0a1e22fd9f0b2a23001e3357811","2025-05-18T09:20:00.000","2","DRIVER","1","1968938",,"LINCOLN","NAVIGATOR","IL",,"UNKNOWN","PASSENGER","RIDESHARE SERVICE","S","STRAIGHT AHEAD",,,"2",,,,,,,,,"Y",,,,,,,,,"SIDE-RIGHT-REAR",,,,,,,,,,,,,,,,,,,,,,,,,,,,,,,,,
"2065459","3382120c7837d34039a3b980e00f3be2621eeda38dd635b7e4577b1f5adc1aa2fb59976da89ca5c1b1390570a30f3dc793c4678415c2037dd0dc5a0a5e416d24","2025-05-18T09:17:00.000","1","DRIVER",,"1968923",,"FORD","EXPEDITION","IL","2024","NONE","PASSENGER","RIDESHARE SERVICE","E","TURNING RIGHT",,,"1",,,,,,,,,"Y",,,,,,,,,"SIDE-RIGHT",,,,,,,,,,,,,,,,,,,,,,,,,,,,,,,,,
"2065460","3382120c7837d34039a3b980e00f3be2621eeda38dd635b7e4577b1f5adc1aa2fb59976da89ca5c1b1390570a30f3dc793c4678415c2037dd0dc5a0a5e416d24","2025-05-18T09:17:00.000","2","DRIVER",,"1968933",,"TOYOTA","COROLLA","IL","2021","NONE","PASSENGER","PERSONAL","E","TURNING LEFT",,,"1",,,,,,,,,,,,,,"Y","Y",,,"SIDE-LEFT",,,,,,,,,,,,,,,,,,,,,,,,,,,,,,,,,
"2065506","aa73f04030689d2326af1d870b6d4b2e70da0f526d67ba530a04933e5cccbc277e7c53e462e4bc03d3f6774e0b9925ce3e5bc917b8a224994da79c33f6c7f295","2025-05-18T09:00:00.000","1","DRIVER",,"1968951",,"UNKNOWN","OTHER (EXPLAIN IN NARRATIVE)",,,"UNKNOWN","UNKNOWN/NA","UNKNOWN/NA","UNKNOWN","UNKNOWN/NA",,,"1",,,,,,,,,,,,,,,,,"Y","UNKNOWN",,,,,,,,,,,,,,,,,,,,,,,,,,,,,,,,,