"crash_unit_id","crash_record_id","crash_date","unit_no","unit_type","num_passengers","vehicle_id","cmrc_veh_i","make","model","lic_plate_state","vehicle_year","vehicle_defect","vehicle_type","vehicle_use","travel_direction","maneuver","towed_i","fire_i","occupant_cnt","exceed_speed_limit_i","towed_by","towed_to","area_00_i","area_01_i","area_02_i","area_03_i","area_04_i","area_05_i","area_06_i","area_07_i","area_08_i","area_09_i","area_10_i","area_11_i","area_12_i","area_99_i","first_contact_point","cmv_id","usdot_no","ccmc_no","ilcc_no","commercial_src","gvwr","carrier_name","carrier_state","carrier_city","hazmat_placards_i","hazmat_name","un_no","hazmat_present_i","hazmat_report_i","hazmat_report_no","mcs_report_i","mcs_report_no","hazmat_vio_cause_crash_i","mcs_vio_cause_crash_i","idot_permit_no","wide_load_i","trailer1_width","trailer2_width","trailer1_length","trailer2_length","total_vehicle_length","axle_cnt","vehicle_config","cargo_body_type","load_type","hazmat_out_of_service_i","mcs_out_of_service_i","hazmat_class"
"2065507","aa73f04030689d2326af1d870b6d4b2e70da0f526d67ba530a04933e5cccbc277e7c53e462e4bc03d3f6774e0b9925ce3e5bc917b8a224994da79c33f6c7f295","2025-05-18T09:00:00.000","2","PARKED",,"1968953",,"HONDA","CR-V","IL","2012","NONE","SPORT UTILITY VEHICLE (SUV)","UNKNOWN/NA","N","PARKED",,,"0",,,,,"Y",,,,,,,,,"Y","Y","Y",,"FRONT",,,,,,,,,,,,,,,,,,,,,,,,,,,,,,,,,
"2065517","c737e0fcf8d20a2b9dbeaac925714df540330805ebb8b7c91d0d03009fc4f11dbedc6df804c929d7ebd1da69f888f707798f785cd82051646e04a5cfc5a2ebc9","2025-05-18T09:00:00.000","1","DRIVER",,"1968979",,"UNKNOWN","OTHER (EXPLAIN IN NARRATIVE)","IL",,"UNKNOWN","UNKNOWN/NA","UNKNOWN/NA","UNKNOWN","UNKNOWN/NA",,,"1",,,,,,,,,,,,,,,,,"Y","UNKNOWN",,,,,,,,,,,,,,,,,,,,,,,,,,,,,,,,,
"2065502","c3194012c5befe0f60ca48b5b215ff45d58960c1b32aee870eaf0618a397bf334ac332aabd5311136604f6709b132226f6b0aa75161dcf9224b6a829ee1df320","2025-05-18T08:45:00.000","1","DRIVER",,"1968950",,"TOYOTA","CAMRY",,"2010","UNKNOWN","PASSENGER","PERSONAL","N","STRAIGHT AHEAD",,,"1",,,,,,,,,,,,,,,,"Y",,"FRONT",,,,,,,,,,,,,,,,,,,,,,,,,,,,,,,,,
"2065503","c3194012c5befe0f60ca48b5b215ff45d58960c1b32aee870eaf0618a397bf334ac332aabd5311136604f6709b132226f6b0aa75161dcf9224b6a829ee1df320","2025-05-18T08:45:00.000","2","DRIVER",,"1968960",,"CHEVROLET","COBALT","IL","2010","NONE","PASSENGER","PERSONAL","N","STRAIGHT AHEAD",,,"1",,,,,"Y",,,,"Y","Y","Y",,,,,,,"REAR",,,,,,,,,,,,,,,,,,,,,,,,,,,,,,,,,
"2065504","c3194012c5befe0f60ca48b5b215ff45d58960c1b32aee870eaf0618a397bf334ac332aabd5311136604f6709b132226f6b0aa75161dcf9224b6a829ee1df320","2025-05-18T08:45:00.000","3","DRIVER",,"1968952",,"HONDA","HR-V","IL","2018","UNKNOWN","PASSENGER","PERSONAL","N","STRAIGHT AHEAD",,,"1",,,,,,,,,,,"Y",,,,,,,"REAR-LEFT-CORNER",,,,,,,,,,,,,,,,,,,,,,,,,,,,,,,,,
"2065453","a04acc7116c1ac3668c4248b152994d180a786e3b22a36a05ae5cc8a8ac7708178a9ab4f4cb063de7e50875e81ea33393ffda7433a564a05b6ae3e5324867fa0","2025-05-18T08:39:00.000","1","DRIVER","1","1968914",,"CHEVROLET","TRAX","IL","2025","UNKNOWN","SPORT UTILITY VEHICLE (SUV)","UNKNOWN/NA","N","PASSING/OVERTAKING","Y",,"2",,"CITY OF CHICAGO","701 N SACRAMENTO",,,,,,,,,,,"Y","Y","Y",,"FRONT-LEFT-CORNER",,,,,,,,,,,,,,,,,,,,,,,,,,,,,,,,,
"2065454","a04acc7116c1ac3668c4248b152994d180a786e3b22a36a05ae5cc8a8ac7708178a9ab4f4cb063de7e50875e81ea33393ffda7433a564a05b6ae3e5324867fa0","2025-05-18T08:39:00.000","2","DRIVER","1","1968918",,"CHRYSLER","OTHER (EXPLAIN IN NARRATIVE)","IL","2025","UNKNOWN","VAN/MINI-VAN","UNKNOWN/NA","N","STRAIGHT AHEAD",,,"2",,,,,,,"Y","Y","Y","Y",,,,,,,,"REAR-RIGHT-CORNER",,,,,,,,,,,,,,,,,,,,,,,,,,,,,,,,,
"2065569","b80235ea7e3a3f583c4df42383261ba8a95d12558ad8953c13086f9447a6c52692b843a5640a0d553daa7509118a791e96216506be065212d7e52dde941db857","2025-05-18T08:00:00.000","1","DRIVER",,"1969012",,"UNKNOWN","OTHER (EXPLAIN IN NARRATIVE)",,,"UNKNOWN","UNKNOWN/NA","UNKNOWN/NA","E","STRAIGHT AHEAD",,,"1",,,,,,,,,,,,,,,,"Y",,"FRONT",,,,,,,,,,,,,,,,,,,,,,,,,,,,,,,,,
"2065570","b80235ea7e3a3f583c4df42383261ba8a95d12558ad8953c13086f9447a6c52692b843a5640a0d553daa7509118a791e96216506be065212d7e52dde941db857","2025-05-18T08:00:00.000","2","PARKED",,"1969014",,"KIA","OPTIMA / K5","IL","2012","NONE","PASSENGER","PERSONAL","E","PARKED","Y",,"0",,"UNK","UNK",,"Y","Y",,,"Y",,,,,,,,,"SIDE-RIGHT",,,,,,,,,,,,,,,,,,,,,,,,,,,,,,,,,
"2065469","6ac23ee44761509ad5ee5bc8df74039a6c936da3cedf2fbb0fd293ab158164a566403611e99ea223f3803e834938cabe9d3867e016506d9dc0a926423ffa8c64","2025-05-18T07:51:00.000","1","DRIVER","1","1968927",,"TOYOTA","PRIUS","IL","2015","NONE","PASSENGER","OTHER","N","STRAIGHT AHEAD","Y",,"2",,"UNKNOWN","UNKNOWN",,"Y","Y",,,,,,,,,"Y","Y",,"FRONT",,,,,,,,,,,,,,,,,,,,,,,,,,,,,,,,,
"2065470","6ac23ee44761509ad5ee5bc8df74039a6c936da3cedf2fbb0fd293ab158164a566403611e99ea223f3803e834938cabe9d3867e016506d9dc0a926423ffa8c64","2025-05-18T07:51:00.000","2","DRIVER",,"1968934",,"FORD","EXPLORER","IL","2018","NONE","SPORT UTILITY VEHICLE (SUV)","POLICE","W","STRAIGHT AHEAD",,,"1",,,,,,,,,,,,"Y","Y",,,,,"SIDE-LEFT",,,,,,,,,,,,,,,,,,,,,,,,,,,,,,,,,
"2065439","a848b180f8fd8c30641a635be273aacb7d7bdc54ded2e59a9fed7416ae9d05f76f6afe30d552f937d13ed99c979171f23f73b2e82b73407c5a0cf903e802b20b","2025-05-18T07:40:00.000","1","DRIVER",,"1968902",,"NISSAN","ROGUE","IL","2013","UNKNOWN","SPORT UTILITY VEHICLE (SUV)","UNKNOWN/NA","E","STRAIGHT AHEAD",,,"1",,,,,,,,,,,,,,,,,"Y","FRONT",,,,,,,,,,,,,,,,,,,,,,,,,,,,,,,,,
"2065440","a848b180f8fd8c30641a635be273aacb7d7bdc54ded2e59a9fed7416ae9d05f76f6afe30d552f937d13ed99c979171f23f73b2e82b73407c5a0cf903e802b20b","2025-05-18T07:40:00.000","2","DRIVER","1","1968903",,"HONDA","CR-V","IL","2025","NONE","SPORT UTILITY VEHICLE (SUV)","PERSONAL","E","SLOW/STOP IN TRAFFIC",,,"2",,,,"Y",,,,,,,,,,,,,,"REAR",,,,,,,,,,,,,,,,,,,,,,,,,,,,,,,,,
"2066376","0e9284373ec3b5e3f12bfa0f73023e0455aad6d5fcb92dd35d5f97f0edcf125a8c1b250eb4894a77f6be6b6eb347d5b700e6ee76201eff1369bcfbe81ad99160","2025-05-18T07:30:00.000","1","DRIVER",,"1969780",,"LEXUS","OTHER (EXPLAIN IN NARRATIVE)","IL","2009","NONE","PASSENGER","UNKNOWN/NA","E","STRAIGHT AHEAD",,,"1",,,,,,,,,,,,,,,,,"Y","UNKNOWN",,,,,,,,,,,,,,,,,,,,,,,,,,,,,,,,,
"2066377","0e9284373ec3b5e3f12bfa0f73023e0455aad6d5fcb92dd35d5f97f0edcf125a8c1b250eb4894a77f6be6b6eb347d5b700e6ee76201eff1369bcfbe81ad99160","2025-05-18T07:30:00.000","2","DRIVER",,"1969790",,"SUBARU","FORESTER","IL","2020","NONE","PASSENGER","PERSONAL","E","STRAIGHT AHEAD",,,"1",,,,,,,,,"Y","Y","Y",,,,,,,"REAR",,,,,,,,,,,,,,,,,,,,,,,,,,,,,,,,,
"2065573","9e1ecbcf3df1ff5079ed437c34af2b35d8331194dec914b8fdc037df6625e84c431dd739c011d40c61309b2efac3d0a3bf9580e470a4403e98f163c3b8518577","2025-05-18T07:00:00.000","1","DRIVER",,"1969017",,"UNKNOWN","OTHER (EXPLAIN IN NARRATIVE)",,,"UNKNOWN","UNKNOWN/NA","UNKNOWN/NA","UNKNOWN","UNKNOWN/NA",,,"1",,,,,,,,,,,,,,,,,"Y","UNKNOWN",,,,,,,,,,,,,,,,,,,,,,,,,,,,,,,,,
"2065574","9e1ecbcf3df1ff5079ed437c34af2b35d8331194dec914b8fdc037df6625e84c431dd739c011d40c61309b2efac3d0a3bf9580e470a4403e98f163c3b8518577","2025-05-18T07:00:00.000","2","PARKED",,"1969021",,"VOLKSWAGEN","EOS","IL","2010","UNKNOWN","PASSENGER","NOT IN USE","N","PARKED",,,"0",,,,,,,,,,,,,"Y",,,,,"SIDE-LEFT",,,,,,,,,,,,,,,,,,,,,,,,,,,,,,,,,
"2065461","39328f1ab472b3dc3e96593807c327a325ac3af836bc34bba8c82562fa807ce8f7e26bbebcb95e4017fed36df4dbe7b8df0bc10de92ebc3571ab1014562d01d0","2025-05-18T06:30:00.000","1","DRIVER",,"1968921",,"CHEVROLET","TRAIL BLAZER","IL","2024","NONE","SPORT UTILITY VEHICLE (SUV)","PERSONAL","S","STRAIGHT AHEAD",,,"1",,,,,,,,,,,,,,,"Y",,,"FRONT-LEFT-CORNER",,,,,,,,,,,,,,,,,,,,,,,,,,,,,,,,,
"2065462","39328f1ab472b3dc3e96593807c327a325ac3af836bc34bba8c82562fa807ce8f7e26bbebcb95e4017fed36df4dbe7b8df0bc10de92ebc3571ab1014562d01d0","2025-05-18T06:30:00.000","2","DRIVER","1","1968926",,"DODGE","RAM 1500 PU","IL",,"UNKNOWN","PASSENGER","PERSONAL","S","STRAIGHT AHEAD",,,"2",,,,,,,"Y","Y","Y",,,,,,,,,"REAR-RIGHT-CORNER",,,,,,,,,,,,,,,,,,,,,,,,,,,,,,,,,
"2065991","b0dcabc2fd7988e8249fa96db0e8971b703194e3fb1436546499f40106ac4b202c8632cf79eeba6ba7a351d3222670a00c0412afab5cd553e3276580099cb63e","2025-05-18T06:00:00.000","1","DRIVER",,"1969412",,"UNKNOWN","OTHER (EXPLAIN IN NARRATIVE)",,,"UNKNOWN","UNKNOWN/NA","UNKNOWN/NA","UNKNOWN","UNKNOWN/NA",,,"1",,,,,,,,,,,,,,,,,,"UNKNOWN",,,,,,,,,,,,,,,,,,,,,,,,,,,,,,,,,
"2065992","b0dcabc2fd7988e8249fa96db0e8971b703194e3fb1436546499f40106ac4b202c8632cf79eeba6ba7a351d3222670a00c0412afab5cd553e3276580099cb63e","2025-05-18T06:00:00.000","2","PARKED",,"1969414",,"NISSAN","ROGUE","IL","2025","NONE","SPORT UTILITY VEHICLE (SUV)","NOT IN USE","W","PARKED",,,"0",,,,,,,"Y",,,,,,,,,,,"SIDE-RIGHT",,,,,,,,,,,,,,,,,,,,,,,,,,,,,,,,,
"2065465","0f931c54ba86c25bbbb76d9a57726fd8b240ea4b6f19d313c1ebece9394a90ae445e66be9d8a4f80425eae36ebcf146c63f54d9a2ef47205669e75914d78c480","2025-05-18T05:59:00.000","2","PARKED",,"1968925",,"JEEP","COMMANDER","IL","2008","NONE","SPORT UTILITY VEHICLE (SUV)","UNKNOWN/NA","W","PARKED",,,"0",,,,,,,,,"Y","Y","Y",,,,,,,"REAR",,,,,,,,,,,,,,,,,,,,,,,,,,,,,,,,,
"2065466","0f931c54ba86c25bbbb76d9a57726fd8b240ea4b6f19d313c1ebece9394a90ae445e66be9d8a4f80425eae36ebcf146c63f54d9a2ef47205669e75914d78c480","2025-05-18T05:59:00.000","1","DRIVER",,"1968924","Y","VOLKSWAGEN","JETTA","IL","2013","UNKNOWN","PASSENGER","OTHER","W","UNKNOWN/NA","Y",,"1",,"UNKNOWN FROM SCENE",,,"Y",,,,,,,,,,"Y","Y",,"FRONT",,,,,,,,,,,,,,,,,,,,,,,,,,,,,,,,,
"2065437","a5f3ea60288f090ec540018cd59159d332dc6b8ac435883dfd86919193fcde6f4bfa3efacfd4e587f2daa8a6d380d3e77ee73d6cfa769953a38e6d112776bc78","2025-05-18T05:59:00.000","1","DRIVER",,"1968900",,"NISSAN","VERSA","IL","2020","UNKNOWN","PASSENGER","PERSONAL","N","STRAIGHT AHEAD","Y",,"1",,"PRIVATE TOW","PRIVATE LOT",,"Y","Y","Y",,,,,,,,,"Y",,"SIDE-RIGHT-FRONT",,,,,,,,,,,,,,,,,,,,,,,,,,,,,,,,,
"2065438","a5f3ea60288f090ec540018cd59159d332dc6b8ac435883dfd86919193fcde6f4bfa3efacfd4e587f2daa8a6d380d3e77ee73d6cfa769953a38e6d112776bc78","2025-05-18T05:59:00.000","2","DRIVER",,"1968901",,"TOYOTA","CAMRY","IL","2012","NONE","PASSENGER","DRIVER EDUCATION","W","STRAIGHT AHEAD",,,"1",,,,,"Y",,,,,,,,,"Y","Y","Y",,"FRONT-LEFT-CORNER",,,,,,,,,,,,,,,,,,,,,,,,,,,,,,,,,
"2065431","4b6a4cc2c61ed5a9e59282eb0dfaf665e444846986ace9e4e9de3dd951f6f89974332e2ae9fe7d4d3fc7e9a37522278f2ed6d6aaaf706a2e0fd698c69ab87166","2025-05-18T05:25:00.000","1","DRIVER",,"1968895",,"TOYOTA","RAV4","IL","2020","UNKNOWN","SPORT UTILITY VEHICLE (SUV)","PERSONAL","S","STRAIGHT AHEAD","Y",,"1",,"PRIVATE TOW",,,"Y","Y",,,,,,,,"Y","Y","Y",,"FRONT",,,,,,,,,,,,,,,,,,,,,,,,,,,,,,,,,
"2065432","4b6a4cc2c61ed5a9e59282eb0dfaf665e444846986ace9e4e9de3dd951f6f89974332e2ae9fe7d4d3fc7e9a37522278f2ed6d6aaaf706a2e0fd698c69ab87166","2025-05-18T05:25:00.000","2","DRIVER",,"1968897",,"ACURA","ADX","IL","2007","UNKNOWN","SPORT UTILITY VEHICLE (SUV)","PERSONAL","W","STRAIGHT AHEAD","Y",,"1",,"PRIVATE TOW",,,"Y","Y",,,,,,,,"Y","Y","Y",,"FRONT-RIGHT-CORNER",,,,,,,,,,,,,,,,,,,,,,,,,,,,,,,,,
"2065426","f36d9c775f9ff124a4a5d1fc39cf3b40d4518356c3908d01d1073eaf0c5bdca71d9da4f40b790270449cc7e772a417032ef903af11bd57451b3bc7e30dc2d617","2025-05-18T05:11:00.000","1","DRIVER","1","1968885",,"DODGE","CHALLENGER","IL","2019","UNKNOWN","PASSENGER","UNKNOWN/NA","W","BACKING",,,"2",,,,,,,,,,"Y","Y",,,,,,"N","REAR",,,,,,,,,,,,,,,,,,,,,,,,,,,,,,,,,
"2065427","f36d9c775f9ff124a4a5d1fc39cf3b40d4518356c3908d01d1073eaf0c5bdca71d9da4f40b790270449cc7e772a417032ef903af11bd57451b3bc7e30dc2d617","2025-05-18T05:11:00.000","2","DRIVER","1","1968887",,"FORD","EXPLORER","IL","2021","UNKNOWN","SPORT UTILITY VEHICLE (SUV)","POLICE","E","STRAIGHT AHEAD",,,"2",,,,,,,,,,,,,,,,"Y",,"FRONT",,,,,,,,,,,,,,,,,,,,,,,,,,,,,,,,,
"2065415","64a0c4ad6e8cc9339051f3da252291e451531cc20459b931838e9fc8a2d6537b106c66a3095ce4f07da9cbcaa239fe918f5712a3d2fdc9ae7b7bf7869b638c3f","2025-05-18T04:30:00.000","1","DRIVER",,"1968877",,"TOYOTA","OTHER (EXPLAIN IN NARRATIVE)","IL","2020","UNKNOWN","SPORT UTILITY VEHICLE (SUV)","UNKNOWN/NA","S","STRAIGHT AHEAD",,,"1",,,,,,,,,,,,,,,,,,"FRONT",,,,,,,,,,,,,,,,,,,,,,,,,,,,,,,,,
"2065416","64a0c4ad6e8cc9339051f3da252291e451531cc20459b931838e9fc8a2d6537b106c66a3095ce4f07da9cbcaa239fe918f5712a3d2fdc9ae7b7bf7869b638c3f","2025-05-18T04:30:00.000","2","DRIVER",,"1968879",,"FORD","OTHER (EXPLAIN IN NARRATIVE)","IL","2014","NONE","PASSENGER","PERSONAL","S","SLOW/STOP IN TRAFFIC",,,"1",,,,,,,,,"Y","Y","Y",,,,,,,"REAR",,,,,,,,,,,,,,,,,,,,,,,,,,,,,,,,,
"2065410","c374224ffa6eb2c6b67905c6d2246ee415d87423d7fdd152259d96f48343e5f009001eb39d9c5492ec469863a1eea3b40058b4ec28668bb65bf8ccaed57b1ef3","2025-05-18T04:20:00.000","1","DRIVER","1","1968873",,"HONDA","CIVIC","IL","2009","NONE","PASSENGER","PERSONAL","N","STRAIGHT AHEAD",,,"2",,,,,"Y",,,,,,,,,,"Y","Y",,"FRONT",,,,,,,,,,,,,,,,,,,,,,,,,,,,,,,,,
"2065411","c374224ffa6eb2c6b67905c6d2246ee415d87423d7fdd152259d96f48343e5f009001eb39d9c5492ec469863a1eea3b40058b4ec28668bb65bf8ccaed57b1ef3","2025-05-18T04:20:00.000","2","DRIVER",,"1968878",,"BMW","328I","IL","2013","NONE","PASSENGER","NOT IN USE","S","STRAIGHT AHEAD",,,"1",,,,,,,,,,,,"Y","Y","Y","Y","Y",,"FRONT",,,,,,,,,,,,,,,,,,,,,,,,,,,,,,,,,
"2065412","c374224ffa6eb2c6b67905c6d2246ee415d87423d7fdd152259d96f48343e5f009001eb39d9c5492ec469863a1eea3b40058b4ec28668bb65bf8ccaed57b1ef3","2025-05-18T04:20:00.000","3","PARKED",,"1968882",,"(UNLISTED MANUFACTURER)","OTHER (EXPLAIN IN NARRATIVE)","IL","2008","NONE","PASSENGER","PERSONAL","S","STRAIGHT AHEAD",,,"0",,,,,,,,,,,,,,,"Y",,,"FRONT-LEFT-CORNER",,,,,,,,,,,,,,,,,,,,,,,,,,,,,,,,,
"2065424","fa6fa4b61dc7ed588e637b1ba0fbc104503a4ca2726e1fabf5b26076f65f473aabb66f5eee9444679341a9d66770c381df2f88b1f362bf2047b001ca2924a98e","2025-05-18T04:10:00.000","1","DRIVER",,"1968884",,"CHEVROLET","TRAX","IL","2024","NONE","SPORT UTILITY VEHICLE (SUV)","PERSONAL","N","STRAIGHT AHEAD",,,"1",,,,,,,,,,,,,,,,"Y",,"FRONT",,,,,,,,,,,,,,,,,,,,,,,,,,,,,,,,,
"2065425","fa6fa4b61dc7ed588e637b1ba0fbc104503a4ca2726e1fabf5b26076f65f473aabb66f5eee9444679341a9d66770c381df2f88b1f362bf2047b001ca2924a98e","2025-05-18T04:10:00.000","2","DRIVER","1","1968888",,"KIA","TELLURIDE","IL","2024","NONE","SPORT UTILITY VEHICLE (SUV)","OTHER","N","SLOW/STOP IN TRAFFIC",,,"2",,,,,,,,,"Y","Y","Y",,,,,,,"REAR",,,,,,,,,,,,,,,,,,,,,,,,,,,,,,,,,
"2065419","0e30516f1811a8ea66b011a132733a8b119ea01d8ba31e5f8ad8e25dab335927c5e94e575a9f51a8c7ebd0bcea9723994be2ba34624e20faa3efad8b4ad07810","2025-05-18T04:09:00.000","1","DRIVER",,"1968883",,"CHEVROLET","MALIBU","IL","2015","UNKNOWN","PASSENGER","PERSONAL","N","PASSING/OVERTAKING",,,"1",,,,,"Y","Y","Y",,,,,,,,,,,"SIDE-RIGHT",,,,,,,,,,,,,,,,,,,,,,,,,,,,,,,,,
"2065420","0e30516f1811a8ea66b011a132733a8b119ea01d8ba31e5f8ad8e25dab335927c5e94e575a9f51a8c7ebd0bcea9723994be2ba34624e20faa3efad8b4ad07810","2025-05-18T04:09:00.000","2","DRIVER",,"1968889",,"CHEVROLET","MALIBU","IN","2018","UNKNOWN","PASSENGER","PERSONAL","N","STRAIGHT AHEAD","Y",,"1",,"city of chicago","732163",,"Y","Y","Y",,,,,,,,"Y","Y",,"SIDE-LEFT",,,,,,,,,,,,,,,,,,,,,,,,,,,,,,,,,
"2065421","0e30516f1811a8ea66b011a132733a8b119ea01d8ba31e5f8ad8e25dab335927c5e94e575a9f51a8c7ebd0bcea9723994be2ba34624e20faa3efad8b4ad07810","2025-05-18T04:09:00.000","3","PARKED",,"1968891",,"LINCOLN","MKX","IL","2016","NONE","PASSENGER","PERSONAL","N","PARKED",,,"0",,,,,,,,"Y","Y","Y","Y","Y",,,,,,"REAR",,,,,,,,,,,,,,,,,,,,,,,,,,,,,,,,,
"2065422","0e30516f1811a8ea66b011a132733a8b119ea01d8ba31e5f8ad8e25dab335927c5e94e575a9f51a8c7ebd0bcea9723994be2ba34624e20faa3efad8b4ad07810","2025-05-18T04:09:00.000","4","PARKED",,"1968892",,"CHEVROLET","EQUINOX","IL","2023","NONE","PASSENGER","PERSONAL","N","PARKED",,,"0",,,,,,,,,,"Y","Y","Y",,,,,,"REAR-LEFT-CORNER",,,,,,,,,,,,,,,,,,,,,,,,,,,,,,,,,
"2065423","0e30516f1811a8ea66b011a132733a8b119ea01d8ba31e5f8ad8e25dab335927c5e94e575a9f51a8c7ebd0bcea9723994be2ba34624e20faa3efad8b4ad07810","2025-05-18T04:09:00.000","5","PARKED",,"1968893",,"TOYOTA","COROLLA","IL","2005","NONE","PASSENGER","PERSONAL","N","PARKED",,,"0",,,,,,,,,,,"N","Y","Y","Y","Y",,,"SIDE-LEFT",,,,,,,,,,,,,,,,,,,,,,,,,,,,,,,,,
"2065430","0e30516f1811a8ea66b011a132733a8b119ea01d8ba31e5f8ad8e25dab335927c5e94e575a9f51a8c7ebd0bcea9723994be2ba34624e20faa3efad8b4ad07810","2025-05-18T04:09:00.000","6","PARKED",,"1968894",,"FORD","EDGE","IL","2025","NONE","PASSENGER","PERSONAL","N","PARKED",,,"0",,,,,,,,,,,"Y","Y",,,,,,"SIDE-LEFT-REAR",,,,,,,,,,,,,,,,,,,,,,,,,,,,,,,,,
"2065413","b35ab665efb28982426081628141fb6c611fb3e2520fc01533338de5eccb93e1ee31b10123425aecc28b4bc14ab5334c5a7bf5ba58bba236cd19a398a2d79333","2025-05-18T04:05:00.000","1","DRIVER",,"1968875",,"NISSAN","PATHFINDER","IL","2015","NONE","SPORT UTILITY VEHICLE (SUV)","PERSONAL","W","STRAIGHT AHEAD","Y",,"1",,"PRIVATE TOW",,,"Y","Y","Y","Y",,,"Y","Y","Y","Y","Y","Y",,"FRONT-RIGHT-CORNER",,,,,,,,,,,,,,,,,,,,,,,,,,,,,,,,,
"2065414","b35ab665efb28982426081628141fb6c611fb3e2520fc01533338de5eccb93e1ee31b10123425aecc28b4bc14ab5334c5a7bf5ba58bba236cd19a398a2d79333","2025-05-18T04:05:00.000","2","PARKED",,"1968876",,"DODGE","RAM 1500 PU","IL","2004","NONE","PICKUP","PERSONAL","W","PARKED",,,"0",,,,,,,,,,,"Y","Y","Y","Y",,,,"REAR-LEFT-CORNER",,,,,,,,,,,,,,,,,,,,,,,,,,,,,,,,,
"2065409","1822cfb27a003899cd44cbe6bc4c0f35cf7ff8ef75796b85e39f533da609ad5a257f17d36d145a1ea9625749349845feac8832a257d7dbb1a4ddc32406792afb","2025-05-18T04:02:00.000","1","DRIVER","3","1968874",,"KIA","OPTIMA / K5","IL","2017","UNKNOWN","PASSENGER","UNKNOWN/NA","E","AVOIDING VEHICLES/OBJECTS","Y",,"4",,"e&R","doty",,,,,,,,,,,,,"Y",,"FRONT",,,,,,,,,,,,,,,,,,,,,,,,,,,,,,,,,
"2065417","bca53a178d9bfd237609828b6f3f350c0d045baef9ed122960b7c28297489938544d7f516d4dd833c6e1a6292de64829f30e3f86daa9c92a88c306753965adc6","2025-05-18T03:50:00.000","1","DRIVER",,"1968880",,"CHEVROLET","MALIBU","IL","2010","UNKNOWN","UNKNOWN/NA","UNKNOWN/NA","N","STRAIGHT AHEAD","Y",,"1",,"UKNOWN","UNKNOWN",,,,,,,,,,,,,,"Y","FRONT",,,,,,,,,,,,,,,,,,,,,,,,,,,,,,,,,
"2065418","bca53a178d9bfd237609828b6f3f350c0d045baef9ed122960b7c28297489938544d7f516d4dd833c6e1a6292de64829f30e3f86daa9c92a88c306753965adc6","2025-05-18T03:50:00.000","2","DRIVER",,"1968881",,"KIA","FORTE","IL","2024","NONE","PASSENGER","PERSONAL","S","TURNING LEFT",,,"1",,,,,"Y","Y","Y","Y",,,,,,,,,,"SIDE-RIGHT",,,,,,,,,,,,,,,,,,,,,,,,,,,,,,,,,
"2065407","bebc9a9a6fad355a7cd831be50087fc08b37688b11367637ccf652f86ca8ce00a83a950a070644b9848e2cd9c448c70465a77aad6a5b8deff55d9bea675f78a9","2025-05-18T03:30:00.000","1","DRIVER",,"1968871",,"UNKNOWN","OTHER (EXPLAIN IN NARRATIVE)","IL",,"UNKNOWN","MOTORCYCLE (OVER 150CC)","PERSONAL","N","PASSING/OVERTAKING",,,"1",,,,,,,,,,,,,,,"Y",,,"FRONT-LEFT-CORNER",,,,,,,,,,,,,,,,,,,,,,,,,,,,,,,,,
"2065408","bebc9a9a6fad355a7cd831be50087fc08b37688b11367637ccf652f86ca8ce00a83a950a070644b9848e2cd9c448c70465a77aad6a5b8deff55d9bea675f78a9","2025-05-18T03:30:00.000","2","DRIVER",,"1968872",,"TOYOTA","TACOMA","IL","2007","NONE","TRUCK - SINGLE UNIT","PERSONAL","N","STRAIGHT AHEAD",,,"1",,,,,"Y",,,,,,,,,,,,,"FRONT-RIGHT-CORNER",,,,,,,,,,,,,,,,,,,,,,,,,,,,,,,,,
"2065522","0922853edc3a54c464f7d9f450963c3fafaa1a58508989a77aad2121e66415e8d07a2ae858207afb483821bd7b688a171a4ba7d2e223e621581546475de6e161","2025-05-18T03:27:00.000","1","DRIVER",,"1968970",,"UNKNOWN","OTHER (EXPLAIN IN NARRATIVE)",,,"UNKNOWN","PASSENGER","UNKNOWN/NA","S","STRAIGHT AHEAD",,,"1",,,,,,,,,,,,,,,,,"Y","UNKNOWN",,,,,,,,,,,,,,,,,,,,,,,,,,,,,,,,,
"2065523","0922853edc3a54c464f7d9f450963c3fafaa1a58508989a77aad2121e66415e8d07a2ae858207afb483821bd7b688a171a4ba7d2e223e621581546475de6e161","2025-05-18T03:27:00.000","2","DRIVERLESS",,"1968974",,"KIA","OPIRUS","IL","2016","NONE","PASSENGER","PERSONAL","S","PARKED",,,"0",,,,,,,,,,,"Y","Y","Y","Y","Y",,,"SIDE-LEFT-REAR",,,,,,,,,,,,,,,,,,,,,,,,,,,,,,,,,
"2065524","0922853edc3a54c464f7d9f450963c3fafaa1a58508989a77aad2121e66415e8d07a2ae858207afb483821bd7b688a171a4ba7d2e223e621581546475de6e161","2025-05-18T03:27:00.000","3","DRIVERLESS",,"1968981",,"TOYOTA","RAV4","IL","2021","NONE","SPORT UTILITY VEHICLE (SUV)","UNKNOWN/NA","S","PARKED",,,"0",,,,,,,,,,"Y",,,,,,,,"REAR",,,,,,,,,,,,,,,,,,,,,,,,,,,,,,,,,