"crash_unit_id","crash_record_id","crash_date","unit_no","unit_type","num_passengers","vehicle_id","cmrc_veh_i","make","model","lic_plate_state","vehicle_year","vehicle_defect","vehicle_type","vehicle_use","travel_direction","maneuver","towed_i","fire_i","occupant_cnt","exceed_speed_limit_i","towed_by","towed_to","area_00_i","area_01_i","area_02_i","area_03_i","area_04_i","area_05_i","area_06_i","area_07_i","area_08_i","area_09_i","area_10_i","area_11_i","area_12_i","area_99_i","first_contact_point","cmv_id","usdot_no","ccmc_no","ilcc_no","commercial_src","gvwr","carrier_name","carrier_state","carrier_city","hazmat_placards_i","hazmat_name","un_no","hazmat_present_i","hazmat_report_i","hazmat_report_no","mcs_report_i","mcs_report_no","hazmat_vio_cause_crash_i","mcs_vio_cause_crash_i","idot_permit_no","wide_load_i","trailer1_width","trailer2_width","trailer1_length","trailer2_length","total_vehicle_length","axle_cnt","vehicle_config","cargo_body_type","load_type","hazmat_out_of_service_i","mcs_out_of_service_i","hazmat_class"
"2065428","d033082601a721db6027a69d51166ac901a747caef6de3a41d444c9360ca2b0ad784cc6e21df5305e62596a1ae2cf190f6408fcf96a57ae63286b6ad2aff0f05","2025-05-18T03:20:00.000","1","DRIVER",,"1968886",,"CHEVROLET","IMPALA","XX",,"UNKNOWN","UNKNOWN/NA","UNKNOWN/NA","W","STRAIGHT AHEAD",,,"1",,,,,"Y","Y",,,,,,,"Y","Y","Y","Y",,"FRONT",,,,,,,,,,,,,,,,,,,,,,,,,,,,,,,,,
"2065429","d033082601a721db6027a69d51166ac901a747caef6de3a41d444c9360ca2b0ad784cc6e21df5305e62596a1ae2cf190f6408fcf96a57ae63286b6ad2aff0f05","2025-05-18T03:20:00.000","2","PARKED",,"1968890",,"CHEVROLET","TRUCK","IL","2009","NONE","PASSENGER","PERSONAL","W","PARKED","Y",,"0",,"private tow",,,,,"Y","Y","Y","Y","Y",,,,,,,"REAR",,,,,,,,,,,,,,,,,,,,,,,,,,,,,,,,,
"2065405","6ff447e8ecf6c7ed6d4e5fa8b7caa0ee9a6ec0de970a4828de726b8af81886efa4eb7fd16564ad6b1e3ab7708ec06159d8ea0992b5bdb91c6fdacf1be1f2532b","2025-05-18T03:11:00.000","1","DRIVER",,"1968867",,"BMW","X5","IL","2020","UNKNOWN","SPORT UTILITY VEHICLE (SUV)","PERSONAL","N","STRAIGHT AHEAD",,,"1",,,,,,"Y","Y","Y","Y",,,,,,,,,"SIDE-RIGHT",,,,,,,,,,,,,,,,,,,,,,,,,,,,,,,,,
"2065406","6ff447e8ecf6c7ed6d4e5fa8b7caa0ee9a6ec0de970a4828de726b8af81886efa4eb7fd16564ad6b1e3ab7708ec06159d8ea0992b5bdb91c6fdacf1be1f2532b","2025-05-18T03:11:00.000","2","PARKED",,"1968869",,"MERCEDES-BENZ","E-CLASS","IL","2019","UNKNOWN","PASSENGER","UNKNOWN/NA","E","PARKED",,,"0",,,,,,,,,"Y",,,,,,,,,"REAR-RIGHT-CORNER",,,,,,,,,,,,,,,,,,,,,,,,,,,,,,,,,
"2065397","60d66e2f87cf5c5fa210f8ff1364153886eec69608ab64df09617990081dd2139e836812cb682edcb2f350cc7dc0bc2531df56826efd523401b9af14424fa3cb","2025-05-18T02:35:00.000","1","DRIVER","1","1968860",,"HONDA","ACCORD","IL","2024","NONE","PASSENGER","PERSONAL","NW","TURNING RIGHT",,,"2",,,,,,,,"Y","Y",,,,,,,,,"REAR-RIGHT-CORNER",,,,,,,,,,,,,,,,,,,,,,,,,,,,,,,,,
"2065398","60d66e2f87cf5c5fa210f8ff1364153886eec69608ab64df09617990081dd2139e836812cb682edcb2f350cc7dc0bc2531df56826efd523401b9af14424fa3cb","2025-05-18T02:35:00.000","2","DRIVER","1","1968863",,"FORD","EDGE","IL","2009","NONE","SPORT UTILITY VEHICLE (SUV)","PERSONAL","NW","TURNING RIGHT",,,"2",,,,,"Y",,,,,,,,,,"N","Y",,"FRONT-RIGHT-CORNER",,,,,,,,,,,,,,,,,,,,,,,,,,,,,,,,,
"2065443","4402d44aa19d3fe4f15215073fda4f0d7014b51992d70a5ba0ee800366f89ddd009ee0c744dedd2decdf7425df6004f77cc6a083fea8c4d75da26f80191fa65e","2025-05-18T02:20:00.000","1","DRIVER",,"1968906",,"INTERNATIONAL HARVESTER","INTERNATIONAL HARVESTER","IL","2013","NONE","TRUCK - SINGLE UNIT","CONSTRUCTION/MAINTENANCE","NW","TURNING RIGHT",,,"1",,,,,,,,"Y","Y",,,,,,,,,"REAR-RIGHT-CORNER",,,,,,,,,,,,,,,,,,,,,,,,,,,,,,,,,
"2065444","4402d44aa19d3fe4f15215073fda4f0d7014b51992d70a5ba0ee800366f89ddd009ee0c744dedd2decdf7425df6004f77cc6a083fea8c4d75da26f80191fa65e","2025-05-18T02:20:00.000","2","PARKED",,"1968907",,"AUDI","Q7","IL","2023","NONE","PASSENGER","NOT IN USE","N","PARKED",,,"0",,,,,,,,,,,"Y",,,,,,,"REAR-LEFT-CORNER",,,,,,,,,,,,,,,,,,,,,,,,,,,,,,,,,
"2065403","f66555702f0ea68698fe42b9e1aad9a63678d7b284b89ea6fd7c4e88712ff00c1873a184e14a5712366d440f08d870cdd539f2f93550c36e39adac40d9333254","2025-05-18T02:02:00.000","1","DRIVER",,"1968868",,"CHEVROLET","MALIBU","IL","2007","UNKNOWN","PASSENGER","PERSONAL","W","STRAIGHT AHEAD","Y","Y","1",,"CITY TOW",,,"Y","Y","Y",,,,,,,"Y","Y","Y",,"FRONT-RIGHT-CORNER",,,,,,,,,,,,,,,,,,,,,,,,,,,,,,,,,
"2065404","f66555702f0ea68698fe42b9e1aad9a63678d7b284b89ea6fd7c4e88712ff00c1873a184e14a5712366d440f08d870cdd539f2f93550c36e39adac40d9333254","2025-05-18T02:02:00.000","2","PARKED",,"1968870",,"DODGE","DURANGO","IL","2019","UNKNOWN","PASSENGER","NOT IN USE","W","PARKED","Y",,"0",,"PRIVATE INSURANCE",,,,,,,,"Y","Y","Y","Y","Y","Y","Y",,"SIDE-LEFT-REAR",,,,,,,,,,,,,,,,,,,,,,,,,,,,,,,,,
"2065533","556cc9e12fac05cb43ac56dc540dbb1eea1736d5ecb86e8933bf913d426955d4d83f542bc9c7bb58f40c3e84d9a3dbe0bcab7e2953e124a185b2c7f9338efd11","2025-05-18T02:00:00.000","1","DRIVER",,"1968983",,"UNKNOWN","MOTORIZED","IL",,"UNKNOWN","PASSENGER","UNKNOWN/NA","E","STRAIGHT AHEAD",,,"1",,,,,,,,,,,,,,,,,"Y","UNKNOWN",,,,,,,,,,,,,,,,,,,,,,,,,,,,,,,,,
"2065534","556cc9e12fac05cb43ac56dc540dbb1eea1736d5ecb86e8933bf913d426955d4d83f542bc9c7bb58f40c3e84d9a3dbe0bcab7e2953e124a185b2c7f9338efd11","2025-05-18T02:00:00.000","2","PARKED",,"1968985",,"CHEVROLET","EQUINOX","IL","2016","NONE","PASSENGER","NOT IN USE","E","PARKED",,,"0",,,,,,,,,,,"Y","Y","Y",,,,,"SIDE-RIGHT",,,,,,,,,,,,,,,,,,,,,,,,,,,,,,,,,
"2065445","bed024c5f2be053742b0b70e87bb1a03f0c135a099e5e14758d7832a6abbf5f7fc3b8f4c76cd4a9e0e06a07219b811e80359f09125ab72c8137e585b01db6b47","2025-05-18T02:00:00.000","1","DRIVER",,"1968908",,"UNKNOWN","OTHER (EXPLAIN IN NARRATIVE)","XX",,"UNKNOWN","UNKNOWN/NA","UNKNOWN/NA","E","STRAIGHT AHEAD",,,"1",,,,,"Y",,,,,,,,,,,,,"FRONT-RIGHT-CORNER",,,,,,,,,,,,,,,,,,,,,,,,,,,,,,,,,
"2065446","bed024c5f2be053742b0b70e87bb1a03f0c135a099e5e14758d7832a6abbf5f7fc3b8f4c76cd4a9e0e06a07219b811e80359f09125ab72c8137e585b01db6b47","2025-05-18T02:00:00.000","2","PARKED",,"1968909",,"BUICK","OTHER (EXPLAIN IN NARRATIVE)","IL","2014","UNKNOWN","PASSENGER","PERSONAL","E","PARKED",,,"0",,,,,,,,,,,"Y",,,,,,,"REAR-LEFT-CORNER",,,,,,,,,,,,,,,,,,,,,,,,,,,,,,,,,
"2065392","2ce0515f8bbfa7087f383853c24a350adf00178f9839bc7fc49c7baea8acbf2b2efd4cb0de4d85ca8bd8ad8ca98e54d16b0d6a9180b2756622673b6cd826a09f","2025-05-18T01:53:00.000","1","DRIVER",,"1968854",,"HONDA","ACCORD","IL","2020","UNKNOWN","PASSENGER","PERSONAL","N","STRAIGHT AHEAD","Y",,"1",,"PRIVATE TOW",,,,,,,,,,,,,"Y",,,"FRONT",,,,,,,,,,,,,,,,,,,,,,,,,,,,,,,,,
"2065393","2ce0515f8bbfa7087f383853c24a350adf00178f9839bc7fc49c7baea8acbf2b2efd4cb0de4d85ca8bd8ad8ca98e54d16b0d6a9180b2756622673b6cd826a09f","2025-05-18T01:53:00.000","2","DRIVER","1","1968856",,"DODGE","DURANGO","IL","2022","UNKNOWN","SPORT UTILITY VEHICLE (SUV)","PERSONAL","N","SLOW/STOP IN TRAFFIC",,,"2",,,,,"Y",,,,,,,,,,,,,"FRONT",,,,,,,,,,,,,,,,,,,,,,,,,,,,,,,,,
"2065394","2ce0515f8bbfa7087f383853c24a350adf00178f9839bc7fc49c7baea8acbf2b2efd4cb0de4d85ca8bd8ad8ca98e54d16b0d6a9180b2756622673b6cd826a09f","2025-05-18T01:53:00.000","3","DRIVER",,"1968859",,"TOYOTA","COROLLA","IL","2017","UNKNOWN","PASSENGER","PERSONAL","N","SLOW/STOP IN TRAFFIC",,,"1",,,,,,,,,"Y",,,,,,,,,"REAR-RIGHT-CORNER",,,,,,,,,,,,,,,,,,,,,,,,,,,,,,,,,
"2065395","8b5574762b95d3a472879e6f412e91207909ff27b733a6e55dc79240cc3ac8775a77fcb980b06a8d54a83161bc963e055105f0572286cef72cd5830fea0616c1","2025-05-18T01:50:00.000","1","DRIVER",,"1968857",,"FORD","MUSTANG","IL","2017","UNKNOWN","PASSENGER","UNKNOWN/NA","UNKNOWN","BACKING",,,"1",,,,,,,,,"Y","Y","Y",,,,,,,"REAR",,,,,,,,,,,,,,,,,,,,,,,,,,,,,,,,,
"2065396","8b5574762b95d3a472879e6f412e91207909ff27b733a6e55dc79240cc3ac8775a77fcb980b06a8d54a83161bc963e055105f0572286cef72cd5830fea0616c1","2025-05-18T01:50:00.000","2","PARKED",,"1968865",,"SUBARU","WRX","IL","2015","UNKNOWN","PASSENGER","UNKNOWN/NA","N","PARKED",,,"0",,,,,,,,,,,,,"Y","Y","Y",,,"SIDE-LEFT",,,,,,,,,,,,,,,,,,,,,,,,,,,,,,,,,
"2065400","0ff27a19ccc59e46d0906794743367ed6a35d857097a0aeb342b217096ec81f6aafe5064c8dcd041f0be4339af2a805084d98d94694ef4bfcbf718a12cfb75b2","2025-05-18T01:10:00.000","1","DRIVER",,"1968862",,"DODGE","CHARGER","IL","2023","NONE","PASSENGER","PERSONAL","S","STRAIGHT AHEAD","Y",,"1",,"CITY OF CHICAGO","400 E LOWER WACKER",,,,,,,,,"Y","Y","Y","Y","Y",,"FRONT-LEFT-CORNER",,,,,,,,,,,,,,,,,,,,,,,,,,,,,,,,,
"2065401","0ff27a19ccc59e46d0906794743367ed6a35d857097a0aeb342b217096ec81f6aafe5064c8dcd041f0be4339af2a805084d98d94694ef4bfcbf718a12cfb75b2","2025-05-18T01:10:00.000","2","DRIVER",,"1968866",,"TOYOTA","AVALON","KY","2009","NONE","PASSENGER","PERSONAL","S","SLOW/STOP IN TRAFFIC","Y",,"1",,"CITY OF CHICAGO","400 E LOWER WACKER",,,,"Y","Y","Y","Y",,,,,,,,"REAR-RIGHT-CORNER",,,,,,,,,,,,,,,,,,,,,,,,,,,,,,,,,
"2065378","48fa29ff28caae2c2b08aad65ffb7d0cd1dd64e4ff76ef03c76b729404b6b1019303cd1a048902ed9f681c7257e197ce94f16e450ae577a29a2e51da88a3441d","2025-05-18T01:10:00.000","1","DRIVER","1","1968844",,"JAGUAR","XJ","IL","2013","UNKNOWN","PASSENGER","PERSONAL","E","DRIVING WRONG WAY","Y",,"2",,"P&C TOWING AND RECOVERY LLC","10800 S CENTRAL",,"Y","Y",,,,,,,,"Y","Y","Y",,"FRONT",,,,,,,,,,,,,,,,,,,,,,,,,,,,,,,,,
"2065379","48fa29ff28caae2c2b08aad65ffb7d0cd1dd64e4ff76ef03c76b729404b6b1019303cd1a048902ed9f681c7257e197ce94f16e450ae577a29a2e51da88a3441d","2025-05-18T01:10:00.000","2","PARKED",,"1968849",,"CHEVROLET","MALIBU","IL","2014","NONE","PASSENGER","NOT IN USE","UNKNOWN","PARKED",,,"0",,,,,"Y","Y","Y","Y","Y","Y","Y","Y","Y","Y","Y","Y",,"FRONT",,,,,,,,,,,,,,,,,,,,,,,,,,,,,,,,,
"2065380","48fa29ff28caae2c2b08aad65ffb7d0cd1dd64e4ff76ef03c76b729404b6b1019303cd1a048902ed9f681c7257e197ce94f16e450ae577a29a2e51da88a3441d","2025-05-18T01:10:00.000","3","PARKED",,"1968852",,"AUDI","OTHER (EXPLAIN IN NARRATIVE)","IL","2018","NONE","SPORT UTILITY VEHICLE (SUV)","NOT IN USE","W","STRAIGHT AHEAD",,,"0",,,,,"Y",,,,,,,,,"Y","Y","Y",,"FRONT",,,,,,,,,,,,,,,,,,,,,,,,,,,,,,,,,
"2065383","e2b19d59d4561ab2824ae55b5d74e503e11f37faa2ef4c3eb84a0d752b973376a8523ca9817c58fd609131741011bc7032dcca13e7a49b5a7b4e5635e7e59ec6","2025-05-18T01:10:00.000","1","DRIVER",,"1968845",,"UNKNOWN","OTHER (EXPLAIN IN NARRATIVE)",,,"UNKNOWN","SPORT UTILITY VEHICLE (SUV)","PERSONAL","W","PASSING/OVERTAKING",,,"1",,,,,,,,,,,,,,,"Y",,"Y","UNKNOWN",,,,,,,,,,,,,,,,,,,,,,,,,,,,,,,,,
"2065384","e2b19d59d4561ab2824ae55b5d74e503e11f37faa2ef4c3eb84a0d752b973376a8523ca9817c58fd609131741011bc7032dcca13e7a49b5a7b4e5635e7e59ec6","2025-05-18T01:10:00.000","2","DRIVER",,"1968853",,"DODGE","DURANGO","IL","2021","NONE","SPORT UTILITY VEHICLE (SUV)","PERSONAL","W","STRAIGHT AHEAD",,,"1",,,,,"Y","Y","Y","Y","Y",,,,,,,,,"SIDE-RIGHT",,,,,,,,,,,,,,,,,,,,,,,,,,,,,,,,,
"2065385","da2c805f106e13cf53057135fa116528c23a4bce3eb158f331ceb30f959b4a41a81a946fa5b8b1bf123e2a9c667d08b512de097fa0e07fc1d39106cbaf6b71df","2025-05-18T00:52:00.000","1","DRIVER",,"1968847",,"KIA","OPTIMA / K5","IL","2018","UNKNOWN","PASSENGER","PERSONAL","S","STRAIGHT AHEAD",,,"1",,,,,"Y",,,,"Y",,,,,,,"Y",,"FRONT-RIGHT-CORNER",,,,,,,,,,,,,,,,,,,,,,,,,,,,,,,,,
"2065386","da2c805f106e13cf53057135fa116528c23a4bce3eb158f331ceb30f959b4a41a81a946fa5b8b1bf123e2a9c667d08b512de097fa0e07fc1d39106cbaf6b71df","2025-05-18T00:52:00.000","2","PARKED",,"1968864",,"BUICK","ENCORE","IL","2014","NONE","PASSENGER","PERSONAL","S","PARKED",,,"0",,,,,,,,,,,"Y","Y","Y","Y",,,,"REAR-LEFT-CORNER",,,,,,,,,,,,,,,,,,,,,,,,,,,,,,,,,
"2065399","5421b6cac951f2c7b06a9fe67b494d0e380b85a47dffeed420bc644c3a32c2c67f42d3d28d7ec2d32323f440b046f580736a8b1c82243ab2adc04353f54b635d","2025-05-18T00:05:00.000","1","DRIVER",,"1968858",,"UNKNOWN","OTHER (EXPLAIN IN NARRATIVE)",,,"UNKNOWN","UNKNOWN/NA","UNKNOWN/NA","N","PASSING/OVERTAKING",,,"1",,,,,,,,,,,,,,,,,"Y","UNKNOWN",,,,,,,,,,,,,,,,,,,,,,,,,,,,,,,,,
"2065402","5421b6cac951f2c7b06a9fe67b494d0e380b85a47dffeed420bc644c3a32c2c67f42d3d28d7ec2d32323f440b046f580736a8b1c82243ab2adc04353f54b635d","2025-05-18T00:05:00.000","2","DRIVER",,"1968861",,"LINCOLN","MKZ","IL","2016","NONE","PASSENGER","PERSONAL","N","STRAIGHT AHEAD","Y",,"1",,"private tow","5531 w.25th st cicero il 60804",,,,,,,,,,,"Y","Y",,,"FRONT-LEFT-CORNER",,,,,,,,,,,,,,,,,,,,,,,,,,,,,,,,,
"2065370","d7d4461a96d45dd4a5be92a86a2f8c0cad7b6cae1ecfa71d0018209e425ec071002bfa30d830209892f2c67323820a0b15502db91ff388365d4d4310995e33a6","2025-05-17T23:51:00.000","1","DRIVER",,"1968831",,"NISSAN","ALTIMA","IL","2006","UNKNOWN","PASSENGER","PERSONAL","S","STRAIGHT AHEAD","Y",,"1",,"CPD",,,"Y","Y","Y",,,,,,"Y","Y","Y","Y",,"FRONT",,,,,,,,,,,,,,,,,,,,,,,,,,,,,,,,,
"2065371","d7d4461a96d45dd4a5be92a86a2f8c0cad7b6cae1ecfa71d0018209e425ec071002bfa30d830209892f2c67323820a0b15502db91ff388365d4d4310995e33a6","2025-05-17T23:51:00.000","2","DRIVER",,"1968834",,"TOYOTA","CAMRY","IL","2014","NONE","PASSENGER","PERSONAL","N","STRAIGHT AHEAD",,,"1",,,,,"Y","Y","Y",,,,,,"Y","Y","Y","Y",,"FRONT",,,,,,,,,,,,,,,,,,,,,,,,,,,,,,,,,
"2065362","7a97e9af690d6e57c941a8adbb21e72ab42e1f11bd973a5c61470f4acca3aa9ea067fc35e86f4d84d2ed2a3f45748611b2f2a2fc98657ccccf80f21bad66efe4","2025-05-17T23:50:00.000","1","DRIVER",,"1968823",,"BMW","X3","IL","2017","NONE","SPORT UTILITY VEHICLE (SUV)","OTHER","S","CHANGING LANES",,,"1",,,,,,,,,,,,"Y","Y","Y",,,,"SIDE-LEFT-FRONT",,,,,,,,,,,,,,,,,,,,,,,,,,,,,,,,,
"2065363","7a97e9af690d6e57c941a8adbb21e72ab42e1f11bd973a5c61470f4acca3aa9ea067fc35e86f4d84d2ed2a3f45748611b2f2a2fc98657ccccf80f21bad66efe4","2025-05-17T23:50:00.000","2","DRIVER",,"1968829",,"KIA","OTHER (EXPLAIN IN NARRATIVE)","IL",,"UNKNOWN","SPORT UTILITY VEHICLE (SUV)","UNKNOWN/NA","S","STRAIGHT AHEAD",,,"1",,,,,"Y","Y",,,,,,,,,,,,"FRONT-RIGHT-CORNER",,,,,,,,,,,,,,,,,,,,,,,,,,,,,,,,,
"2065366","94acb17136c38bc3af06bf2605813aa3c9111e86617d24777bc60e30de55beb000ba4fd7eea78e675346540cf883751f7adc2287809776424b856f44c57c2316","2025-05-17T23:40:00.000","1","DRIVER","1","1968832",,"KIA","RIO / K2","IL","2022","UNKNOWN","PASSENGER","UNKNOWN/NA","S","STRAIGHT AHEAD",,,"2",,,,,"Y","Y","Y","Y","Y",,,,,,,,,"SIDE-RIGHT",,,,,,,,,,,,,,,,,,,,,,,,,,,,,,,,,
"2065367","94acb17136c38bc3af06bf2605813aa3c9111e86617d24777bc60e30de55beb000ba4fd7eea78e675346540cf883751f7adc2287809776424b856f44c57c2316","2025-05-17T23:40:00.000","2","DRIVER",,"1968835",,"HONDA","HR-V","IL","2019","UNKNOWN","PASSENGER","UNKNOWN/NA","E","STRAIGHT AHEAD","Y",,"1",,,,,"Y",,,,,,,,,,"Y","Y",,"FRONT",,,,,,,,,,,,,,,,,,,,,,,,,,,,,,,,,
"2065368","94acb17136c38bc3af06bf2605813aa3c9111e86617d24777bc60e30de55beb000ba4fd7eea78e675346540cf883751f7adc2287809776424b856f44c57c2316","2025-05-17T23:40:00.000","3","DRIVER",,"1968837",,"HYUNDAI","SANTA FE","IL","2009","UNKNOWN","PASSENGER","UNKNOWN/NA","N","OTHER",,,"1",,,,,,,,,,,"Y","Y","Y","Y","Y",,,"SIDE-LEFT",,,,,,,,,,,,,,,,,,,,,,,,,,,,,,,,,
"2065704","1591afedc229f4bcc282b25cf35e27cfec87099874c504b40bb0086cf9656940d04163232bd21fa820ffc8a5fae46f77b3b890a7218fdf0023223a28c863da16","2025-05-17T23:30:00.000","1","DRIVER",,"1969150",,"UNKNOWN","OTHER (EXPLAIN IN NARRATIVE)",,,"UNKNOWN","UNKNOWN/NA","UNKNOWN/NA","UNKNOWN","UNKNOWN/NA",,,"1",,,,,,,,,,,,,,,,,"Y","UNKNOWN",,,,,,,,,,,,,,,,,,,,,,,,,,,,,,,,,
"2065705","1591afedc229f4bcc282b25cf35e27cfec87099874c504b40bb0086cf9656940d04163232bd21fa820ffc8a5fae46f77b3b890a7218fdf0023223a28c863da16","2025-05-17T23:30:00.000","2","PARKED",,"1969144",,"NISSAN","ROGUE","IL","2012","NONE","PASSENGER","PERSONAL","W","PARKED",,,"0",,,,,,,,,,,"Y","Y",,,,,,"UNKNOWN",,,,,,,,,,,,,,,,,,,,,,,,,,,,,,,,,
"2065360","b82b0d83288fe29df5b59561e0f1fe94fb632d08a2ce5c53679d863ae60d79c16f7150d0b54abc7f8f45f09f097fa1943ac5db1fc8baa4c3a3965aacb8f9f58f","2025-05-17T23:21:00.000","1","DRIVER","1","1968825",,"CHEVROLET","MALIBU","IN","2015","UNKNOWN","PASSENGER","PERSONAL","E","STRAIGHT AHEAD","Y",,"2",,"personal tow","personal tow",,"Y","Y",,,,,,,,,,,,"FRONT-RIGHT-CORNER",,,,,,,,,,,,,,,,,,,,,,,,,,,,,,,,,
"2065361","b82b0d83288fe29df5b59561e0f1fe94fb632d08a2ce5c53679d863ae60d79c16f7150d0b54abc7f8f45f09f097fa1943ac5db1fc8baa4c3a3965aacb8f9f58f","2025-05-17T23:21:00.000","2","DRIVER",,"1968828",,"HONDA","OTHER (EXPLAIN IN NARRATIVE)","IL","2020","UNKNOWN","PASSENGER","PERSONAL","E","STRAIGHT AHEAD","Y",,"1",,"personal tow","personal tow",,,,,,,,,,,"Y","Y",,,"FRONT-LEFT-CORNER",,,,,,,,,,,,,,,,,,,,,,,,,,,,,,,,,
"2065376","c95f47902e683fff1739838f86810ed3429d27390ad733e761cc326d0ec3de13c27b2874a126a3104fe9b4f5cfae7eb120f426cedd018abc20b2f1c4a19e89a0","2025-05-17T23:00:00.000","1","DRIVER",,"1968839",,"DODGE","RAM 1500 PU","IL","2015","UNKNOWN","PICKUP","PERSONAL","S","STRAIGHT AHEAD",,,"1",,,,,,,,,,,,,,,,,"Y","FRONT",,,,,,,,,,,,,,,,,,,,,,,,,,,,,,,,,
"2065377","c95f47902e683fff1739838f86810ed3429d27390ad733e761cc326d0ec3de13c27b2874a126a3104fe9b4f5cfae7eb120f426cedd018abc20b2f1c4a19e89a0","2025-05-17T23:00:00.000","2","PARKED","3","1968842",,"BMW","320I","WI","2016","NONE","PASSENGER","PERSONAL","S","PARKED",,,"3",,,,,"Y",,,,,,,,"Y","Y","Y","Y",,"SIDE-LEFT",,,,,,,,,,,,,,,,,,,,,,,,,,,,,,,,,
"2065346","c82511cac04b5ec73e1be11e9d875a380382869aa6e2ce942cd2ebeff48b29cda18d80f858bb60e04d076d12e38075120570769fdc78a045bb1ac10f6ce62010","2025-05-17T22:55:00.000","1","DRIVER",,"1968808",,"FORD","OTHER (EXPLAIN IN NARRATIVE)","IL",,"UNKNOWN","PASSENGER","UNKNOWN/NA","SE","U-TURN",,,"1",,,,,,,,,,,,,,"Y",,,,"SIDE-LEFT",,,,,,,,,,,,,,,,,,,,,,,,,,,,,,,,,
"2065347","c82511cac04b5ec73e1be11e9d875a380382869aa6e2ce942cd2ebeff48b29cda18d80f858bb60e04d076d12e38075120570769fdc78a045bb1ac10f6ce62010","2025-05-17T22:55:00.000","2","DRIVER",,"1968809",,"CHEVROLET","TRAIL BLAZER","IL","2006","UNKNOWN","SPORT UTILITY VEHICLE (SUV)","PERSONAL","S","STRAIGHT AHEAD","Y",,"1",,"E&R TOW","UNKNOWN",,"Y",,,,,,,,,,,,,"FRONT-RIGHT-CORNER",,,,,,,,,,,,,,,,,,,,,,,,,,,,,,,,,
"2065381","4df6545e404be84cbbf0061b280fb131f09949daba19f019f680d7ab920f739b6889b7720739721d5514dd6fb0cfa75f012ef64105fe55f962d060e0a674d49c","2025-05-17T22:45:00.000","1","DRIVER",,"1968843",,"CHEVROLET","IMPALA","IL","2015","UNKNOWN","PASSENGER","PERSONAL","E","PASSING/OVERTAKING",,,"1",,,,,,,,,,,,"Y","Y",,,,,"SIDE-RIGHT",,,,,,,,,,,,,,,,,,,,,,,,,,,,,,,,,
"2065387","4df6545e404be84cbbf0061b280fb131f09949daba19f019f680d7ab920f739b6889b7720739721d5514dd6fb0cfa75f012ef64105fe55f962d060e0a674d49c","2025-05-17T22:45:00.000","2","DRIVER",,"1968855",,"INTERNATIONAL TRAILER CORPORATION","OTHER (EXPLAIN IN NARRATIVE)","IL","2013","NONE","UNKNOWN/NA","STATE OWNED","E","SLOW/STOP IN TRAFFIC","Y",,"1",,"City of Chicago","Chicago water management",,,"Y",,,,,,,,,,,,"SIDE-RIGHT",,,,,,,,,,,,,,,,,,,,,,,,,,,,,,,,,
"2065340","0f614625f16b2109dfa152283bc491e34a5226fb328a60cf2bed9d2a6ce11e83928b94deea83542fc56ed4b1629948b0da5e331cff9af86aa1a46feb5b5a0679","2025-05-17T22:41:00.000","1","DRIVER",,"1968800",,"UNKNOWN","OTHER (EXPLAIN IN NARRATIVE)",,,"UNKNOWN","PASSENGER","UNKNOWN/NA","W","UNKNOWN/NA",,,"1",,,,,,,,,,,,,,,,,,"UNKNOWN",,,,,,,,,,,,,,,,,,,,,,,,,,,,,,,,,
"2065341","0f614625f16b2109dfa152283bc491e34a5226fb328a60cf2bed9d2a6ce11e83928b94deea83542fc56ed4b1629948b0da5e331cff9af86aa1a46feb5b5a0679","2025-05-17T22:41:00.000","2","DRIVER",,"1968803",,"NOVA BUS","LFS","IL","2022","UNKNOWN","BUS OVER 15 PASS.","CTA","W","SLOW/STOP IN TRAFFIC",,,"1",,,,,,,,,,"Y","Y","Y",,,,,,"REAR-LEFT-CORNER",,,,,,,,,,,,,,,,,,,,,,,,,,,,,,,,,
"2065369","d41464dbdcee9d7908634a7a9aaaee47b6640bae812d0ffbeb4063681f896bed580dc65ce33a1748f2eb98e0709a0e7991eb170a98f4f4f8ddbe37e5310ec327","2025-05-17T22:40:00.000","1","DRIVER",,"1968833",,"UNKNOWN","OTHER (EXPLAIN IN NARRATIVE)","IL",,"UNKNOWN","PASSENGER","UNKNOWN/NA","E","UNKNOWN/NA","N",,"1",,,,,"N",,,,,,,,,,"Y",,,"FRONT-LEFT-CORNER",,,,,,,,,,,,,,,,,,,,,,,,,,,,,,,,,
"2065372","d41464dbdcee9d7908634a7a9aaaee47b6640bae812d0ffbeb4063681f896bed580dc65ce33a1748f2eb98e0709a0e7991eb170a98f4f4f8ddbe37e5310ec327","2025-05-17T22:40:00.000","2","PEDESTRIAN",,,,,,,,,,,,,,,,,,,,,,,,,,,,,,,,,,,,,,,,,,,,,,,,,,,,,,,,,,,,,,,,,,