"crash_unit_id","crash_record_id","crash_date","unit_no","unit_type","num_passengers","vehicle_id","cmrc_veh_i","make","model","lic_plate_state","vehicle_year","vehicle_defect","vehicle_type","vehicle_use","travel_direction","maneuver","towed_i","fire_i","occupant_cnt","exceed_speed_limit_i","towed_by","towed_to","area_00_i","area_01_i","area_02_i","area_03_i","area_04_i","area_05_i","area_06_i","area_07_i","area_08_i","area_09_i","area_10_i","area_11_i","area_12_i","area_99_i","first_contact_point","cmv_id","usdot_no","ccmc_no","ilcc_no","commercial_src","gvwr","carrier_name","carrier_state","carrier_city","hazmat_placards_i","hazmat_name","un_no","hazmat_present_i","hazmat_report_i","hazmat_report_no","mcs_report_i","mcs_report_no","hazmat_vio_cause_crash_i","mcs_vio_cause_crash_i","idot_permit_no","wide_load_i","trailer1_width","trailer2_width","trailer1_length","trailer2_length","total_vehicle_length","axle_cnt","vehicle_config","cargo_body_type","load_type","hazmat_out_of_service_i","mcs_out_of_service_i","hazmat_class"
"2065531","2057cc87777849ed2940fbd6a56737c9d7763a1cc4360a0926301c7453c574241ae12fa880d62fcc171f9af29dc3d95d52c507e70b270c59dc9bbe28528797b1","2025-05-17T22:30:00.000","1","DRIVER",,"1968980",,"UNKNOWN","OTHER (EXPLAIN IN NARRATIVE)","IL","9999","UNKNOWN","OTHER","UNKNOWN/NA","UNKNOWN","UNKNOWN/NA",,,"1",,,,,,,,,"Y",,,,,,,,"N","REAR",,,,,,,,,,,,,,,,,,,,,,,,,,,,,,,,,
"2065532","2057cc87777849ed2940fbd6a56737c9d7763a1cc4360a0926301c7453c574241ae12fa880d62fcc171f9af29dc3d95d52c507e70b270c59dc9bbe28528797b1","2025-05-17T22:30:00.000","2","PARKED",,"1968984",,"AUDI","Q8","IL","2021","NONE","SPORT UTILITY VEHICLE (SUV)","NOT IN USE","N","PARKED",,,"0",,,,,,,,,,,,,,,,"Y",,"FRONT",,,,,,,,,,,,,,,,,,,,,,,,,,,,,,,,,
"2065350","3cda31bc2d8fb0772acb19716bd07ebdf7c9b4705a2da370004c53d7937b311d528ce0f7462d5662c8a5179515d17801f178a27430b64c489341f9b1220f43af","2025-05-17T22:30:00.000","1","DRIVER",,"1968813",,"HYUNDAI","ELANTRA","IL","2015","NONE","PASSENGER","PERSONAL","N","PASSING/OVERTAKING",,,"1",,,,,,,,,,,,,,,,,"Y","SIDE-LEFT",,,,,,,,,,,,,,,,,,,,,,,,,,,,,,,,,
"2065351","3cda31bc2d8fb0772acb19716bd07ebdf7c9b4705a2da370004c53d7937b311d528ce0f7462d5662c8a5179515d17801f178a27430b64c489341f9b1220f43af","2025-05-17T22:30:00.000","2","DRIVER",,"1968818",,"ACURA","TLX","IL","2004","NONE","PASSENGER","PERSONAL","S","SLOW/STOP IN TRAFFIC",,,"1",,,,,,,,,,,"Y","Y","Y","Y","Y",,,"SIDE-LEFT",,,,,,,,,,,,,,,,,,,,,,,,,,,,,,,,,
"2065489","c49e6033b12bdac1678f8ec2966c0e896c077fc7582463686b6d764d40781711e67a2d25524a41d34d42c754624518a7408011ef5b5f04a30b2e277c8efcdb21","2025-05-17T22:30:00.000","1","DRIVER",,"1968949",,"HUMMER","H3","IL","2007","NONE","PASSENGER","TOW TRUCK","S","PASSING/OVERTAKING",,,"1",,,,,,,,,"Y",,,,,,,,,"SIDE-RIGHT-REAR",,,,,,,,,,,,,,,,,,,,,,,,,,,,,,,,,
"2065490","c49e6033b12bdac1678f8ec2966c0e896c077fc7582463686b6d764d40781711e67a2d25524a41d34d42c754624518a7408011ef5b5f04a30b2e277c8efcdb21","2025-05-17T22:30:00.000","2","DRIVER","1","1968962",,"CHEVROLET","TRAX","IL","2025","NONE","PASSENGER","PERSONAL","S","STRAIGHT AHEAD",,,"2",,,,,,,,,,,,,,,"Y",,,"FRONT-LEFT-CORNER",,,,,,,,,,,,,,,,,,,,,,,,,,,,,,,,,
"2065344","4c7c8f172c2f027f98daf2af00d3c05aa31cbe5453934f0655219004bde18dee2b00ded5ec2822300e286985aee7755789ad2a26b2922788fdcd63ecda826029","2025-05-17T22:05:00.000","1","DRIVER",,"1968810",,"HONDA","CR-V","IL","2017","UNKNOWN","SPORT UTILITY VEHICLE (SUV)","PERSONAL","N","STRAIGHT AHEAD",,,"1",,,,,,,,,,,,,,,,"Y",,"FRONT",,,,,,,,,,,,,,,,,,,,,,,,,,,,,,,,,
"2065345","4c7c8f172c2f027f98daf2af00d3c05aa31cbe5453934f0655219004bde18dee2b00ded5ec2822300e286985aee7755789ad2a26b2922788fdcd63ecda826029","2025-05-17T22:05:00.000","2","DRIVER",,"1968815",,"SUBARU","CROSSTREK","FL","2022","NONE","PASSENGER","PERSONAL","N","SLOW/STOP IN TRAFFIC",,,"1",,,,,,,,,,"Y",,,,,,,,"REAR",,,,,,,,,,,,,,,,,,,,,,,,,,,,,,,,,
"2065712","7cade577c944f250ee0272fedd6f406da8a7b710e79c1e45d892eba6d6d8f50248ace0f05eac614bd1ce10e5d5e0d0374267c0103e865f0480dd2a13e56c0c77","2025-05-17T22:00:00.000","1","DRIVER",,"1969154",,"UNKNOWN","OTHER (EXPLAIN IN NARRATIVE)",,,"UNKNOWN","PASSENGER","UNKNOWN/NA","S","STRAIGHT AHEAD",,,"1",,,,,,,,,,,,,,,,,"Y","UNKNOWN",,,,,,,,,,,,,,,,,,,,,,,,,,,,,,,,,
"2065713","7cade577c944f250ee0272fedd6f406da8a7b710e79c1e45d892eba6d6d8f50248ace0f05eac614bd1ce10e5d5e0d0374267c0103e865f0480dd2a13e56c0c77","2025-05-17T22:00:00.000","2","DRIVER",,"1969158",,"ACURA","CL","IL","2017","UNKNOWN","PASSENGER","UNKNOWN/NA","W","STRAIGHT AHEAD",,,"1",,,,,,,,,,,,,,,,"Y",,"FRONT",,,,,,,,,,,,,,,,,,,,,,,,,,,,,,,,,
"2065348","c900d7fee64d0e5322226cb1b1728fe2ac04d8b7c2c5abb4727b885afe0bc464bbdd1b48c4de91d385c8a54c2715760c0d011957f10fce946cf16e5f9a8bc2b2","2025-05-17T22:00:00.000","1","DRIVER",,"1968812",,"CHEVROLET","TAHOE","IL","2024","UNKNOWN","UNKNOWN/NA","TAXI/FOR HIRE","S","PASSING/OVERTAKING",,,"1",,,,,,,,,,,,,,,,,"Y","UNKNOWN",,,,,,,,,,,,,,,,,,,,,,,,,,,,,,,,,
"2065349","c900d7fee64d0e5322226cb1b1728fe2ac04d8b7c2c5abb4727b885afe0bc464bbdd1b48c4de91d385c8a54c2715760c0d011957f10fce946cf16e5f9a8bc2b2","2025-05-17T22:00:00.000","2","DRIVER",,"1968819",,"NISSAN","VERSA","IL","2020","UNKNOWN","PASSENGER","PERSONAL","S","STRAIGHT AHEAD",,,"1",,,,,"Y","Y","Y",,,,,,,,,,,"SIDE-RIGHT",,,,,,,,,,,,,,,,,,,,,,,,,,,,,,,,,
"2065463","db75e676fe81dd2b52f239f1095e951a363c1c356fe67b1799a670425490c1ad3f973e70b863db94925430ec8d33fab33b36ad73ee9253a724b882f8d6e5025f","2025-05-17T22:00:00.000","1","DRIVER",,"1968920",,"TESLA","MODEL S","IL","2016","UNKNOWN","PASSENGER","UNKNOWN/NA","S","STRAIGHT AHEAD",,,"1",,,,,,,,,,,,,,,"Y","Y",,"FRONT-LEFT-CORNER",,,,,,,,,,,,,,,,,,,,,,,,,,,,,,,,,
"2065311","f4198cf48864b7bdbc2974cac21972a02873be44ca98767b19927a8b143cd976be189800468483caa5c650e8b8480ae5787f0f856f99a27ff5233b0be045fe4a","2025-05-17T21:46:00.000","1","DRIVER",,"1968773",,"UNKNOWN","MOTORIZED",,,"UNKNOWN","PASSENGER","UNKNOWN/NA","E","STRAIGHT AHEAD",,,"1",,,,,,,,,,,,,,,,,,"UNKNOWN",,,,,,,,,,,,,,,,,,,,,,,,,,,,,,,,,
"2065312","f4198cf48864b7bdbc2974cac21972a02873be44ca98767b19927a8b143cd976be189800468483caa5c650e8b8480ae5787f0f856f99a27ff5233b0be045fe4a","2025-05-17T21:46:00.000","2","PEDESTRIAN",,,,,,,,,,,,,,,,,,,,,,,,,,,,,,,,,,,,,,,,,,,,,,,,,,,,,,,,,,,,,,,,,,
"2065559","546079033f2c4897a4c8b4a261075b279022b8e7afa63cfd0599a3f735667bec3a100445489d00f4a40378fc8f932c622fcb87035c8046060caec8b1a9d66564","2025-05-17T21:39:00.000","1","DRIVER",,"1969151",,"NISSAN","ALTIMA","XX",,"UNKNOWN","PASSENGER","UNKNOWN/NA","S","STRAIGHT AHEAD",,,"1",,,,,,,,,,,,,,,,"Y",,"FRONT",,,,,,,,,,,,,,,,,,,,,,,,,,,,,,,,,
"2065560","546079033f2c4897a4c8b4a261075b279022b8e7afa63cfd0599a3f735667bec3a100445489d00f4a40378fc8f932c622fcb87035c8046060caec8b1a9d66564","2025-05-17T21:39:00.000","2","DRIVER",,"1969152",,"FORD","FOCUS","IL","2012","NONE","PASSENGER","PERSONAL","S","SLOW/STOP IN TRAFFIC",,,"1",,,,,,,,,,"Y",,,,,,,,"REAR",,,,,,,,,,,,,,,,,,,,,,,,,,,,,,,,,
"2065615","10e519705291dd1a9ae93fa77a35516e6b8db757d39e8df467ec5bb0e677bb30a490491324d16ae2c0bfe3e47cfafba441879554e9deb4c1e562be774f6fe256","2025-05-17T21:30:00.000","1","DRIVER",,"1969062",,"HYUNDAI","TUCSON","IL","2016","UNKNOWN","SPORT UTILITY VEHICLE (SUV)","PERSONAL","UNKNOWN","BACKING",,,"1",,,,,,,,,,,,,,,,,"Y","REAR",,,,,,,,,,,,,,,,,,,,,,,,,,,,,,,,,
"2065616","10e519705291dd1a9ae93fa77a35516e6b8db757d39e8df467ec5bb0e677bb30a490491324d16ae2c0bfe3e47cfafba441879554e9deb4c1e562be774f6fe256","2025-05-17T21:30:00.000","2","DRIVER","1","1969050",,"TESLA","MODEL Y","IL","2023","UNKNOWN","SPORT UTILITY VEHICLE (SUV)","PERSONAL","UNKNOWN","LEAVING TRAFFIC LANE TO PARK",,,"2",,,,,,,,,,,,,"Y","Y",,,,"SIDE-LEFT",,,,,,,,,,,,,,,,,,,,,,,,,,,,,,,,,
"2065332","caa0c1862c6731f87f073ea8c9c2e9379a42beda4b604df4b3707e11fe246d9c23ca4818ac8cdbc9b0076e82b133fa2efc5db9f118ca9441ee8aa31060af652c","2025-05-17T21:30:00.000","1","DRIVER","1","1968796",,"ACURA","ADX","MI","2014","NONE","PASSENGER","PERSONAL","NW","TURNING LEFT",,,"2",,,,,,,,,,,,"Y","Y",,,,,"SIDE-LEFT",,,,,,,,,,,,,,,,,,,,,,,,,,,,,,,,,
"2065333","caa0c1862c6731f87f073ea8c9c2e9379a42beda4b604df4b3707e11fe246d9c23ca4818ac8cdbc9b0076e82b133fa2efc5db9f118ca9441ee8aa31060af652c","2025-05-17T21:30:00.000","2","DRIVER",,"1968802",,"NISSAN","SENTRA","IL","2018","NONE","PASSENGER","PERSONAL","N","STRAIGHT AHEAD",,,"1",,,,,"Y",,,,,,,,,,,"Y",,"FRONT-RIGHT-CORNER",,,,,,,,,,,,,,,,,,,,,,,,,,,,,,,,,
"2065330","5270c084581221b0c7dd761a8e8b7080035dc2f277a77fe0959c5d7e9b9909918d9d249ed6233082ca6a6e85af634e0144558ec63a75d2855db90c87aab4fb79","2025-05-17T21:29:00.000","1","BICYCLE",,,,,,,,,,,,,,,,,,,,,,,,,,,,,,,,,,,,,,,,,,,,,,,,,,,,,,,,,,,,,,,,,,
"2065331","5270c084581221b0c7dd761a8e8b7080035dc2f277a77fe0959c5d7e9b9909918d9d249ed6233082ca6a6e85af634e0144558ec63a75d2855db90c87aab4fb79","2025-05-17T21:29:00.000","2","DRIVER","2","1968795",,"KIA","OPTIMA / K5","IL","2025","NONE","PASSENGER","PERSONAL","E","STRAIGHT AHEAD",,,"3",,,,,"N","Y","Y","Y",,,,,,,,,,"SIDE-RIGHT-FRONT",,,,,,,,,,,,,,,,,,,,,,,,,,,,,,,,,
"2065323","ee8f2661dbae8d37eec587d4e91dea88ae2fcb8fdb6cf8842206f0552c17ccae520365bdd8a096baf28efeb197eb5836c17fe7d6008275806914f7802ecc43e7","2025-05-17T21:15:00.000","1","DRIVER",,"1968779",,"UNKNOWN","OTHER (EXPLAIN IN NARRATIVE)",,,"UNKNOWN","UNKNOWN/NA","UNKNOWN/NA","UNKNOWN","UNKNOWN/NA",,,"1",,,,,,,,,,,,,,,,,,"UNKNOWN",,,,,,,,,,,,,,,,,,,,,,,,,,,,,,,,,
"2065324","ee8f2661dbae8d37eec587d4e91dea88ae2fcb8fdb6cf8842206f0552c17ccae520365bdd8a096baf28efeb197eb5836c17fe7d6008275806914f7802ecc43e7","2025-05-17T21:15:00.000","2","PARKED",,"1968782",,"HYUNDAI","OTHER (EXPLAIN IN NARRATIVE)","IL","2013","UNKNOWN","PASSENGER","NOT IN USE","W","PARKED",,,"0",,,,,,,,,"Y",,,,,,,,,"REAR",,,,,,,,,,,,,,,,,,,,,,,,,,,,,,,,,
"2065296","23ebd3c46f64d8fcf5035af1e08ae586d731fb1aab69e70fd800ed4ee4ddd5fed349394a2af58fc5ae76409ab3d9fbc248ff9a4c9e5377e3755b0ef5c9efa668","2025-05-17T21:00:00.000","1","DRIVER",,"1968764",,"CHEVROLET","OTHER (EXPLAIN IN NARRATIVE)","IL","2010","UNKNOWN","OTHER","UNKNOWN/NA","UNKNOWN","UNKNOWN/NA",,,"1",,,,,,,,,,,,,,,,,"Y","UNKNOWN",,,,,,,,,,,,,,,,,,,,,,,,,,,,,,,,,
"2065297","23ebd3c46f64d8fcf5035af1e08ae586d731fb1aab69e70fd800ed4ee4ddd5fed349394a2af58fc5ae76409ab3d9fbc248ff9a4c9e5377e3755b0ef5c9efa668","2025-05-17T21:00:00.000","2","DRIVER",,"1968767",,"KIA","RIO / K2","IL","2020","NONE","PASSENGER","PERSONAL","W","CHANGING LANES",,,"1",,,,,,,,,,,,,,"Y","Y",,,"SIDE-LEFT",,,,,,,,,,,,,,,,,,,,,,,,,,,,,,,,,
"2065294","3ab3bef7633a61bf705a34ab98f3661d3e3f50373ae9ebc3e55a37dba95539c86c5125a5719d9e94532a625e659fdfe5c5bb47de45ec72ccbdeeeecf88960530","2025-05-17T21:00:00.000","1","DRIVER",,"1968761",,"TOYOTA","HIGHLANDER","IL","2022","NONE","SPORT UTILITY VEHICLE (SUV)","PERSONAL","E","STRAIGHT AHEAD",,,"1",,,,,,,,,,,,,,,"Y","Y",,"FRONT-LEFT-CORNER",,,,,,,,,,,,,,,,,,,,,,,,,,,,,,,,,
"2065295","3ab3bef7633a61bf705a34ab98f3661d3e3f50373ae9ebc3e55a37dba95539c86c5125a5719d9e94532a625e659fdfe5c5bb47de45ec72ccbdeeeecf88960530","2025-05-17T21:00:00.000","2","DRIVER","1","1968766",,"INFINITI","QX60","IL","2015","NONE","SPORT UTILITY VEHICLE (SUV)","PERSONAL","S","STRAIGHT AHEAD",,,"2",,,,,"Y","Y",,,,,,,,,,,,"SIDE-RIGHT",,,,,,,,,,,,,,,,,,,,,,,,,,,,,,,,,
"2065309","8c083ea41547c75558a37cc95623a2bc769ff01a0342b5ee5117bbff312e8af86e7fdac642b1bd9a8763b909e4daa2e9a2d5080318089a1bfa63e40372fbfa67","2025-05-17T21:00:00.000","1","DRIVER",,"1968776",,"HONDA","ODYSSEY","IL","2014","NONE","PASSENGER","PERSONAL","N","PASSING/OVERTAKING",,,"1",,,,,"Y","N","N","N",,,,,,,,,,"SIDE-RIGHT-FRONT",,,,,,,,,,,,,,,,,,,,,,,,,,,,,,,,,
"2065310","8c083ea41547c75558a37cc95623a2bc769ff01a0342b5ee5117bbff312e8af86e7fdac642b1bd9a8763b909e4daa2e9a2d5080318089a1bfa63e40372fbfa67","2025-05-17T21:00:00.000","2","DRIVER",,"1968785",,"TOYOTA","RAV4","IL","2025","NONE","PASSENGER","RIDESHARE SERVICE","N","STRAIGHT AHEAD",,,"1",,,,,,,,,,,,"Y",,"Y","Y",,,"SIDE-LEFT",,,,,,,,,,,,,,,,,,,,,,,,,,,,,,,,,
"2065828","c7788b8321895f75294efff0937a2058936b0b27ae92ec9d76f9687fd6150e34f11a5cb0e9b8bbccab483acb68754e1bec4b18250a780548a87a91d3650db55d","2025-05-17T21:00:00.000","1","DRIVER",,"1969260",,"UNKNOWN","OTHER (EXPLAIN IN NARRATIVE)",,,"UNKNOWN","UNKNOWN/NA","UNKNOWN/NA","UNKNOWN","UNKNOWN/NA",,,"1",,,,,,,,,,,,,,,,,,"UNKNOWN",,,,,,,,,,,,,,,,,,,,,,,,,,,,,,,,,
"2065829","c7788b8321895f75294efff0937a2058936b0b27ae92ec9d76f9687fd6150e34f11a5cb0e9b8bbccab483acb68754e1bec4b18250a780548a87a91d3650db55d","2025-05-17T21:00:00.000","2","PARKED",,"1969264",,"LEXUS","ES300","IL","1999","NONE","UNKNOWN/NA","UNKNOWN/NA","S","PARKED",,,"0",,,,,,,,,,,,,,,,"Y",,"FRONT",,,,,,,,,,,,,,,,,,,,,,,,,,,,,,,,,
"2065326","e7ebf36b42512ebb1a3a34bc0e11050779d296aab28ba2245edbbf3c0bcdd6bdade32f434810e4edbffd32fad884d42822fd3904afed1e6e63fd9434812a3666","2025-05-17T21:00:00.000","1","DRIVER","1","1968783",,"FORD","EDGE","IN","2017","UNKNOWN","UNKNOWN/NA","UNKNOWN/NA","E","BACKING",,,"2",,,,,,,,,,,,,,,,,"Y","UNKNOWN",,,,,,,,,,,,,,,,,,,,,,,,,,,,,,,,,
"2065327","e7ebf36b42512ebb1a3a34bc0e11050779d296aab28ba2245edbbf3c0bcdd6bdade32f434810e4edbffd32fad884d42822fd3904afed1e6e63fd9434812a3666","2025-05-17T21:00:00.000","2","PARKED",,"1968788",,"TOYOTA","COROLLA","TN",,"NONE","PASSENGER","PERSONAL","W","PARKED",,,"0",,,,,,,,,"Y",,,,,,,,,"REAR-RIGHT-CORNER",,,,,,,,,,,,,,,,,,,,,,,,,,,,,,,,,
"2065328","7208191eb4068144a7e75a93625d7aec69134d1ad0cdadd14a2bad2de7e67f126c725a26826de078cd9bfe1139044ac6e39b435ca18c8d956fbee06ddc8985dc","2025-05-17T20:58:00.000","1","DRIVER",,"1968811",,"HYUNDAI","SONATA","IL","2009","UNKNOWN","PASSENGER","PERSONAL","S","STRAIGHT AHEAD","Y",,"1",,"HERRERA'S TOWING","127 137TH ST HAMMOND, IN",,"Y","Y",,,,,"Y",,,,"Y","Y",,"FRONT-RIGHT-CORNER",,,,,,,,,,,,,,,,,,,,,,,,,,,,,,,,,
"2065342","26901cb580449497bb908636cc9818efcad49078a4ce9fd53affd1a5a428c99a14f61d8b7a221fd567021c5a50971944ff20229474298851092a6e1e272b7e2b","2025-05-17T20:45:00.000","1","DRIVER",,"1968806",,"DODGE","NITRO","IL","2007","NONE","PICKUP","PERSONAL","N","STRAIGHT AHEAD",,,"1",,,,,,,,,"Y","Y","Y",,,,,,,"TOTAL (ALL AREAS)",,,,,,,,,,,,,,,,,,,,,,,,,,,,,,,,,
"2065343","26901cb580449497bb908636cc9818efcad49078a4ce9fd53affd1a5a428c99a14f61d8b7a221fd567021c5a50971944ff20229474298851092a6e1e272b7e2b","2025-05-17T20:45:00.000","2","PARKED",,"1968807",,"UNKNOWN","OTHER (EXPLAIN IN NARRATIVE)","IL","2023","NONE","OTHER","PERSONAL","N","PARKED",,,"0",,,,,,,,,,"Y","Y",,,,,,,"REAR-LEFT-CORNER",,,,,,,,,,,,,,,,,,,,,,,,,,,,,,,,,
"2065354","8578e4e0b369df3596827e246abcda5c1955b86be55c1cb0a02fa77169868b55adddf120dc6c9f153617ae6ed09a609f892d9df48d18f188e56407a1d3da3d43","2025-05-17T20:42:00.000","1","DRIVER",,"1968816",,"UNKNOWN","OTHER (EXPLAIN IN NARRATIVE)","IL",,"UNKNOWN","UNKNOWN/NA","UNKNOWN/NA","UNKNOWN","UNKNOWN/NA",,,"1",,,,,,,,,,,,,,,,,,"UNKNOWN",,,,,,,,,,,,,,,,,,,,,,,,,,,,,,,,,
"2065355","8578e4e0b369df3596827e246abcda5c1955b86be55c1cb0a02fa77169868b55adddf120dc6c9f153617ae6ed09a609f892d9df48d18f188e56407a1d3da3d43","2025-05-17T20:42:00.000","2","PARKED",,"1968817",,"MERCEDES-BENZ","OTHER (EXPLAIN IN NARRATIVE)","IL","2023","NONE","PASSENGER","PERSONAL","UNKNOWN","PARKED",,,"0",,,,,,,,,,,,,,,"Y","Y",,"FRONT-LEFT-CORNER",,,,,,,,,,,,,,,,,,,,,,,,,,,,,,,,,
"2065736","dea536b44ab4df146e0179ab0168bf6f1e1655a2bcad5dcad303a0417739359a408e2f3a42c533cb3315490b9bc0fb23d0a121d06d0e32c3ebc4e8e2520c3f00","2025-05-17T20:37:00.000","1","DRIVER",,"1969178",,"HONDA","ODYSSEY","IL","2010","UNKNOWN","VAN/MINI-VAN","PERSONAL","N","PASSING/OVERTAKING",,,"1",,,,,"Y",,,,,,,,,,"Y","Y",,"SIDE-RIGHT-FRONT",,,,,,,,,,,,,,,,,,,,,,,,,,,,,,,,,
"2065737","dea536b44ab4df146e0179ab0168bf6f1e1655a2bcad5dcad303a0417739359a408e2f3a42c533cb3315490b9bc0fb23d0a121d06d0e32c3ebc4e8e2520c3f00","2025-05-17T20:37:00.000","2","DRIVER",,"1969183",,"TESLA","MODEL 3","IL","2024","UNKNOWN","PASSENGER","PERSONAL","N","STRAIGHT AHEAD",,,"1",,,,,,,,,,,"Y","Y",,,,,,"SIDE-LEFT-REAR",,,,,,,,,,,,,,,,,,,,,,,,,,,,,,,,,
"2065957","c1218c0f24054e4d3b35588729804bce557c2d919d2cf0d47d178869c85eff06c0263a447d3d9835165224391d7699cbb1c0fa9127f58210f9093d6b8174ac8b","2025-05-17T20:35:00.000","1","DRIVER",,"1969385",,"TOYOTA","PRIUS","IL",,"UNKNOWN","PASSENGER","RIDESHARE SERVICE","S","SLOW/STOP IN TRAFFIC",,,"1",,,,,"N",,,,,"Y",,,,,,,,"REAR",,,,,,,,,,,,,,,,,,,,,,,,,,,,,,,,,
"2065958","c1218c0f24054e4d3b35588729804bce557c2d919d2cf0d47d178869c85eff06c0263a447d3d9835165224391d7699cbb1c0fa9127f58210f9093d6b8174ac8b","2025-05-17T20:35:00.000","2","DRIVER",,"1969387",,"GENERAL MOTORS CORPORATION (GMC)","ACADIA",,,"UNKNOWN","SPORT UTILITY VEHICLE (SUV)","RIDESHARE SERVICE","N","OTHER",,,"1",,,,,"Y",,,,,,,,,,,,,"FRONT-RIGHT-CORNER",,,,,,,,,,,,,,,,,,,,,,,,,,,,,,,,,
"2065292","4473a4b81099f18fe0eb2cc936d3b54fa8efd21d95ca60ec4504ce9789b28c521a095a0b7d28f3d4cab526fe51cb921f78b28099d13aa2d0c2584d0997ade071","2025-05-17T20:30:00.000","1","DRIVER",,"1968763",,"TOYOTA","OTHER (EXPLAIN IN NARRATIVE)","IL","2014","NONE","PASSENGER","PERSONAL","N","CHANGING LANES",,,"1",,,,,,"Y","Y","Y",,,,,,,,,,"SIDE-RIGHT",,,,,,,,,,,,,,,,,,,,,,,,,,,,,,,,,
"2065293","4473a4b81099f18fe0eb2cc936d3b54fa8efd21d95ca60ec4504ce9789b28c521a095a0b7d28f3d4cab526fe51cb921f78b28099d13aa2d0c2584d0997ade071","2025-05-17T20:30:00.000","2","DRIVER",,"1968771",,"TOYOTA","OTHER (EXPLAIN IN NARRATIVE)","IL","2025","NONE","PASSENGER","PERSONAL","N","SLOW/STOP IN TRAFFIC",,,"1",,,,,,,,,,,,,,,"Y",,,"FRONT-LEFT-CORNER",,,,,,,,,,,,,,,,,,,,,,,,,,,,,,,,,
"2065338","8e4ee943acd62220d781c5046daf085d5ff275b365fc5a7b280b355f4992254fcd786e6dee90fb062d9868093a73740536d31dde4984ff3f08aaee9a47a0e70d","2025-05-17T20:30:00.000","1","DRIVER",,"1968804",,"DODGE","NITRO","IL","2007","UNKNOWN","UNKNOWN/NA","UNKNOWN/NA","N","UNKNOWN/NA",,,"1",,,,,,,,,,,"Y","Y","Y","Y","Y",,,"SIDE-LEFT",,,,,,,,,,,,,,,,,,,,,,,,,,,,,,,,,
"2065339","8e4ee943acd62220d781c5046daf085d5ff275b365fc5a7b280b355f4992254fcd786e6dee90fb062d9868093a73740536d31dde4984ff3f08aaee9a47a0e70d","2025-05-17T20:30:00.000","2","PARKED",,"1968805",,"HYUNDAI","SONATA","IL","2014","NONE","UNKNOWN/NA","NOT IN USE","N","PARKED",,,"0",,,,,"Y","Y","Y","Y","Y",,,,,,,,,"SIDE-RIGHT",,,,,,,,,,,,,,,,,,,,,,,,,,,,,,,,,
"2065290","aa1eb342e9657b67f52d78db31fb7872b0fe6f5665ea7085d0bf99edad55e64ded3d580895079f727e89a24f76efa1e104e416ef199db3d5083c5a1d349c6108","2025-05-17T20:29:00.000","1","DRIVER",,"1968758",,"CHEVROLET","OTHER (EXPLAIN IN NARRATIVE)","IL","2009","UNKNOWN","PICKUP","PERSONAL","N","AVOIDING VEHICLES/OBJECTS","Y",,"1",,"PRIVATE TOW",,,"Y",,,,,,,,,"Y","Y","Y",,"FRONT-LEFT-CORNER",,,,,,,,,,,,,,,,,,,,,,,,,,,,,,,,,
"2065291","aa1eb342e9657b67f52d78db31fb7872b0fe6f5665ea7085d0bf99edad55e64ded3d580895079f727e89a24f76efa1e104e416ef199db3d5083c5a1d349c6108","2025-05-17T20:29:00.000","2","DRIVER",,"1968760",,"(UNLISTED CONSTRUCTION EQUIPMENT MAKE)","(UNLISTED CONSTRUCTION EQUIPMENT MAKE)","IL","2022","UNKNOWN","OTHER","FIRE","NE","TURNING RIGHT",,"N","1",,,,,,"Y","Y",,,,,,,,,,,"SIDE-RIGHT",,,,,,,,,,,,,,,,,,,,,,,,,,,,,,,,,
"2066387","83c59a9045faceb12091f1013272fdaef8e232e425b9d128242c92e74d1f981db5fae5998f7aa7e312d3a29068707dd71cf49f0bd7467d6edee70f01fa11ab44","2025-05-17T20:26:00.000","1","DRIVER",,"1969793",,"KIA","TELLURIDE","IL","2020","UNKNOWN","UNKNOWN/NA","UNKNOWN/NA","UNKNOWN","UNKNOWN/NA",,,"1",,,,,,,,,,,,,,,"N","Y",,"FRONT",,,,,,,,,,,,,,,,,,,,,,,,,,,,,,,,,
"2066388","83c59a9045faceb12091f1013272fdaef8e232e425b9d128242c92e74d1f981db5fae5998f7aa7e312d3a29068707dd71cf49f0bd7467d6edee70f01fa11ab44","2025-05-17T20:26:00.000","2","DRIVER",,"1969812",,"VOLKSWAGEN","TIGUAN",,"2022","UNKNOWN","UNKNOWN/NA","UNKNOWN/NA","UNKNOWN","UNKNOWN/NA",,,"1",,,,,,,,,,"Y",,,,,,,,"REAR",,,,,,,,,,,,,,,,,,,,,,,,,,,,,,,,,
"2065275","38d066c3c83c987c573fbf1d7047d0798e30372917bbca273a8c1071aceede07bdfb2cf76ec849994869a64b5f2c4607ac48c73f82f0034db957bc17feb6b610","2025-05-17T20:20:00.000","1","DRIVER",,"1968748",,"CHEVROLET","MALIBU","IL","2022","NONE","PASSENGER","PERSONAL","N","TURNING RIGHT","Y",,"1",,,,,"Y","Y",,,,,,,,"Y","Y","Y",,"FRONT",,,,,,,,,,,,,,,,,,,,,,,,,,,,,,,,,